ID,TERRITORY,TER_CODE,TOWN,DISTRICT,YEAR,MONTH,VALUE,VALUE_UNIT,VALUE_LABEL,DATATYPE,HISTCLASS1,HISTCLASS2,HISTCLASS3,HISTCLASS4,HISTCLASS5,HISTCLASS6,HISTCLASS7,HISTCLASS8,HISTCLASS9,HISTCLASS10,CLASS1,CLASS2,CLASS3,CLASS4,CLASS5,CLASS6,CLASS7,CLASS8,CLASS9,CLASS10,COMMENT_SOURCE,SOURCE,VOLUME,PAGE,NABORSHIK_ID,COMMENT_NABORSHIK,
1,Архангельская губерния,1795_01,.,.,1805,.,26772,рубли,.,4.01,рыболовные промыслы,на промыслы издерживается,.,.,.,.,.,,,,.,.,.,.,.,.,.,,,,.,"Зябловский Е. Статистическое описание Российской империи в ее нынешнем состоянии с предварительными понятиями о статистике с общим обозрением Европы в статистическом виде.  Издание второе. ЧАСТЫ IѴ и V. СПб, 1815.",с. 148,Korchmina,.,.,1795
2,Архангельская губерния,1795_01,.,.,1805,.,146470,рубли,.,4.01,рыболовные промыслы,выручается доходов,.,.,.,.,.,,,,.,.,.,.,.,.,.,,,,.,"Зябловский Е. Статистическое описание Российской империи в ее нынешнем состоянии с предварительными понятиями о статистике с общим обозрением Европы в статистическом виде.  Издание второе. ЧАСТЫ IѴ и V. СПб, 1815.",с. 148,Korchmina,.,.,1795
3,Владимирская губерния,1795_04,.,.,1805,.,4885,рубли,.,4.01,рыболовные промыслы,на промыслы издерживается,.,.,.,.,.,,,,.,.,.,.,.,.,.,,,,.,"Зябловский Е. Статистическое описание Российской империи в ее нынешнем состоянии с предварительными понятиями о статистике с общим обозрением Европы в статистическом виде.  Издание второе. ЧАСТЫ IѴ и V. СПб, 1815.",с. 157,Korchmina,.,.,1795
4,Владимирская губерния,1795_04,.,.,1805,.,18055,рубли,.,4.01,рыболовные промыслы,выручается доходов,.,.,.,.,.,,,,.,.,.,.,.,.,.,,,,.,"Зябловский Е. Статистическое описание Российской империи в ее нынешнем состоянии с предварительными понятиями о статистике с общим обозрением Европы в статистическом виде.  Издание второе. ЧАСТЫ IѴ и V. СПб, 1815.",с. 157,Korchmina,.,.,1795
43,Вологодская губерния,1795_06,.,.,1805,.,0,рубли,.,4.01,рыболовные промыслы,на промыслы издерживается,.,.,.,.,.,,,,.,.,.,.,.,.,.,,,,.,"Зябловский Е. Статистическое описание Российской империи в ее нынешнем состоянии с предварительными понятиями о статистике с общим обозрением Европы в статистическом виде.  Издание второе. ЧАСТЫ IѴ и V. СПб, 1815.",с. 154,Маркевич А.М.,в источнике пропуск предполагаем ноль,.,1795
44,Вологодская губерния,1795_06,.,.,1805,.,0,рубли,.,4.01,рыболовные промыслы,выручается доходов,.,.,.,.,.,,,,.,.,.,.,.,.,.,,,,.,"Зябловский Е. Статистическое описание Российской империи в ее нынешнем состоянии с предварительными понятиями о статистике с общим обозрением Европы в статистическом виде.  Издание второе. ЧАСТЫ IѴ и V. СПб, 1815.",с. 154,Маркевич А.М.,в источнике пропуск предполагаем ноль,.,1795
45,Воронежская губерния,1795_08,.,.,1805,.,0,рубли,.,4.01,рыболовные промыслы,на промыслы издерживается,.,.,.,.,.,,,,.,.,.,.,.,.,.,,,,.,"Зябловский Е. Статистическое описание Российской империи в ее нынешнем состоянии с предварительными понятиями о статистике с общим обозрением Европы в статистическом виде.  Издание второе. ЧАСТЫ IѴ и V. СПб, 1815.",с. 154,Маркевич А.М.,в источнике пропуск предполагаем ноль,.,1795
46,Воронежская губерния,1795_08,.,.,1805,.,0,рубли,.,4.01,рыболовные промыслы,выручается доходов,.,.,.,.,.,,,,.,.,.,.,.,.,.,,,,.,"Зябловский Е. Статистическое описание Российской империи в ее нынешнем состоянии с предварительными понятиями о статистике с общим обозрением Европы в статистическом виде.  Издание второе. ЧАСТЫ IѴ и V. СПб, 1815.",с. 154,Маркевич А.М.,в источнике пропуск предполагаем ноль,.,1795
47,Выборгская губерния,1795_09,.,.,1805,.,0,рубли,.,4.01,рыболовные промыслы,на промыслы издерживается,.,.,.,.,.,,,,.,.,.,.,.,.,.,,,,.,"Зябловский Е. Статистическое описание Российской империи в ее нынешнем состоянии с предварительными понятиями о статистике с общим обозрением Европы в статистическом виде.  Издание второе. ЧАСТЫ IѴ и V. СПб, 1815.",с. 154,Маркевич А.М.,в источнике пропуск предполагаем ноль,.,1795
48,Выборгская губерния,1795_09,.,.,1805,.,0,рубли,.,4.01,рыболовные промыслы,выручается доходов,.,.,.,.,.,,,,.,.,.,.,.,.,.,,,,.,"Зябловский Е. Статистическое описание Российской империи в ее нынешнем состоянии с предварительными понятиями о статистике с общим обозрением Европы в статистическом виде.  Издание второе. ЧАСТЫ IѴ и V. СПб, 1815.",с. 154,Маркевич А.М.,в источнике пропуск предполагаем ноль,.,1795
5,Вятская губерния,1795_10,.,.,1805,.,7700,рубли,.,4.01,рыболовные промыслы,на промыслы издерживается,.,.,.,.,.,,,,.,.,.,.,.,.,.,,,,.,"Зябловский Е. Статистическое описание Российской империи в ее нынешнем состоянии с предварительными понятиями о статистике с общим обозрением Европы в статистическом виде.  Издание второе. ЧАСТЫ IѴ и V. СПб, 1815.",с. 159,Korchmina,.,.,1795
6,Вятская губерния,1795_10,.,.,1805,.,18000,рубли,.,4.01,рыболовные промыслы,выручается доходов,.,.,.,.,.,,,,.,.,.,.,.,.,.,,,,.,"Зябловский Е. Статистическое описание Российской империи в ее нынешнем состоянии с предварительными понятиями о статистике с общим обозрением Европы в статистическом виде.  Издание второе. ЧАСТЫ IѴ и V. СПб, 1815.",с. 159,Korchmina,.,.,1795
49,Екатеринославское наместничество,1795_11,.,.,1805,.,0,рубли,.,4.01,рыболовные промыслы,на промыслы издерживается,.,.,.,.,.,,,,.,.,.,.,.,.,.,,,,.,"Зябловский Е. Статистическое описание Российской империи в ее нынешнем состоянии с предварительными понятиями о статистике с общим обозрением Европы в статистическом виде.  Издание второе. ЧАСТЫ IѴ и V. СПб, 1815.",с. 154,Маркевич А.М.,в источнике пропуск предполагаем ноль,.,1795
50,Екатеринославское наместничество,1795_11,.,.,1805,.,0,рубли,.,4.01,рыболовные промыслы,выручается доходов,.,.,.,.,.,,,,.,.,.,.,.,.,.,,,,.,"Зябловский Е. Статистическое описание Российской империи в ее нынешнем состоянии с предварительными понятиями о статистике с общим обозрением Европы в статистическом виде.  Издание второе. ЧАСТЫ IѴ и V. СПб, 1815.",с. 154,Маркевич А.М.,в источнике пропуск предполагаем ноль,.,1795
7,Земля войска Донского,1795_12,.,.,1805,.,200000,рубли,.,4.01,рыболовные промыслы,на промыслы издерживается,.,.,.,.,.,,,,.,.,.,.,.,.,.,,,,.,"Зябловский Е. Статистическое описание Российской империи в ее нынешнем состоянии с предварительными понятиями о статистике с общим обозрением Европы в статистическом виде.  Издание второе. ЧАСТЫ IѴ и V. СПб, 1815.",с. 151,Korchmina,.,.,1795
8,Земля войска Донского,1795_12,.,.,1805,.,500000,рубли,.,4.01,рыболовные промыслы,выручается доходов,.,.,.,.,.,,,,.,.,.,.,.,.,.,,,,.,"Зябловский Е. Статистическое описание Российской империи в ее нынешнем состоянии с предварительными понятиями о статистике с общим обозрением Европы в статистическом виде.  Издание второе. ЧАСТЫ IѴ и V. СПб, 1815.",с. 151,Korchmina,.,.,1795
9,Иркутская губерния,1795_13,.,.,1805,.,12357,рубли,.,4.01,рыболовные промыслы,на промыслы издерживается,.,.,.,.,.,,,,.,.,.,.,.,.,.,,,,.,"Зябловский Е. Статистическое описание Российской империи в ее нынешнем состоянии с предварительными понятиями о статистике с общим обозрением Европы в статистическом виде.  Издание второе. ЧАСТЫ IѴ и V. СПб, 1815.",с. 153,Korchmina,.,.,1795
10,Иркутская губерния,1795_13,.,.,1805,.,16620,рубли,.,4.01,рыболовные промыслы,выручается доходов,.,.,.,.,.,,,,.,.,.,.,.,.,.,,,,.,"Зябловский Е. Статистическое описание Российской империи в ее нынешнем состоянии с предварительными понятиями о статистике с общим обозрением Европы в статистическом виде.  Издание второе. ЧАСТЫ IѴ и V. СПб, 1815.",с. 153,Korchmina,.,.,1795
12,Кавказская область Астраханской губернии,1795_14,.,.,1805,.,120000,рубли,.,4.01,рыболовные промыслы,выручается доходов,.,.,.,.,.,,,,.,.,.,.,.,.,.,,,,.,"Зябловский Е. Статистическое описание Российской империи в ее нынешнем состоянии с предварительными понятиями о статистике с общим обозрением Европы в статистическом виде.  Издание второе. ЧАСТЫ IѴ и V. СПб, 1815.",с. 149,Korchmina,.,.,1795
11,Кавказская область Астраханской губернии,1795_14,.,.,1805,.,80000,рубли,.,4.01,рыболовные промыслы,на промыслы издерживается,.,.,.,.,.,,,,.,.,.,.,.,.,.,,,,.,"Зябловский Е. Статистическое описание Российской империи в ее нынешнем состоянии с предварительными понятиями о статистике с общим обозрением Европы в статистическом виде.  Издание второе. ЧАСТЫ IѴ и V. СПб, 1815.",с. 149,Korchmina,.,.,1795
13,Казанская губерния,1795_15,.,.,1805,.,28200,рубли,.,4.01,рыболовные промыслы,на промыслы издерживается,.,.,.,.,.,,,,.,.,.,.,.,.,.,,,,.,"Зябловский Е. Статистическое описание Российской империи в ее нынешнем состоянии с предварительными понятиями о статистике с общим обозрением Европы в статистическом виде.  Издание второе. ЧАСТЫ IѴ и V. СПб, 1815.",с. 155,Korchmina,.,.,1795
14,Казанская губерния,1795_15,.,.,1805,.,75500,рубли,.,4.01,рыболовные промыслы,выручается доходов,.,.,.,.,.,,,,.,.,.,.,.,.,.,,,,.,"Зябловский Е. Статистическое описание Российской империи в ее нынешнем состоянии с предварительными понятиями о статистике с общим обозрением Европы в статистическом виде.  Издание второе. ЧАСТЫ IѴ и V. СПб, 1815.",с. 155,Korchmina,.,.,1795
52,Калужская губерния,1795_16,.,.,1805,.,0,рубли,.,4.01,рыболовные промыслы,выручается доходов,.,.,.,.,.,,,,.,.,.,.,.,.,.,,,,.,"Зябловский Е. Статистическое описание Российской империи в ее нынешнем состоянии с предварительными понятиями о статистике с общим обозрением Европы в статистическом виде.  Издание второе. ЧАСТЫ IѴ и V. СПб, 1815.",с. 154,Маркевич А.М.,в источнике пропуск предполагаем ноль,.,1795
51,Калужская губерния,1795_16,.,.,1805,.,0,рубли,.,4.01,рыболовные промыслы,на промыслы издерживается,.,.,.,.,.,,,,.,.,.,.,.,.,.,,,,.,"Зябловский Е. Статистическое описание Российской империи в ее нынешнем состоянии с предварительными понятиями о статистике с общим обозрением Европы в статистическом виде.  Издание второе. ЧАСТЫ IѴ и V. СПб, 1815.",с. 154,Маркевич А.М.,в источнике пропуск предполагаем ноль,.,1795
53,Колыванская губерния,1795_18,.,.,1805,.,0,рубли,.,4.01,рыболовные промыслы,на промыслы издерживается,.,.,.,.,.,,,,.,.,.,.,.,.,.,,,,.,"Зябловский Е. Статистическое описание Российской империи в ее нынешнем состоянии с предварительными понятиями о статистике с общим обозрением Европы в статистическом виде.  Издание второе. ЧАСТЫ IѴ и V. СПб, 1815.",с. 154,Маркевич А.М.,в источнике пропуск предполагаем ноль,.,1795
54,Колыванская губерния,1795_18,.,.,1805,.,0,рубли,.,4.01,рыболовные промыслы,выручается доходов,.,.,.,.,.,,,,.,.,.,.,.,.,.,,,,.,"Зябловский Е. Статистическое описание Российской империи в ее нынешнем состоянии с предварительными понятиями о статистике с общим обозрением Европы в статистическом виде.  Издание второе. ЧАСТЫ IѴ и V. СПб, 1815.",с. 154,Маркевич А.М.,в источнике пропуск предполагаем ноль,.,1795
15,Костромская губерния,1795_19,.,.,1805,.,6000,рубли,.,4.01,рыболовные промыслы,на промыслы издерживается,.,.,.,.,.,,,,.,.,.,.,.,.,.,,,,.,"Зябловский Е. Статистическое описание Российской империи в ее нынешнем состоянии с предварительными понятиями о статистике с общим обозрением Европы в статистическом виде.  Издание второе. ЧАСТЫ IѴ и V. СПб, 1815.",с. 155,Korchmina,.,.,1795
16,Костромская губерния,1795_19,.,.,1805,.,22000,рубли,.,4.01,рыболовные промыслы,выручается доходов,.,.,.,.,.,,,,.,.,.,.,.,.,.,,,,.,"Зябловский Е. Статистическое описание Российской империи в ее нынешнем состоянии с предварительными понятиями о статистике с общим обозрением Европы в статистическом виде.  Издание второе. ЧАСТЫ IѴ и V. СПб, 1815.",с. 155,Korchmina,.,.,1795
56,Курская губерния,1795_21,.,.,1805,.,0,рубли,.,4.01,рыболовные промыслы,выручается доходов,.,.,.,.,.,,,,.,.,.,.,.,.,.,,,,.,"Зябловский Е. Статистическое описание Российской империи в ее нынешнем состоянии с предварительными понятиями о статистике с общим обозрением Европы в статистическом виде.  Издание второе. ЧАСТЫ IѴ и V. СПб, 1815.",с. 154,Маркевич А.М.,в источнике пропуск предполагаем ноль,.,1795
55,Курская губерния,1795_21,.,.,1805,.,0,рубли,.,4.01,рыболовные промыслы,на промыслы издерживается,.,.,.,.,.,,,,.,.,.,.,.,.,.,,,,.,"Зябловский Е. Статистическое описание Российской империи в ее нынешнем состоянии с предварительными понятиями о статистике с общим обозрением Европы в статистическом виде.  Издание второе. ЧАСТЫ IѴ и V. СПб, 1815.",с. 154,Маркевич А.М.,в источнике пропуск предполагаем ноль,.,1795
57,Московская губерния,1795_24,.,.,1805,.,0,рубли,.,4.01,рыболовные промыслы,на промыслы издерживается,.,.,.,.,.,,,,.,.,.,.,.,.,.,,,,.,"Зябловский Е. Статистическое описание Российской империи в ее нынешнем состоянии с предварительными понятиями о статистике с общим обозрением Европы в статистическом виде.  Издание второе. ЧАСТЫ IѴ и V. СПб, 1815.",с. 154,Маркевич А.М.,в источнике пропуск предполагаем ноль,.,1795
58,Московская губерния,1795_24,.,.,1805,.,0,рубли,.,4.01,рыболовные промыслы,выручается доходов,.,.,.,.,.,,,,.,.,.,.,.,.,.,,,,.,"Зябловский Е. Статистическое описание Российской империи в ее нынешнем состоянии с предварительными понятиями о статистике с общим обозрением Европы в статистическом виде.  Издание второе. ЧАСТЫ IѴ и V. СПб, 1815.",с. 154,Маркевич А.М.,в источнике пропуск предполагаем ноль,.,1795
17,Нижегородская губерния,1795_25,.,.,1805,.,7000,рубли,.,4.01,рыболовные промыслы,на промыслы издерживается,.,.,.,.,.,,,,.,.,.,.,.,.,.,,,,.,"Зябловский Е. Статистическое описание Российской империи в ее нынешнем состоянии с предварительными понятиями о статистике с общим обозрением Европы в статистическом виде.  Издание второе. ЧАСТЫ IѴ и V. СПб, 1815.",с. 154,Korchmina,.,.,1795
18,Нижегородская губерния,1795_25,.,.,1805,.,14400,рубли,.,4.01,рыболовные промыслы,выручается доходов,.,.,.,.,.,,,,.,.,.,.,.,.,.,,,,.,"Зябловский Е. Статистическое описание Российской империи в ее нынешнем состоянии с предварительными понятиями о статистике с общим обозрением Европы в статистическом виде.  Издание второе. ЧАСТЫ IѴ и V. СПб, 1815.",с. 154,Korchmina,.,.,1795
59,Новгородско-Северская губерния,1795_26,.,.,1805,.,0,рубли,.,4.01,рыболовные промыслы,на промыслы издерживается,.,.,.,.,.,,,,.,.,.,.,.,.,.,,,,.,"Зябловский Е. Статистическое описание Российской империи в ее нынешнем состоянии с предварительными понятиями о статистике с общим обозрением Европы в статистическом виде.  Издание второе. ЧАСТЫ IѴ и V. СПб, 1815.",с. 154,Маркевич А.М.,в источнике пропуск предполагаем ноль,.,1795
60,Новгородско-Северская губерния,1795_26,.,.,1805,.,0,рубли,.,4.01,рыболовные промыслы,выручается доходов,.,.,.,.,.,,,,.,.,.,.,.,.,.,,,,.,"Зябловский Е. Статистическое описание Российской империи в ее нынешнем состоянии с предварительными понятиями о статистике с общим обозрением Европы в статистическом виде.  Издание второе. ЧАСТЫ IѴ и V. СПб, 1815.",с. 154,Маркевич А.М.,в источнике пропуск предполагаем ноль,.,1795
20,Новгородская губерния,1795_27,.,.,1805,.,623330,рубли,.,4.01,рыболовные промыслы,выручается доходов,.,.,.,.,.,,,,.,.,.,.,.,.,.,,,,.,"Зябловский Е. Статистическое описание Российской империи в ее нынешнем состоянии с предварительными понятиями о статистике с общим обозрением Европы в статистическом виде.  Издание второе. ЧАСТЫ IѴ и V. СПб, 1815.",с. 152,Korchmina,.,.,1795
19,Новгородская губерния,1795_27,.,.,1805,.,302030,рубли,.,4.01,рыболовные промыслы,на промыслы издерживается,.,.,.,.,.,,,,.,.,.,.,.,.,.,,,,.,"Зябловский Е. Статистическое описание Российской империи в ее нынешнем состоянии с предварительными понятиями о статистике с общим обозрением Европы в статистическом виде.  Издание второе. ЧАСТЫ IѴ и V. СПб, 1815.",с. 152,Korchmina,.,.,1795
22,Олонецкая губерния,1795_28,.,.,1805,.,57070,рубли,.,4.01,рыболовные промыслы,выручается доходов,.,.,.,.,.,,,,.,.,.,.,.,.,.,,,,.,"Зябловский Е. Статистическое описание Российской империи в ее нынешнем состоянии с предварительными понятиями о статистике с общим обозрением Европы в статистическом виде.  Издание второе. ЧАСТЫ IѴ и V. СПб, 1815.",с. 152,Korchmina,.,.,1795
21,Олонецкая губерния,1795_28,.,.,1805,.,27950,рубли,.,4.01,рыболовные промыслы,на промыслы издерживается,.,.,.,.,.,,,,.,.,.,.,.,.,.,,,,.,"Зябловский Е. Статистическое описание Российской империи в ее нынешнем состоянии с предварительными понятиями о статистике с общим обозрением Европы в статистическом виде.  Издание второе. ЧАСТЫ IѴ и V. СПб, 1815.",с. 152,Korchmina,.,.,1795
61,Орловская губерния,1795_29,.,.,1805,.,0,рубли,.,4.01,рыболовные промыслы,на промыслы издерживается,.,.,.,.,.,,,,.,.,.,.,.,.,.,,,,.,"Зябловский Е. Статистическое описание Российской империи в ее нынешнем состоянии с предварительными понятиями о статистике с общим обозрением Европы в статистическом виде.  Издание второе. ЧАСТЫ IѴ и V. СПб, 1815.",с. 154,Маркевич А.М.,в источнике пропуск предполагаем ноль,.,1795
62,Орловская губерния,1795_29,.,.,1805,.,0,рубли,.,4.01,рыболовные промыслы,выручается доходов,.,.,.,.,.,,,,.,.,.,.,.,.,.,,,,.,"Зябловский Е. Статистическое описание Российской империи в ее нынешнем состоянии с предварительными понятиями о статистике с общим обозрением Европы в статистическом виде.  Издание второе. ЧАСТЫ IѴ и V. СПб, 1815.",с. 154,Маркевич А.М.,в источнике пропуск предполагаем ноль,.,1795
64,Пензенская губерния,1795_30,.,.,1805,.,0,рубли,.,4.01,рыболовные промыслы,выручается доходов,.,.,.,.,.,,,,.,.,.,.,.,.,.,,,,.,"Зябловский Е. Статистическое описание Российской империи в ее нынешнем состоянии с предварительными понятиями о статистике с общим обозрением Европы в статистическом виде.  Издание второе. ЧАСТЫ IѴ и V. СПб, 1815.",с. 154,Маркевич А.М.,в источнике пропуск предполагаем ноль,.,1795
63,Пензенская губерния,1795_30,.,.,1805,.,0,рубли,.,4.01,рыболовные промыслы,на промыслы издерживается,.,.,.,.,.,,,,.,.,.,.,.,.,.,,,,.,"Зябловский Е. Статистическое описание Российской империи в ее нынешнем состоянии с предварительными понятиями о статистике с общим обозрением Европы в статистическом виде.  Издание второе. ЧАСТЫ IѴ и V. СПб, 1815.",с. 154,Маркевич А.М.,в источнике пропуск предполагаем ноль,.,1795
66,Пермская губерния,1795_31,.,.,1805,.,0,рубли,.,4.01,рыболовные промыслы,выручается доходов,.,.,.,.,.,,,,.,.,.,.,.,.,.,,,,.,"Зябловский Е. Статистическое описание Российской империи в ее нынешнем состоянии с предварительными понятиями о статистике с общим обозрением Европы в статистическом виде.  Издание второе. ЧАСТЫ IѴ и V. СПб, 1815.",с. 154,Маркевич А.М.,в источнике пропуск предполагаем ноль,.,1795
65,Пермская губерния,1795_31,.,.,1805,.,0,рубли,.,4.01,рыболовные промыслы,на промыслы издерживается,.,.,.,.,.,,,,.,.,.,.,.,.,.,,,,.,"Зябловский Е. Статистическое описание Российской империи в ее нынешнем состоянии с предварительными понятиями о статистике с общим обозрением Европы в статистическом виде.  Издание второе. ЧАСТЫ IѴ и V. СПб, 1815.",с. 154,Маркевич А.М.,в источнике пропуск предполагаем ноль,.,1795
67,Полоцкая губерния,1795_33,.,.,1805,.,0,рубли,.,4.01,рыболовные промыслы,на промыслы издерживается,.,.,.,.,.,,,,.,.,.,.,.,.,.,,,,.,"Зябловский Е. Статистическое описание Российской империи в ее нынешнем состоянии с предварительными понятиями о статистике с общим обозрением Европы в статистическом виде.  Издание второе. ЧАСТЫ IѴ и V. СПб, 1815.",с. 154,Маркевич А.М.,в источнике пропуск предполагаем ноль,.,1795
68,Полоцкая губерния,1795_33,.,.,1805,.,0,рубли,.,4.01,рыболовные промыслы,выручается доходов,.,.,.,.,.,,,,.,.,.,.,.,.,.,,,,.,"Зябловский Е. Статистическое описание Российской империи в ее нынешнем состоянии с предварительными понятиями о статистике с общим обозрением Европы в статистическом виде.  Издание второе. ЧАСТЫ IѴ и V. СПб, 1815.",с. 154,Маркевич А.М.,в источнике пропуск предполагаем ноль,.,1795
25,Псковская губерния,1795_34,.,.,1805,.,140000,рубли,.,4.01,рыболовные промыслы,на промыслы издерживается,.,.,.,.,.,,,,.,.,.,.,.,.,.,,,,.,"Зябловский Е. Статистическое описание Российской империи в ее нынешнем состоянии с предварительными понятиями о статистике с общим обозрением Европы в статистическом виде.  Издание второе. ЧАСТЫ IѴ и V. СПб, 1815.",с. 152,Korchmina,.,.,1795
26,Псковская губерния,1795_34,.,.,1805,.,196000,рубли,.,4.01,рыболовные промыслы,выручается доходов,.,.,.,.,.,,,,.,.,.,.,.,.,.,,,,.,"Зябловский Е. Статистическое описание Российской империи в ее нынешнем состоянии с предварительными понятиями о статистике с общим обозрением Европы в статистическом виде.  Издание второе. ЧАСТЫ IѴ и V. СПб, 1815.",с. 152,Korchmina,.,.,1795
28,Рязанская губерния,1795_37,.,.,1805,.,20000,рубли,.,4.01,рыболовные промыслы,выручается доходов,.,.,.,.,.,,,,.,.,.,.,.,.,.,,,,.,"Зябловский Е. Статистическое описание Российской империи в ее нынешнем состоянии с предварительными понятиями о статистике с общим обозрением Европы в статистическом виде.  Издание второе. ЧАСТЫ IѴ и V. СПб, 1815.",с. 157,Korchmina,.,.,1795
27,Рязанская губерния,1795_37,.,.,1805,.,10000,рубли,.,4.01,рыболовные промыслы,на промыслы издерживается,.,.,.,.,.,,,,.,.,.,.,.,.,.,,,,.,"Зябловский Е. Статистическое описание Российской империи в ее нынешнем состоянии с предварительными понятиями о статистике с общим обозрением Европы в статистическом виде.  Издание второе. ЧАСТЫ IѴ и V. СПб, 1815.",с. 157,Korchmina,.,.,1795
30,Санкт-Петербургская губерния,1795_38,.,.,1805,.,310000,рубли,.,4.01,рыболовные промыслы,выручается доходов,.,.,.,.,.,,,,.,.,.,.,.,.,.,,,,.,"Зябловский Е. Статистическое описание Российской империи в ее нынешнем состоянии с предварительными понятиями о статистике с общим обозрением Европы в статистическом виде.  Издание второе. ЧАСТЫ IѴ и V. СПб, 1815.",с. 146,Korchmina,.,.,1795
29,Санкт-Петербургская губерния,1795_38,.,.,1805,.,210000,рубли,.,4.01,рыболовные промыслы,на промыслы издерживается,.,.,.,.,.,,,,.,.,.,.,.,.,.,,,,.,"Зябловский Е. Статистическое описание Российской империи в ее нынешнем состоянии с предварительными понятиями о статистике с общим обозрением Европы в статистическом виде.  Издание второе. ЧАСТЫ IѴ и V. СПб, 1815.",с. 146,Korchmina,.,.,1795
32,Саратовская губерния,1795_39,.,.,1805,.,257775,рубли,.,4.01,рыболовные промыслы,выручается доходов,.,.,.,.,.,,,,.,.,.,.,.,.,.,,,,.,"Зябловский Е. Статистическое описание Российской империи в ее нынешнем состоянии с предварительными понятиями о статистике с общим обозрением Европы в статистическом виде.  Издание второе. ЧАСТЫ IѴ и V. СПб, 1815.",с. 156,Korchmina,.,.,1795
31,Саратовская губерния,1795_39,.,.,1805,.,182547,рубли,.,4.01,рыболовные промыслы,на промыслы издерживается,.,.,.,.,.,,,,.,.,.,.,.,.,.,,,,.,"Зябловский Е. Статистическое описание Российской империи в ее нынешнем состоянии с предварительными понятиями о статистике с общим обозрением Европы в статистическом виде.  Издание второе. ЧАСТЫ IѴ и V. СПб, 1815.",с. 156,Korchmina,.,.,1795
33,Симбирская губерния,1795_40,.,.,1805,.,43550,рубли,.,4.01,рыболовные промыслы,на промыслы издерживается,.,.,.,.,.,,,,.,.,.,.,.,.,.,,,,.,"Зябловский Е. Статистическое описание Российской империи в ее нынешнем состоянии с предварительными понятиями о статистике с общим обозрением Европы в статистическом виде.  Издание второе. ЧАСТЫ IѴ и V. СПб, 1815.",с. 155,Korchmina,.,.,1795
34,Симбирская губерния,1795_40,.,.,1805,.,68450,рубли,.,4.01,рыболовные промыслы,выручается доходов,.,.,.,.,.,,,,.,.,.,.,.,.,.,,,,.,"Зябловский Е. Статистическое описание Российской империи в ее нынешнем состоянии с предварительными понятиями о статистике с общим обозрением Европы в статистическом виде.  Издание второе. ЧАСТЫ IѴ и V. СПб, 1815.",с. 155,Korchmina,.,.,1795
35,Смоленская губерния,1795_42,.,.,1805,.,612,рубли,.,4.01,рыболовные промыслы,на промыслы издерживается,.,.,.,.,.,,,,.,.,.,.,.,.,.,,,,.,"Зябловский Е. Статистическое описание Российской империи в ее нынешнем состоянии с предварительными понятиями о статистике с общим обозрением Европы в статистическом виде.  Издание второе. ЧАСТЫ IѴ и V. СПб, 1815.",с. 158,Korchmina,.,.,1795
36,Смоленская губерния,1795_42,.,.,1805,.,7545,рубли,.,4.01,рыболовные промыслы,выручается доходов,.,.,.,.,.,,,,.,.,.,.,.,.,.,,,,.,"Зябловский Е. Статистическое описание Российской империи в ее нынешнем состоянии с предварительными понятиями о статистике с общим обозрением Европы в статистическом виде.  Издание второе. ЧАСТЫ IѴ и V. СПб, 1815.",с. 158,Korchmina,.,.,1795
70,Тамбовская губерния,1795_43,.,.,1805,.,0,рубли,.,4.01,рыболовные промыслы,выручается доходов,.,.,.,.,.,,,,.,.,.,.,.,.,.,,,,.,"Зябловский Е. Статистическое описание Российской империи в ее нынешнем состоянии с предварительными понятиями о статистике с общим обозрением Европы в статистическом виде.  Издание второе. ЧАСТЫ IѴ и V. СПб, 1815.",с. 154,Маркевич А.М.,в источнике пропуск предполагаем ноль,.,1795
69,Тамбовская губерния,1795_43,.,.,1805,.,0,рубли,.,4.01,рыболовные промыслы,на промыслы издерживается,.,.,.,.,.,,,,.,.,.,.,.,.,.,,,,.,"Зябловский Е. Статистическое описание Российской империи в ее нынешнем состоянии с предварительными понятиями о статистике с общим обозрением Европы в статистическом виде.  Издание второе. ЧАСТЫ IѴ и V. СПб, 1815.",с. 154,Маркевич А.М.,в источнике пропуск предполагаем ноль,.,1795
38,Тверская губерния,1795_44,.,.,1805,.,41660,рубли,.,4.01,рыболовные промыслы,выручается доходов,.,.,.,.,.,,,,.,.,.,.,.,.,.,,,,.,"Зябловский Е. Статистическое описание Российской империи в ее нынешнем состоянии с предварительными понятиями о статистике с общим обозрением Европы в статистическом виде.  Издание второе. ЧАСТЫ IѴ и V. СПб, 1815.",с. 153,Korchmina,.,.,1795
37,Тверская губерния,1795_44,.,.,1805,.,6240,рубли,.,4.01,рыболовные промыслы,на промыслы издерживается,.,.,.,.,.,,,,.,.,.,.,.,.,.,,,,.,"Зябловский Е. Статистическое описание Российской империи в ее нынешнем состоянии с предварительными понятиями о статистике с общим обозрением Европы в статистическом виде.  Издание второе. ЧАСТЫ IѴ и V. СПб, 1815.",с. 153,Korchmina,.,.,1795
39,Тобольская губерния,1795_45,.,.,1805,.,85695,рубли,.,4.01,рыболовные промыслы,на промыслы издерживается,.,.,.,.,.,,,,.,.,.,.,.,.,.,,,,.,"Зябловский Е. Статистическое описание Российской империи в ее нынешнем состоянии с предварительными понятиями о статистике с общим обозрением Европы в статистическом виде.  Издание второе. ЧАСТЫ IѴ и V. СПб, 1815.",с. 159,Korchmina,.,.,1795
40,Тобольская губерния,1795_45,.,.,1805,.,112650,рубли,.,4.01,рыболовные промыслы,выручается доходов,.,.,.,.,.,,,,.,.,.,.,.,.,.,,,,.,"Зябловский Е. Статистическое описание Российской империи в ее нынешнем состоянии с предварительными понятиями о статистике с общим обозрением Европы в статистическом виде.  Издание второе. ЧАСТЫ IѴ и V. СПб, 1815.",с. 159,Korchmina,.,.,1795
71,Тульская губерния,1795_46,.,.,1805,.,0,рубли,.,4.01,рыболовные промыслы,на промыслы издерживается,.,.,.,.,.,,,,.,.,.,.,.,.,.,,,,.,"Зябловский Е. Статистическое описание Российской империи в ее нынешнем состоянии с предварительными понятиями о статистике с общим обозрением Европы в статистическом виде.  Издание второе. ЧАСТЫ IѴ и V. СПб, 1815.",с. 154,Маркевич А.М.,в источнике пропуск предполагаем ноль,.,1795
72,Тульская губерния,1795_46,.,.,1805,.,0,рубли,.,4.01,рыболовные промыслы,выручается доходов,.,.,.,.,.,,,,.,.,.,.,.,.,.,,,,.,"Зябловский Е. Статистическое описание Российской империи в ее нынешнем состоянии с предварительными понятиями о статистике с общим обозрением Европы в статистическом виде.  Издание второе. ЧАСТЫ IѴ и V. СПб, 1815.",с. 154,Маркевич А.М.,в источнике пропуск предполагаем ноль,.,1795
23,Уфимское наместничество,1795_47,.,.,1805,.,400000,рубли,.,4.01,рыболовные промыслы,на промыслы издерживается,.,.,.,.,.,,,,.,.,.,.,.,.,.,,,,.,"Зябловский Е. Статистическое описание Российской империи в ее нынешнем состоянии с предварительными понятиями о статистике с общим обозрением Европы в статистическом виде.  Издание второе. ЧАСТЫ IѴ и V. СПб, 1815.",с. 148,Korchmina,.,.,1795
24,Уфимское наместничество,1795_47,.,.,1805,.,600000,рубли,.,4.01,рыболовные промыслы,выручается доходов,.,.,.,.,.,,,,.,.,.,.,.,.,.,,,,.,"Зябловский Е. Статистическое описание Российской империи в ее нынешнем состоянии с предварительными понятиями о статистике с общим обозрением Европы в статистическом виде.  Издание второе. ЧАСТЫ IѴ и V. СПб, 1815.",с. 148,Korchmina,.,.,1795
74,Черниговская губерния,1795_49,.,.,1805,.,0,рубли,.,4.01,рыболовные промыслы,выручается доходов,.,.,.,.,.,,,,.,.,.,.,.,.,.,,,,.,"Зябловский Е. Статистическое описание Российской империи в ее нынешнем состоянии с предварительными понятиями о статистике с общим обозрением Европы в статистическом виде.  Издание второе. ЧАСТЫ IѴ и V. СПб, 1815.",с. 154,Маркевич А.М.,в источнике пропуск предполагаем ноль,.,1795
73,Черниговская губерния,1795_49,.,.,1805,.,0,рубли,.,4.01,рыболовные промыслы,на промыслы издерживается,.,.,.,.,.,,,,.,.,.,.,.,.,.,,,,.,"Зябловский Е. Статистическое описание Российской империи в ее нынешнем состоянии с предварительными понятиями о статистике с общим обозрением Европы в статистическом виде.  Издание второе. ЧАСТЫ IѴ и V. СПб, 1815.",с. 154,Маркевич А.М.,в источнике пропуск предполагаем ноль,.,1795
42,Ярославская губерния,1795_50,.,.,1805,.,54440,рубли,.,4.01,рыболовные промыслы,выручается доходов,.,.,.,.,.,,,,.,.,.,.,.,.,.,,,,.,"Зябловский Е. Статистическое описание Российской империи в ее нынешнем состоянии с предварительными понятиями о статистике с общим обозрением Европы в статистическом виде.  Издание второе. ЧАСТЫ IѴ и V. СПб, 1815.",с. 154,Korchmina,.,.,1795
41,Ярославская губерния,1795_50,.,.,1805,.,21420,рубли,.,4.01,рыболовные промыслы,на промыслы издерживается,.,.,.,.,.,,,,.,.,.,.,.,.,.,,,,.,"Зябловский Е. Статистическое описание Российской империи в ее нынешнем состоянии с предварительными понятиями о статистике с общим обозрением Европы в статистическом виде.  Издание второе. ЧАСТЫ IѴ и V. СПб, 1815.",с. 154,Korchmina,.,.,1795
