ID,TERRITORY,TER_CODE,TOWN,DISTRICT,YEAR,MONTH,VALUE,VALUE_UNIT,VALUE_LABEL,DATATYPE,HISTCLASS1,HISTCLASS2,HISTCLASS3,HISTCLASS4,HISTCLASS5,HISTCLASS6,HISTCLASS7,HISTCLASS8,HISTCLASS9,HISTCLASS10,CLASS1,CLASS2,CLASS3,CLASS4,CLASS5,CLASS6,CLASS7,CLASS8,CLASS9,CLASS10,COMMENT_SOURCE,SOURCE,VOLUME,PAGE,NABORSHIK_ID,COMMENT_NABORSHIK,
27,Иркутская губерния,1795_13,.,.,1792,.,70356,человек,.,1.04,православные,.,душ женского пола,.,.,.,.,,,,православные,женщин,.,.,.,.,.,,,,.,"Описание Иркутского наместничества 1792 года. - Новосибирск: Наука. Сиб. отд-ние, 1988",.,Korchmina,"""расчитано как """"всего население"""" минус """"иноверцы""""""",.,1795
28,Иркутская губерния,1795_13,.,.,1792,.,75778,человек,.,1.04,православные,.,душ мужского пола,.,.,.,.,,,,православные,мужчин,.,.,.,.,.,,,,.,"Описание Иркутского наместничества 1792 года. - Новосибирск: Наука. Сиб. отд-ние, 1988",.,Korchmina,"""расчитано как """"всего население"""" минус """"иноверцы""""""",.,1795
10,Иркутская губерния,1795_13,.,.,1792,.,110318,человек,.,1.04,иноверцы,.,душ мужского пола,.,.,.,.,,,,другие,мужчин,.,.,.,.,.,,,,.,"Описание Иркутского наместничества 1792 года. - Новосибирск: Наука. Сиб. отд-ние, 1988",.,Korchmina,подсчет наш,.,1795
9,Иркутская губерния,1795_13,.,.,1792,.,103620,человек,.,1.04,иноверцы,.,душ женского пола,.,.,.,.,,,,другие,женщин,.,.,.,.,.,,,,.,"Описание Иркутского наместничества 1792 года. - Новосибирск: Наука. Сиб. отд-ние, 1988",.,Korchmina,подсчет наш,.,1795
6,Кавказская область Астраханской губернии,1795_14,.,.,1784,.,102,человек,.,1.04,идолопоклонники,индейцы,душ мужского пола,.,.,.,.,,,,другие,мужчин,.,.,.,.,.,,,,.,РГВИА. Ф. 846. Оп. 16. Т.3. д. 18570,л. 23 об,Korchmina,.,.,1795
7,Кавказская область Астраханской губернии,1795_14,.,.,1784,.,552,человек,.,1.04,идолопоклонники,калмыки,душ мужского пола,.,.,.,.,,,,другие,мужчин,.,.,.,.,.,,,,.,РГВИА. Ф. 846. Оп. 16. Т.3. д. 18570,л. 23 об,Korchmina,.,.,1795
5,Кавказская область Астраханской губернии,1795_14,.,.,1784,.,376,человек,.,1.04,идолопоклонники,калмыки,душ женского пола,.,.,.,.,,,,другие,женщин,.,.,.,.,.,,,,.,РГВИА. Ф. 846. Оп. 16. Т.3. д. 18570,л. 23 об,Korchmina,.,.,1795
1,Кавказская область Астраханской губернии,1795_14,.,.,1784,.,4291,человек,.,1.04,армяне,.,душ мужского пола,.,.,.,.,,,,Другие христиане,мужчин,.,.,.,.,.,,,,.,РГВИА. Ф. 846. Оп. 16. Т.3. д. 18570,л. 23 об,Korchmina,.,.,1795
2,Кавказская область Астраханской губернии,1795_14,.,.,1784,.,2974,человек,.,1.04,армяне,.,душ женского пола,.,.,.,.,,,,Другие христиане,женщин,.,.,.,.,.,,,,.,РГВИА. Ф. 846. Оп. 16. Т.3. д. 18570,л. 23 об,Korchmina,.,.,1795
16,Кавказская область Астраханской губернии,1795_14,.,.,1784,.,4117,человек,.,1.04,магометане,.,душ мужского пола,.,.,.,.,,,,мусульмане,мужчин,.,.,.,.,.,,,,.,РГВИА. Ф. 846. Оп. 16. Т.3. д. 18570,л. 23 об,Korchmina,.,.,1795
11,Кавказская область Астраханской губернии,1795_14,.,.,1784,.,78798,человек,.,1.04,кочующие в степи,.,.,.,.,.,.,,,,мусульмане,.,.,.,.,.,.,,,,.,РГВИА. Ф. 846. Оп. 16. Т.3. д. 18570,л. 23 об,Korchmina,в источнике кибиток. Расчет при предположении 1 кибитка=1семья=6 человек ,.,1795
14,Кавказская область Астраханской губернии,1795_14,.,.,1784,.,3918,человек,.,1.04,магоматане,.,душ женского пола,.,.,.,.,,,,мусульмане,женщин,.,.,.,.,.,,,,.,РГВИА. Ф. 846. Оп. 16. Т.3. д. 18570,л. 23 об,Korchmina,.,.,1795
15,Кавказская область Астраханской губернии,1795_14,.,.,1784,.,2460,человек,.,1.04,магометан татар туркменских,.,.,.,.,.,.,,,,мусульмане,.,.,.,.,.,.,,,,.,РГВИА. Ф. 846. Оп. 16. Т.3. д. 18570,л. 23 об,Korchmina,в источнике семей. Расчет при предположении 1семья=6 человек ,.,1795
23,Кавказская область Астраханской губернии,1795_14,.,.,1784,.,5031,человек,.,1.04,магометане,татары,душ женского пола,.,.,.,.,,,,мусульмане,женщин,.,.,.,.,.,,,,.,РГВИА. Ф. 846. Оп. 16. Т.3. д. 18570,л. 23 об,Korchmina,.,.,1795
24,Кавказская область Астраханской губернии,1795_14,.,.,1784,.,5530,человек,.,1.04,магометане,татары,душ мужского пола,.,.,.,.,,,,мусульмане,мужчин,.,.,.,.,.,,,,.,РГВИА. Ф. 846. Оп. 16. Т.3. д. 18570,л. 23 об,Korchmina,.,.,1795
29,Кавказская область Астраханской губернии,1795_14,.,.,1784,.,47,человек,.,1.04,протестанты,.,душ женского пола,.,.,.,.,,,,протестанты,женщин,.,.,.,.,.,,,,.,РГВИА. Ф. 846. Оп. 16. Т.3. д. 18570,л. 23 об,Korchmina,.,.,1795
30,Кавказская область Астраханской губернии,1795_14,.,.,1784,.,43,человек,.,1.04,протестанты,.,душ мужского пола,.,.,.,.,,,,протестанты,мужчин,.,.,.,.,.,,,,.,РГВИА. Ф. 846. Оп. 16. Т.3. д. 18570,л. 23 об,Korchmina,.,.,1795
35,Кавказская область Астраханской губернии,1795_14,.,.,1784,.,3,человек,.,1.04,раскольники ,.,душ женского пола,.,.,.,.,,,,старообрядцы,женщин,.,.,.,.,.,,,,.,РГВИА. Ф. 846. Оп. 16. Т.3. д. 18570,л. 23 об,Korchmina,.,.,1795
36,Кавказская область Астраханской губернии,1795_14,.,.,1784,.,2,человек,.,1.04,раскольники ,.,душ мужского пола,.,.,.,.,,,,старообрядцы,мужчин,.,.,.,.,.,,,,.,РГВИА. Ф. 846. Оп. 16. Т.3. д. 18570,л. 23 об,Korchmina,.,.,1795
37,Кавказская область Астраханской губернии,1795_14,.,.,1784,.,111,человек,.,1.04,римского вероисповедания из армян,.,душ женского пола,.,.,.,.,,,,католики,женщин,.,.,.,.,.,,,,.,РГВИА. Ф. 846. Оп. 16. Т.3. д. 18570,л. 23 об,Korchmina,.,.,1795
38,Кавказская область Астраханской губернии,1795_14,.,.,1784,.,121,человек,.,1.04,римского вероисповедания из армян,.,душ мужского пола,.,.,.,.,,,,католики,мужчин,.,.,.,.,.,,,,.,РГВИА. Ф. 846. Оп. 16. Т.3. д. 18570,л. 23 об,Korchmina,.,.,1795
8,Казанская губерния,1795_15,.,.,1784,.,2333,человек,.,1.04,идолопоклонники,"чуваши, черемисы, вотяки",душ мужского пола,.,.,.,.,,,,другие,мужчин,.,.,.,.,.,,,,.,РГВИА.Ф. 846. Оп. 16. Д. 18743,.,Korchmina,.,.,1795
17,Казанская губерния,1795_15,.,.,1784,.,83255,человек,.,1.04,магометане,татары,душ мужского пола,.,.,.,.,,,,мусульмане,мужчин,.,.,.,.,.,,,,.,РГВИА.Ф. 846. Оп. 16. Д. 18743,.,Korchmina,.,.,1795
12,Казанская губерния,1795_15,.,.,1784,.,50,человек,.,1.04,"лютеранская, реформатская,католическая",иностранцы,.,.,.,.,.,,,,протестанты,.,.,.,.,.,.,,,,.,РГВИА.Ф. 846. Оп. 16. Д. 18743,.,Korchmina,.,.,1795
22,Пензенская губерния,1795_30,.,.,1785,.,12580,человек,.,1.04,магометане,татары,душ мужского пола,.,.,.,.,,,,мусульмане,мужчин,.,.,.,.,.,,,,.,РГВИА. Ф. 846. Оп. 16. Д. 18912,.,Korchmina,.,.,1795
31,Пензенская губерния,1795_30,.,.,1785,.,136,человек,.,1.04,раскольники,.,душ женского пола,.,.,.,.,,,,старообрядцы,женщин,.,.,.,.,.,,,,.,РГВИА. Ф. 846. Оп. 16. Д. 18912,.,Korchmina,.,.,1795
32,Пензенская губерния,1795_30,.,.,1785,.,136,человек,.,1.04,раскольники,.,душ мужского пола,.,.,.,.,,,,старообрядцы,мужчин,.,.,.,.,.,,,,.,РГВИА. Ф. 846. Оп. 16. Д. 18912,.,Korchmina,.,.,1795
21,Пензенская губерния,1795_30,.,.,1785,.,12737,человек,.,1.04,магометане,татары,душ женского пола,.,.,.,.,,,,мусульмане,женщин,.,.,.,.,.,,,,.,РГВИА. Ф. 846. Оп. 16. Д. 18912,.,Korchmina,.,.,1795
13,Псковская губерния,1795_34,.,.,1789,.,100,человек,.,1.04,"лютеранская, реформатская,католическая",.,.,.,.,.,.,,,,протестанты,.,.,.,.,.,.,,,,.,"РГВИА. Ф, 846. оп. 16. Д. 18964",.,Korchmina,.,.,1795
18,Рязанская губерния,1795_37,.,.,1799,.,2016,человек,.,1.04,магометане,.,.,.,.,.,.,,,,мусульмане,.,.,.,.,.,.,,,,.,"РГВИА.Ф, 846. Оп. 16. Д. 18986",л. 45,Korchmina,.,.,1795
33,Рязанская губерния,1795_37,.,.,1799,.,104,человек,.,1.04,раскольники,.,.,.,.,.,.,,,,старообрядцы,.,.,.,.,.,.,,,,.,"РГВИА.Ф, 846. Оп. 16. Д. 18986",л. 45,Korchmina,.,.,1795
44,Симбирская губерния,1795_40,.,.,1784,.,179,человек,.,1.04,язычники,мордва,душ женского пола,.,.,.,.,,,,другие,женщин,.,.,.,.,.,,,,.,"РГВИА Ф, 846. Оп. 16. д. 19025",л. 29 об,Korchmina,.,.,1795
20,Симбирская губерния,1795_40,.,.,1784,.,19067,человек,.,1.04,магометане,татары,душ мужского пола,.,.,.,.,,,,мусульмане,мужчин,.,.,.,.,.,,,,.,"РГВИА Ф, 846. Оп. 16. д. 19025",л. 29 об,Korchmina,.,.,1795
45,Симбирская губерния,1795_40,.,.,1784,.,1711,человек,.,1.04,язычники,чуваши,душ женского пола,.,.,.,.,,,,другие,женщин,.,.,.,.,.,,,,.,"РГВИА Ф, 846. Оп. 16. д. 19025",л. 29 об,Korchmina,.,.,1795
46,Симбирская губерния,1795_40,.,.,1784,.,164,человек,.,1.04,язычники,мордва,душ мужского пола,.,.,.,.,,,,другие,мужчин,.,.,.,.,.,,,,.,"РГВИА Ф, 846. Оп. 16. д. 19025",л. 29 об,Korchmina,.,.,1795
19,Симбирская губерния,1795_40,.,.,1784,.,19809,человек,.,1.04,магометане,татары,душ женского пола,.,.,.,.,,,,мусульмане,женщин,.,.,.,.,.,,,,.,"РГВИА Ф, 846. Оп. 16. д. 19025",л. 29 об,Korchmina,.,.,1795
47,Симбирская губерния,1795_40,.,.,1784,.,1552,человек,.,1.04,язычники,чуваши,душ мужского пола,.,.,.,.,,,,другие,мужчин,.,.,.,.,.,,,,.,"РГВИА Ф, 846. Оп. 16. д. 19025",л. 29 об,Korchmina,.,.,1795
34,Тамбовская губерния,1795_43,.,.,1789,.,50,человек,.,1.04,раскольники,.,.,.,.,.,.,,,,старообрядцы,.,.,.,.,.,.,,,,.,"Описание Тамбовского наместничества // Собрание сочинений, выбранных из месяцесловов на разные годы, часть 6. СПб, 1790",с. 375 - 459,Korchmina,.,.,1795
25,Тамбовская губерния,1795_43,.,.,1789,.,3222,человек,.,1.04,мурзы,татары,душ женского пола,.,.,.,.,,,,мусульмане,женщин,.,.,.,.,.,,,,.,"Описание Тамбовского наместничества // Собрание сочинений, выбранных из месяцесловов на разные годы, часть 6. СПб, 1790",с. 375 - 459,Korchmina,.,.,1795
26,Тамбовская губерния,1795_43,.,.,1789,.,3181,человек,.,1.04,мурзы,татары,душ мужского пола,.,.,.,.,,,,мусульмане,мужчин,.,.,.,.,.,,,,.,"Описание Тамбовского наместничества // Собрание сочинений, выбранных из месяцесловов на разные годы, часть 6. СПб, 1790",с. 375 - 459,Korchmina,.,.,1795
3,Тобольская губерния,1795_45,.,.,1787,.,44,человек,.,1.04,бухарцы,.,душ женского пола,.,.,.,.,,,,мусульмане,женщин,.,.,.,.,.,,,,.,"РГВИА. Ф, 846. Оп. 16. д. 19107",.,Korchmina,.,.,1795
43,Тобольская губерния,1795_45,.,.,1787,.,506,человек,.,1.04,татары не крещеные ясашные,.,душ мужского пола,.,.,.,.,,,,мусульмане,мужчин,.,.,.,.,.,,,,.,"РГВИА. Ф, 846. Оп. 16. д. 19107",.,Korchmina,.,.,1795
41,Тобольская губерния,1795_45,.,.,1787,.,800,человек,.,1.04,татар и бухарцов некрещенных,.,.,.,.,.,.,,,,мусульмане,.,.,.,.,.,.,,,,.,"РГВИА. Ф, 846. Оп. 16. д. 19107",.,Korchmina,.,.,1795
39,Тобольская губерния,1795_45,.,.,1787,.,8603,человек,.,1.04,татар и бухарцов некрещенных,.,душ женского пола,.,.,.,.,,,,мусульмане,женщин,.,.,.,.,.,,,,.,"РГВИА. Ф, 846. Оп. 16. д. 19107",.,Korchmina,.,.,1795
40,Тобольская губерния,1795_45,.,.,1787,.,10260,человек,.,1.04,татар и бухарцов некрещенных,.,душ мужского пола,.,.,.,.,,,,мусульмане,мужчин,.,.,.,.,.,,,,.,"РГВИА. Ф, 846. Оп. 16. д. 19107",.,Korchmina,.,.,1795
4,Тобольская губерния,1795_45,.,.,1787,.,41,человек,.,1.04,бухарцы,.,душ мужского пола,.,.,.,.,,,,мусульмане,мужчин,.,.,.,.,.,,,,.,"РГВИА. Ф, 846. Оп. 16. д. 19107",.,Korchmina,.,.,1795
42,Тобольская губерния,1795_45,.,.,1787,.,410,человек,.,1.04,татары не крещеные ясашные,.,душ женского пола,.,.,.,.,,,,мусульмане,женщин,.,.,.,.,.,,,,.,"РГВИА. Ф, 846. Оп. 16. д. 19107",.,Korchmina,.,.,1795
