ID,TERRITORY,TER_CODE,TOWN,DISTRICT,YEAR,MONTH,VALUE,VALUE_UNIT,VALUE_LABEL,DATATYPE,HISTCLASS1,HISTCLASS2,HISTCLASS3,HISTCLASS4,HISTCLASS5,HISTCLASS6,HISTCLASS7,HISTCLASS8,HISTCLASS9,HISTCLASS10,CLASS1,CLASS2,CLASS3,CLASS4,CLASS5,CLASS6,CLASS7,CLASS8,CLASS9,CLASS10,COMMENT_SOURCE,SOURCE,VOLUME,PAGE,NABORSHIK_ID,COMMENT_NABORSHIK,
1,Архангельская губерния,1897_04,.,.,1897,.,3267,число,.,1.08,браки,.,.,.,.,.,.,,,,число браков,.,.,.,.,.,.,,,,.,"Движение населения в Европейской России за 1897. ЦСК МВД. СПб.,1900. Вып.50",.,55,.,.,1897
2,Астраханская губерния,1897_05,.,.,1897,.,6690,число,.,1.08,браки,.,.,.,.,.,.,,,,число браков,.,.,.,.,.,.,,,,.,"Движение населения в Европейской России за 1897. ЦСК МВД. СПб.,1900. Вып.50",.,55,.,.,1897
3,Бессарабская губерния,1897_07,.,.,1897,.,13300,число,.,1.08,браки,.,.,.,.,.,.,,,,число браков,.,.,.,.,.,.,,,,.,"Движение населения в Европейской России за 1897. ЦСК МВД. СПб.,1900. Вып.50",.,55,.,.,1897
4,Виленская губерния,1897_10,.,.,1897,.,11944,число,.,1.08,браки,.,.,.,.,.,.,,,,число браков,.,.,.,.,.,.,,,,.,"Движение населения в Европейской России за 1897. ЦСК МВД. СПб.,1900. Вып.50",.,55,.,.,1897
5,Витебская губерния,1897_11,.,.,1897,.,11114,число,.,1.08,браки,.,.,.,.,.,.,,,,число браков,.,.,.,.,.,.,,,,.,"Движение населения в Европейской России за 1897. ЦСК МВД. СПб.,1900. Вып.50",.,55,.,.,1897
6,Владимирская губерния,1897_12,.,.,1897,.,14412,число,.,1.08,браки,.,.,.,.,.,.,,,,число браков,.,.,.,.,.,.,,,,.,"Движение населения в Европейской России за 1897. ЦСК МВД. СПб.,1900. Вып.50",.,55,.,.,1897
7,Земля войска Донского,1897_13,.,.,1897,.,24232,число,.,1.08,браки,.,.,.,.,.,.,,,,число браков,.,.,.,.,.,.,,,,.,"Движение населения в Европейской России за 1897. ЦСК МВД. СПб.,1900. Вып.50",.,55,.,.,1897
8,Вологодская губерния,1897_14,.,.,1897,.,11801,число,.,1.08,браки,.,.,.,.,.,.,,,,число браков,.,.,.,.,.,.,,,,.,"Движение населения в Европейской России за 1897. ЦСК МВД. СПб.,1900. Вып.50",.,55,.,.,1897
9,Волынская губерния,1897_15,.,.,1897,.,28908,число,.,1.08,браки,.,.,.,.,.,.,,,,число браков,.,.,.,.,.,.,,,,.,"Движение населения в Европейской России за 1897. ЦСК МВД. СПб.,1900. Вып.50",.,55,.,.,1897
10,Воронежская губерния,1897_16,.,.,1897,.,26812,число,.,1.08,браки,.,.,.,.,.,.,,,,число браков,.,.,.,.,.,.,,,,.,"Движение населения в Европейской России за 1897. ЦСК МВД. СПб.,1900. Вып.50",.,55,.,.,1897
11,Выборгская губерния,1897_17,.,.,1897,.,3422,число,.,1.08,браки,.,.,.,.,.,.,,,,число браков,.,.,.,.,.,.,,,,.,"Статистический ежегодник Финляндии за 1900. Гельсингфорс,1900",.,16,.,.,1897
12,Вятская губерния,1897_18,.,.,1897,.,32302,число,.,1.08,браки,.,.,.,.,.,.,,,,число браков,.,.,.,.,.,.,,,,.,"Движение населения в Европейской России за 1897. ЦСК МВД. СПб.,1900. Вып.50",.,55,.,.,1897
13,Гродненская губерния,1897_19,.,.,1897,.,13105,число,.,1.08,браки,.,.,.,.,.,.,,,,число браков,.,.,.,.,.,.,,,,.,"Движение населения в Европейской России за 1897. ЦСК МВД. СПб.,1900. Вып.50",.,55,.,.,1897
14,Екатеринославская губерния,1897_21,.,.,1897,.,20634,число,.,1.08,браки,.,.,.,.,.,.,,,,число браков,.,.,.,.,.,.,,,,.,"Движение населения в Европейской России за 1897. ЦСК МВД. СПб.,1900. Вып.50",.,55,.,.,1897
15,Забайкальская область,1897_24,.,.,1897,.,5674,число,.,1.08,браки,.,.,.,.,.,.,,,,число браков,.,.,.,.,.,.,,,,.,"Обзор Забайкальской области за 1897 г. Чита.,1898",.,ведомость о движении населения в Забайкальской области за 1897 г.,.,.,1897
16,Казанская губерния,1897_27,.,.,1897,.,23097,число,.,1.08,браки,.,.,.,.,.,.,,,,число браков,.,.,.,.,.,.,,,,.,"Движение населения в Европейской России за 1897. ЦСК МВД. СПб.,1900. Вып.50",.,55,.,.,1897
17,Калужская губерния,1897_29,.,.,1897,.,10366,число,.,1.08,браки,.,.,.,.,.,.,,,,число браков,.,.,.,.,.,.,,,,.,"Движение населения в Европейской России за 1897. ЦСК МВД. СПб.,1900. Вып.50",.,55,.,.,1897
18,Киевская губерния,1897_32,.,.,1897,.,31421,число,.,1.08,браки,.,.,.,.,.,.,,,,число браков,.,.,.,.,.,.,,,,.,"Движение населения в Европейской России за 1897. ЦСК МВД. СПб.,1900. Вып.50",.,55,.,.,1897
19,Ковенская губерния,1897_33,.,.,1897,.,10837,число,.,1.08,браки,.,.,.,.,.,.,,,,число браков,.,.,.,.,.,.,,,,.,"Движение населения в Европейской России за 1897. ЦСК МВД. СПб.,1900. Вып.50",.,55,.,.,1897
20,Костромская губерния,1897_34,.,.,1897,.,13284,число,.,1.08,браки,.,.,.,.,.,.,,,,число браков,.,.,.,.,.,.,,,,.,"Движение населения в Европейской России за 1897. ЦСК МВД. СПб.,1900. Вып.50",.,55,.,.,1897
21,Курляндская губерния,1897_37,.,.,1897,.,4869,число,.,1.08,браки,.,.,.,.,.,.,,,,число браков,.,.,.,.,.,.,,,,.,"Движение населения в Европейской России за 1897. ЦСК МВД. СПб.,1900. Вып.50",.,55,.,.,1897
22,Курская губерния,1897_38,.,.,1897,.,20543,число,.,1.08,браки,.,.,.,.,.,.,,,,число браков,.,.,.,.,.,.,,,,.,"Движение населения в Европейской России за 1897. ЦСК МВД. СПб.,1900. Вып.50",.,55,.,.,1897
23,Лифляндская губерния,1897_40,.,.,1897,.,10119,число,.,1.08,браки,.,.,.,.,.,.,,,,число браков,.,.,.,.,.,.,,,,.,"Движение населения в Европейской России за 1897. ЦСК МВД. СПб.,1900. Вып.50",.,55,.,.,1897
24,Минская губерния,1897_43,.,.,1897,.,18326,число,.,1.08,браки,.,.,.,.,.,.,,,,число браков,.,.,.,.,.,.,,,,.,"Движение населения в Европейской России за 1897. ЦСК МВД. СПб.,1900. Вып.50",.,55,.,.,1897
25,Могилевская губерния,1897_44,.,.,1897,.,13374,число,.,1.08,браки,.,.,.,.,.,.,,,,число браков,.,.,.,.,.,.,,,,.,"Движение населения в Европейской России за 1897. ЦСК МВД. СПб.,1900. Вып.50",.,55,.,.,1897
26,Московская губерния,1897_45,.,.,1897,.,18454,число,.,1.08,браки,.,.,.,.,.,.,,,,число браков,.,.,.,.,.,.,,,,.,"Движение населения в Европейской России за 1897. ЦСК МВД. СПб.,1900. Вып.50",.,55,.,.,1897
27,Нижегородская губерния,1897_46,.,.,1897,.,15453,число,.,1.08,браки,.,.,.,.,.,.,,,,число браков,.,.,.,.,.,.,,,,.,"Движение населения в Европейской России за 1897. ЦСК МВД. СПб.,1900. Вып.50",.,55,.,.,1897
28,Новгородская губерния,1897_47,.,.,1897,.,11322,число,.,1.08,браки,.,.,.,.,.,.,,,,число браков,.,.,.,.,.,.,,,,.,"Движение населения в Европейской России за 1897. ЦСК МВД. СПб.,1900. Вып.50",.,55,.,.,1897
29,Олонецкая губерния,1897_49,.,.,1897,.,3772,число,.,1.08,браки,.,.,.,.,.,.,,,,число браков,.,.,.,.,.,.,,,,.,"Движение населения в Европейской России за 1897. ЦСК МВД. СПб.,1900. Вып.50",.,55,.,.,1897
30,Оренбургская губерния,1897_50,.,.,1897,.,18549,число,.,1.08,браки,.,.,.,.,.,.,,,,число браков,.,.,.,.,.,.,,,,.,"Движение населения в Европейской России за 1897. ЦСК МВД. СПб.,1900. Вып.50",.,55,.,.,1897
31,Орловская губерния,1897_51,.,.,1897,.,17136,число,.,1.08,браки,.,.,.,.,.,.,,,,число браков,.,.,.,.,.,.,,,,.,"Движение населения в Европейской России за 1897. ЦСК МВД. СПб.,1900. Вып.50",.,55,.,.,1897
32,Пензенская губерния,1897_53,.,.,1897,.,16024,число,.,1.08,браки,.,.,.,.,.,.,,,,число браков,.,.,.,.,.,.,,,,.,"Движение населения в Европейской России за 1897. ЦСК МВД. СПб.,1900. Вып.50",.,55,.,.,1897
33,Пермская губерния,1897_54,.,.,1897,.,30828,число,.,1.08,браки,.,.,.,.,.,.,,,,число браков,.,.,.,.,.,.,,,,.,"Движение населения в Европейской России за 1897. ЦСК МВД. СПб.,1900. Вып.50",.,55,.,.,1897
34,Подольская губерния,1897_57,.,.,1897,.,26154,число,.,1.08,браки,.,.,.,.,.,.,,,,число браков,.,.,.,.,.,.,,,,.,"Движение населения в Европейской России за 1897. ЦСК МВД. СПб.,1900. Вып.50",.,55,.,.,1897
35,Полтавская губерния,1897_58,.,.,1897,.,23704,число,.,1.08,браки,.,.,.,.,.,.,,,,число браков,.,.,.,.,.,.,,,,.,"Движение населения в Европейской России за 1897. ЦСК МВД. СПб.,1900. Вып.50",.,55,.,.,1897
36,Псковская губерния,1897_60,.,.,1897,.,9686,число,.,1.08,браки,.,.,.,.,.,.,,,,число браков,.,.,.,.,.,.,,,,.,"Движение населения в Европейской России за 1897. ЦСК МВД. СПб.,1900. Вып.50",.,55,.,.,1897
37,Рязанская губерния,1897_62,.,.,1897,.,17535,число,.,1.08,браки,.,.,.,.,.,.,,,,число браков,.,.,.,.,.,.,,,,.,"Движение населения в Европейской России за 1897. ЦСК МВД. СПб.,1900. Вып.50",.,55,.,.,1897
38,Самарская губерния,1897_64,.,.,1897,.,33091,число,.,1.08,браки,.,.,.,.,.,.,,,,число браков,.,.,.,.,.,.,,,,.,"Движение населения в Европейской России за 1897. ЦСК МВД. СПб.,1900. Вып.50",.,55,.,.,1897
39,Санкт-Петербургская губерния,1897_66,.,.,1897,.,14644,число,.,1.08,браки,.,.,.,.,.,.,,,,число браков,.,.,.,.,.,.,,,,.,"Движение населения в Европейской России за 1897. ЦСК МВД. СПб.,1900. Вып.50",.,55,.,.,1897
40,Саратовская губерния,1897_67,.,.,1897,.,25878,число,.,1.08,браки,.,.,.,.,.,.,,,,число браков,.,.,.,.,.,.,,,,.,"Движение населения в Европейской России за 1897. ЦСК МВД. СПб.,1900. Вып.50",.,55,.,.,1897
41,Симбирская губерния,1897_71,.,.,1897,.,16293,число,.,1.08,браки,.,.,.,.,.,.,,,,число браков,.,.,.,.,.,.,,,,.,"Движение населения в Европейской России за 1897. ЦСК МВД. СПб.,1900. Вып.50",.,55,.,.,1897
42,Смоленская губерния,1897_72,.,.,1897,.,14021,число,.,1.08,браки,.,.,.,.,.,.,,,,число браков,.,.,.,.,.,.,,,,.,"Движение населения в Европейской России за 1897. ЦСК МВД. СПб.,1900. Вып.50",.,55,.,.,1897
43,Таврическая губерния,1897_77,.,.,1897,.,12290,число,.,1.08,браки,.,.,.,.,.,.,,,,число браков,.,.,.,.,.,.,,,,.,"Движение населения в Европейской России за 1897. ЦСК МВД. СПб.,1900. Вып.50",.,55,.,.,1897
44,Тамбовская губерния,1897_78,.,.,1897,.,25330,число,.,1.08,браки,.,.,.,.,.,.,,,,число браков,.,.,.,.,.,.,,,,.,"Движение населения в Европейской России за 1897. ЦСК МВД. СПб.,1900. Вып.50",.,55,.,.,1897
45,Тверская губерния,1897_79,.,.,1897,.,17417,число,.,1.08,браки,.,.,.,.,.,.,,,,число браков,.,.,.,.,.,.,,,,.,"Движение населения в Европейской России за 1897. ЦСК МВД. СПб.,1900. Вып.50",.,55,.,.,1897
46,Томская губерния,1897_83,.,.,1897,.,15578,число,.,1.08,браки,.,.,.,.,.,.,,,,число браков,.,.,.,.,.,.,,,,.,"Обзор Томской губернии за 1897 г.: Приложение к всеподданнейшему отчету. Б.м.,б.г.",.,ведомость 3,.,.,1897
47,Тульская губерния,1897_84,.,.,1897,.,12493,число,.,1.08,браки,.,.,.,.,.,.,,,,число браков,.,.,.,.,.,.,,,,.,"Движение населения в Европейской России за 1897. ЦСК МВД. СПб.,1900. Вып.50",.,55,.,.,1897
48,Уфимская губерния,1897_88,.,.,1897,.,25346,число,.,1.08,браки,.,.,.,.,.,.,,,,число браков,.,.,.,.,.,.,,,,.,"Движение населения в Европейской России за 1897. ЦСК МВД. СПб.,1900. Вып.50",.,55,.,.,1897
49,Харьковская губерния,1897_90,.,.,1897,.,24616,число,.,1.08,браки,.,.,.,.,.,.,,,,число браков,.,.,.,.,.,.,,,,.,"Движение населения в Европейской России за 1897. ЦСК МВД. СПб.,1900. Вып.50",.,55,.,.,1897
50,Херсонская губерния,1897_91,.,.,1897,.,21222,число,.,1.08,браки,.,.,.,.,.,.,,,,число браков,.,.,.,.,.,.,,,,.,"Движение населения в Европейской России за 1897. ЦСК МВД. СПб.,1900. Вып.50",.,55,.,.,1897
51,Черниговская губерния,1897_92,.,.,1897,.,18658,число,.,1.08,браки,.,.,.,.,.,.,,,,число браков,.,.,.,.,.,.,,,,.,"Движение населения в Европейской России за 1897. ЦСК МВД. СПб.,1900. Вып.50",.,55,.,.,1897
52,Эстляндская губерния,1897_95,.,.,1897,.,2938,число,.,1.08,браки,.,.,.,.,.,.,,,,число браков,.,.,.,.,.,.,,,,.,"Движение населения в Европейской России за 1897. ЦСК МВД. СПб.,1900. Вып.50",.,55,.,.,1897
53,Якутская область,1897_96,.,.,1897,.,2524,число,.,1.08,браки,.,.,.,.,.,.,,,,число браков,.,.,.,.,.,.,,,,.,"Обзор Якутской области за 1897г.: Приложение ко всеподданнейшему отчету. Якутск,1899",.,ведомость О движении населения в Якутской области,.,.,1897
54,Ярославская губерния,1897_97,.,.,1897,.,9760,число,.,1.08,браки,.,.,.,.,.,.,,,,число браков,.,.,.,.,.,.,,,,.,"Движение населения в Европейской России за 1897. ЦСК МВД. СПб.,1900. Вып.50",.,55,.,.,1897
