ID,TERRITORY,TER_CODE,TOWN,DISTRICT,YEAR,MONTH,VALUE,VALUE_UNIT,VALUE_LABEL,DATATYPE,HISTCLASS1,HISTCLASS2,HISTCLASS3,HISTCLASS4,HISTCLASS5,HISTCLASS6,HISTCLASS7,HISTCLASS8,HISTCLASS9,HISTCLASS10,CLASS1,CLASS2,CLASS3,CLASS4,CLASS5,CLASS6,CLASS7,CLASS8,CLASS9,CLASS10,COMMENT_SOURCE,SOURCE,VOLUME,PAGE,NABORSHIK_ID,COMMENT_NABORSHIK,
59,Республика Адыгея,2002_01,.,.,2002,.,208019,человек,.,1.01,мужчины,.,.,.,.,.,.,,,,мужчины,.,.,.,.,.,.,,,,.,Итоги переписи населения 2002 г. http://www.perepis2002.ru/index.html?id=31,.,Таблица 2,Sidorenko,.,2002
60,Республика Адыгея,2002_01,.,.,2002,.,239090,человек,.,1.01,женщины,.,.,.,.,.,.,,,,женщины,.,.,.,.,.,.,,,,.,Итоги переписи населения 2002 г. http://www.perepis2002.ru/index.html?id=31,.,Таблица 2,Sidorenko,.,2002
86,Республика Башкортостан,2002_02,.,.,2002,.,2181103,человек,.,1.01,женщины,.,.,.,.,.,.,,,,женщины,.,.,.,.,.,.,,,,.,Итоги переписи населения 2002 г. http://www.perepis2002.ru/index.html?id=31,.,Таблица 2,Sidorenko,.,2002
85,Республика Башкортостан,2002_02,.,.,2002,.,1923233,человек,.,1.01,мужчины,.,.,.,.,.,.,,,,мужчины,.,.,.,.,.,.,,,,.,Итоги переписи населения 2002 г. http://www.perepis2002.ru/index.html?id=31,.,Таблица 2,Sidorenko,.,2002
130,Республика Бурятия,2002_03,.,.,2002,.,513254,человек,.,1.01,женщины,.,.,.,.,.,.,,,,женщины,.,.,.,.,.,.,,,,.,Итоги переписи населения 2002 г. http://www.perepis2002.ru/index.html?id=31,.,Таблица 2,Sidorenko,.,2002
129,Республика Бурятия,2002_03,.,.,2002,.,467984,человек,.,1.01,мужчины,.,.,.,.,.,.,,,,мужчины,.,.,.,.,.,.,,,,.,Итоги переписи населения 2002 г. http://www.perepis2002.ru/index.html?id=31,.,Таблица 2,Sidorenko,.,2002
128,Республика Алтай,2002_04,.,.,2002,.,106375,человек,.,1.01,женщины,.,.,.,.,.,.,,,,женщины,.,.,.,.,.,.,,,,.,Итоги переписи населения 2002 г. http://www.perepis2002.ru/index.html?id=31,.,Таблица 2,Sidorenko,.,2002
127,Республика Алтай,2002_04,.,.,2002,.,96572,человек,.,1.01,мужчины,.,.,.,.,.,.,,,,мужчины,.,.,.,.,.,.,,,,.,Итоги переписи населения 2002 г. http://www.perepis2002.ru/index.html?id=31,.,Таблица 2,Sidorenko,.,2002
61,Республика Дагестан,2002_05,.,.,2002,.,1242437,человек,.,1.01,мужчины,.,.,.,.,.,.,,,,мужчины,.,.,.,.,.,.,,,,.,Итоги переписи населения 2002 г. http://www.perepis2002.ru/index.html?id=31,.,Таблица 2,Sidorenko,.,2002
62,Республика Дагестан,2002_05,.,.,2002,.,1334094,человек,.,1.01,женщины,.,.,.,.,.,.,,,,женщины,.,.,.,.,.,.,,,,.,Итоги переписи населения 2002 г. http://www.perepis2002.ru/index.html?id=31,.,Таблица 2,Sidorenko,.,2002
63,Республика Ингушетия,2002_06,.,.,2002,.,218194,человек,.,1.01,мужчины,.,.,.,.,.,.,,,,мужчины,.,.,.,.,.,.,,,,.,Итоги переписи населения 2002 г. http://www.perepis2002.ru/index.html?id=31,.,Таблица 2,Sidorenko,.,2002
64,Республика Ингушетия,2002_06,.,.,2002,.,249100,человек,.,1.01,женщины,.,.,.,.,.,.,,,,женщины,.,.,.,.,.,.,,,,.,Итоги переписи населения 2002 г. http://www.perepis2002.ru/index.html?id=31,.,Таблица 2,Sidorenko,.,2002
65,Кабардино-Балкарская Республика,2002_07,.,.,2002,.,422720,человек,.,1.01,мужчины,.,.,.,.,.,.,,,,мужчины,.,.,.,.,.,.,,,,.,Итоги переписи населения 2002 г. http://www.perepis2002.ru/index.html?id=31,.,Таблица 2,Sidorenko,.,2002
66,Кабардино-Балкарская Республика,2002_07,.,.,2002,.,478774,человек,.,1.01,женщины,.,.,.,.,.,.,,,,женщины,.,.,.,.,.,.,,,,.,Итоги переписи населения 2002 г. http://www.perepis2002.ru/index.html?id=31,.,Таблица 2,Sidorenko,.,2002
67,Республика Калмыкия,2002_08,.,.,2002,.,140097,человек,.,1.01,мужчины,.,.,.,.,.,.,,,,мужчины,.,.,.,.,.,.,,,,.,Итоги переписи населения 2002 г. http://www.perepis2002.ru/index.html?id=31,.,Таблица 2,Sidorenko,.,2002
68,Республика Калмыкия,2002_08,.,.,2002,.,152313,человек,.,1.01,женщины,.,.,.,.,.,.,,,,женщины,.,.,.,.,.,.,,,,.,Итоги переписи населения 2002 г. http://www.perepis2002.ru/index.html?id=31,.,Таблица 2,Sidorenko,.,2002
70,Карачаево-Черкесская Республика,2002_09,.,.,2002,.,233989,человек,.,1.01,женщины,.,.,.,.,.,.,,,,женщины,.,.,.,.,.,.,,,,.,Итоги переписи населения 2002 г. http://www.perepis2002.ru/index.html?id=31,.,Таблица 2,Sidorenko,.,2002
69,Карачаево-Черкесская Республика,2002_09,.,.,2002,.,205481,человек,.,1.01,мужчины,.,.,.,.,.,.,,,,мужчины,.,.,.,.,.,.,,,,.,Итоги переписи населения 2002 г. http://www.perepis2002.ru/index.html?id=31,.,Таблица 2,Sidorenko,.,2002
37,Республика Карелия,2002_10,.,.,2002,.,331505,человек,.,1.01,мужчины,.,.,.,.,.,.,,,,мужчины,.,.,.,.,.,.,,,,.,Итоги переписи населения 2002 г. http://www.perepis2002.ru/index.html?id=31,.,Таблица 2,Sidorenko,.,2002
38,Республика Карелия,2002_10,.,.,2002,.,384776,человек,.,1.01,женщины,.,.,.,.,.,.,,,,женщины,.,.,.,.,.,.,,,,.,Итоги переписи населения 2002 г. http://www.perepis2002.ru/index.html?id=31,.,Таблица 2,Sidorenko,.,2002
39,Республика Коми,2002_11,.,.,2002,.,488316,человек,.,1.01,мужчины,.,.,.,.,.,.,,,,мужчины,.,.,.,.,.,.,,,,.,Итоги переписи населения 2002 г. http://www.perepis2002.ru/index.html?id=31,.,Таблица 2,Sidorenko,.,2002
40,Республика Коми,2002_11,.,.,2002,.,530358,человек,.,1.01,женщины,.,.,.,.,.,.,,,,женщины,.,.,.,.,.,.,,,,.,Итоги переписи населения 2002 г. http://www.perepis2002.ru/index.html?id=31,.,Таблица 2,Sidorenko,.,2002
87,Республика Марий Эл,2002_12,.,.,2002,.,338485,человек,.,1.01,мужчины,.,.,.,.,.,.,,,,мужчины,.,.,.,.,.,.,,,,.,Итоги переписи населения 2002 г. http://www.perepis2002.ru/index.html?id=31,.,Таблица 2,Sidorenko,.,2002
88,Республика Марий Эл,2002_12,.,.,2002,.,389494,человек,.,1.01,женщины,.,.,.,.,.,.,,,,женщины,.,.,.,.,.,.,,,,.,Итоги переписи населения 2002 г. http://www.perepis2002.ru/index.html?id=31,.,Таблица 2,Sidorenko,.,2002
89,Республика Мордовия,2002_13,.,.,2002,.,408556,человек,.,1.01,мужчины,.,.,.,.,.,.,,,,мужчины,.,.,.,.,.,.,,,,.,Итоги переписи населения 2002 г. http://www.perepis2002.ru/index.html?id=31,.,Таблица 2,Sidorenko,.,2002
90,Республика Мордовия,2002_13,.,.,2002,.,480210,человек,.,1.01,женщины,.,.,.,.,.,.,,,,женщины,.,.,.,.,.,.,,,,.,Итоги переписи населения 2002 г. http://www.perepis2002.ru/index.html?id=31,.,Таблица 2,Sidorenko,.,2002
159,Республика Саха (Якутия),2002_14,.,.,2002,.,464217,человек,.,1.01,мужчины,.,.,.,.,.,.,,,,мужчины,.,.,.,.,.,.,,,,.,Итоги переписи населения 2002 г. http://www.perepis2002.ru/index.html?id=31,.,Таблица 2,Sidorenko,.,2002
160,Республика Саха (Якутия),2002_14,.,.,2002,.,485063,человек,.,1.01,женщины,.,.,.,.,.,.,,,,женщины,.,.,.,.,.,.,,,,.,Итоги переписи населения 2002 г. http://www.perepis2002.ru/index.html?id=31,.,Таблица 2,Sidorenko,.,2002
71,Республика Северная Осетия – Алания,2002_15,.,.,2002,.,336035,человек,.,1.01,мужчины,.,.,.,.,.,.,,,,мужчины,.,.,.,.,.,.,,,,.,Итоги переписи населения 2002 г. http://www.perepis2002.ru/index.html?id=31,.,Таблица 2,Sidorenko,.,2002
72,Республика Северная Осетия – Алания,2002_15,.,.,2002,.,374240,человек,.,1.01,женщины,.,.,.,.,.,.,,,,женщины,.,.,.,.,.,.,,,,.,Итоги переписи населения 2002 г. http://www.perepis2002.ru/index.html?id=31,.,Таблица 2,Sidorenko,.,2002
92,Республика Татарстан,2002_16,.,.,2002,.,2030215,человек,.,1.01,женщины,.,.,.,.,.,.,,,,женщины,.,.,.,.,.,.,,,,.,Итоги переписи населения 2002 г. http://www.perepis2002.ru/index.html?id=31,.,Таблица 2,Sidorenko,.,2002
91,Республика Татарстан,2002_16,.,.,2002,.,1749050,человек,.,1.01,мужчины,.,.,.,.,.,.,,,,мужчины,.,.,.,.,.,.,,,,.,Итоги переписи населения 2002 г. http://www.perepis2002.ru/index.html?id=31,.,Таблица 2,Sidorenko,.,2002
131,Республика Тыва,2002_17,.,.,2002,.,144961,человек,.,1.01,мужчины,.,.,.,.,.,.,,,,мужчины,.,.,.,.,.,.,,,,.,Итоги переписи населения 2002 г. http://www.perepis2002.ru/index.html?id=31,.,Таблица 2,Sidorenko,.,2002
132,Республика Тыва,2002_17,.,.,2002,.,160549,человек,.,1.01,женщины,.,.,.,.,.,.,,,,женщины,.,.,.,.,.,.,,,,.,Итоги переписи населения 2002 г. http://www.perepis2002.ru/index.html?id=31,.,Таблица 2,Sidorenko,.,2002
93,Удмуртская Республика,2002_18,.,.,2002,.,727075,человек,.,1.01,мужчины,.,.,.,.,.,.,,,,мужчины,.,.,.,.,.,.,,,,.,Итоги переписи населения 2002 г. http://www.perepis2002.ru/index.html?id=31,.,Таблица 2,Sidorenko,.,2002
94,Удмуртская Республика,2002_18,.,.,2002,.,843241,человек,.,1.01,женщины,.,.,.,.,.,.,,,,женщины,.,.,.,.,.,.,,,,.,Итоги переписи населения 2002 г. http://www.perepis2002.ru/index.html?id=31,.,Таблица 2,Sidorenko,.,2002
134,Республика Хакасия,2002_19,.,.,2002,.,291180,человек,.,1.01,женщины,.,.,.,.,.,.,,,,женщины,.,.,.,.,.,.,,,,.,Итоги переписи населения 2002 г. http://www.perepis2002.ru/index.html?id=31,.,Таблица 2,Sidorenko,.,2002
133,Республика Хакасия,2002_19,.,.,2002,.,254892,человек,.,1.01,мужчины,.,.,.,.,.,.,,,,мужчины,.,.,.,.,.,.,,,,.,Итоги переписи населения 2002 г. http://www.perepis2002.ru/index.html?id=31,.,Таблица 2,Sidorenko,.,2002
73,Чеченская республика,2002_20,.,.,2002,.,532724,человек,.,1.01,мужчины,.,.,.,.,.,.,,,,мужчины,.,.,.,.,.,.,,,,.,Итоги переписи населения 2002 г. http://www.perepis2002.ru/index.html?id=31,.,Таблица 2,Sidorenko,.,2002
74,Чеченская республика,2002_20,.,.,2002,.,570962,человек,.,1.01,женщины,.,.,.,.,.,.,,,,женщины,.,.,.,.,.,.,,,,.,Итоги переписи населения 2002 г. http://www.perepis2002.ru/index.html?id=31,.,Таблица 2,Sidorenko,.,2002
95,Чувашская Республика – Чувашия,2002_21,.,.,2002,.,608719,человек,.,1.01,мужчины,.,.,.,.,.,.,,,,мужчины,.,.,.,.,.,.,,,,.,Итоги переписи населения 2002 г. http://www.perepis2002.ru/index.html?id=31,.,Таблица 2,Sidorenko,.,2002
96,Чувашская Республика – Чувашия,2002_21,.,.,2002,.,705035,человек,.,1.01,женщины,.,.,.,.,.,.,,,,женщины,.,.,.,.,.,.,,,,.,Итоги переписи населения 2002 г. http://www.perepis2002.ru/index.html?id=31,.,Таблица 2,Sidorenko,.,2002
136,Алтайский край,2002_22,.,.,2002,.,1392340,человек,.,1.01,женщины,.,.,.,.,.,.,,,,женщины,.,.,.,.,.,.,,,,.,Итоги переписи населения 2002 г. http://www.perepis2002.ru/index.html?id=31,.,Таблица 2,Sidorenko,.,2002
135,Алтайский край,2002_22,.,.,2002,.,1215086,человек,.,1.01,мужчины,.,.,.,.,.,.,,,,мужчины,.,.,.,.,.,.,,,,.,Итоги переписи населения 2002 г. http://www.perepis2002.ru/index.html?id=31,.,Таблица 2,Sidorenko,.,2002
75,Краснодарский край,2002_23,.,.,2002,.,2383332,человек,.,1.01,мужчины,.,.,.,.,.,.,,,,мужчины,.,.,.,.,.,.,,,,.,Итоги переписи населения 2002 г. http://www.perepis2002.ru/index.html?id=31,.,Таблица 2,Sidorenko,.,2002
76,Краснодарский край,2002_23,.,.,2002,.,2741889,человек,.,1.01,женщины,.,.,.,.,.,.,,,,женщины,.,.,.,.,.,.,,,,.,Итоги переписи населения 2002 г. http://www.perepis2002.ru/index.html?id=31,.,Таблица 2,Sidorenko,.,2002
138,Красноярский край,2002_24,.,.,2002,.,1570025,человек,.,1.01,женщины,.,.,.,.,.,.,,,,женщины,.,.,.,.,.,.,,,,.,Итоги переписи населения 2002 г. http://www.perepis2002.ru/index.html?id=31,.,Таблица 2,Sidorenko,.,2002
137,Красноярский край,2002_24,.,.,2002,.,1396017,человек,.,1.01,мужчины,.,.,.,.,.,.,,,,мужчины,.,.,.,.,.,.,,,,.,Итоги переписи населения 2002 г. http://www.perepis2002.ru/index.html?id=31,.,Таблица 2,Sidorenko,.,2002
161,Приморский край,2002_25,.,.,2002,.,1002723,человек,.,1.01,мужчины,.,.,.,.,.,.,,,,мужчины,.,.,.,.,.,.,,,,.,Итоги переписи населения 2002 г. http://www.perepis2002.ru/index.html?id=31,.,Таблица 2,Sidorenko,.,2002
162,Приморский край,2002_25,.,.,2002,.,1068487,человек,.,1.01,женщины,.,.,.,.,.,.,,,,женщины,.,.,.,.,.,.,,,,.,Итоги переписи населения 2002 г. http://www.perepis2002.ru/index.html?id=31,.,Таблица 2,Sidorenko,.,2002
78,Ставропольский край,2002_26,.,.,2002,.,1455202,человек,.,1.01,женщины,.,.,.,.,.,.,,,,женщины,.,.,.,.,.,.,,,,.,Итоги переписи населения 2002 г. http://www.perepis2002.ru/index.html?id=31,.,Таблица 2,Sidorenko,.,2002
77,Ставропольский край,2002_26,.,.,2002,.,1279937,человек,.,1.01,мужчины,.,.,.,.,.,.,,,,мужчины,.,.,.,.,.,.,,,,.,Итоги переписи населения 2002 г. http://www.perepis2002.ru/index.html?id=31,.,Таблица 2,Sidorenko,.,2002
164,Хабаровский край,2002_27,.,.,2002,.,742360,человек,.,1.01,женщины,.,.,.,.,.,.,,,,женщины,.,.,.,.,.,.,,,,.,Итоги переписи населения 2002 г. http://www.perepis2002.ru/index.html?id=31,.,Таблица 2,Sidorenko,.,2002
163,Хабаровский край,2002_27,.,.,2002,.,694210,человек,.,1.01,мужчины,.,.,.,.,.,.,,,,мужчины,.,.,.,.,.,.,,,,.,Итоги переписи населения 2002 г. http://www.perepis2002.ru/index.html?id=31,.,Таблица 2,Sidorenko,.,2002
166,Амурская область,2002_28,.,.,2002,.,467361,человек,.,1.01,женщины,.,.,.,.,.,.,,,,женщины,.,.,.,.,.,.,,,,.,Итоги переписи населения 2002 г. http://www.perepis2002.ru/index.html?id=31,.,Таблица 2,Sidorenko,.,2002
165,Амурская область,2002_28,.,.,2002,.,435483,человек,.,1.01,мужчины,.,.,.,.,.,.,,,,мужчины,.,.,.,.,.,.,,,,.,Итоги переписи населения 2002 г. http://www.perepis2002.ru/index.html?id=31,.,Таблица 2,Sidorenko,.,2002
42,Архангельская область,2002_29,.,.,2002,.,706528,человек,.,1.01,женщины,.,.,.,.,.,.,,,,женщины,.,.,.,.,.,.,,,,.,Итоги переписи населения 2002 г. http://www.perepis2002.ru/index.html?id=31,.,Таблица 2,Sidorenko,.,2002
41,Архангельская область,2002_29,.,.,2002,.,630011,человек,.,1.01,мужчины,.,.,.,.,.,.,,,,мужчины,.,.,.,.,.,.,,,,.,Итоги переписи населения 2002 г. http://www.perepis2002.ru/index.html?id=31,.,Таблица 2,Sidorenko,.,2002
80,Астраханская область,2002_30,.,.,2002,.,532491,человек,.,1.01,женщины,.,.,.,.,.,.,,,,женщины,.,.,.,.,.,.,,,,.,Итоги переписи населения 2002 г. http://www.perepis2002.ru/index.html?id=31,.,Таблица 2,Sidorenko,.,2002
79,Астраханская область,2002_30,.,.,2002,.,472785,человек,.,1.01,мужчины,.,.,.,.,.,.,,,,мужчины,.,.,.,.,.,.,,,,.,Итоги переписи населения 2002 г. http://www.perepis2002.ru/index.html?id=31,.,Таблица 2,Sidorenko,.,2002
2,Белгородская область,2002_31,.,.,2002,.,818111,человек,.,1.01,женщины,.,.,.,.,.,.,,,,женщины,.,.,.,.,.,.,,,,.,Итоги переписи населения 2002 г. http://www.perepis2002.ru/index.html?id=31,.,Таблица 2,Sidorenko,.,2002
1,Белгородская область,2002_31,.,.,2002,.,693509,человек,.,1.01,мужчины,.,.,.,.,.,.,,,,мужчины,.,.,.,.,.,.,,,,.,Итоги переписи населения 2002 г. http://www.perepis2002.ru/index.html?id=31,.,Таблица 2,Sidorenko,.,2002
4,Брянская область,2002_32,.,.,2002,.,749340,человек,.,1.01,женщины,.,.,.,.,.,.,,,,женщины,.,.,.,.,.,.,,,,.,Итоги переписи населения 2002 г. http://www.perepis2002.ru/index.html?id=31,.,Таблица 2,Sidorenko,.,2002
3,Брянская область,2002_32,.,.,2002,.,629601,человек,.,1.01,мужчины,.,.,.,.,.,.,,,,мужчины,.,.,.,.,.,.,,,,.,Итоги переписи населения 2002 г. http://www.perepis2002.ru/index.html?id=31,.,Таблица 2,Sidorenko,.,2002
6,Владимирская область,2002_33,.,.,2002,.,833978,человек,.,1.01,женщины,.,.,.,.,.,.,,,,женщины,.,.,.,.,.,.,,,,.,Итоги переписи населения 2002 г. http://www.perepis2002.ru/index.html?id=31,.,Таблица 2,Sidorenko,.,2002
5,Владимирская область,2002_33,.,.,2002,.,690012,человек,.,1.01,мужчины,.,.,.,.,.,.,,,,мужчины,.,.,.,.,.,.,,,,.,Итоги переписи населения 2002 г. http://www.perepis2002.ru/index.html?id=31,.,Таблица 2,Sidorenko,.,2002
82,Волгоградская область,2002_34,.,.,2002,.,1443629,человек,.,1.01,женщины,.,.,.,.,.,.,,,,женщины,.,.,.,.,.,.,,,,.,Итоги переписи населения 2002 г. http://www.perepis2002.ru/index.html?id=31,.,Таблица 2,Sidorenko,.,2002
81,Волгоградская область,2002_34,.,.,2002,.,1255594,человек,.,1.01,мужчины,.,.,.,.,.,.,,,,мужчины,.,.,.,.,.,.,,,,.,Итоги переписи населения 2002 г. http://www.perepis2002.ru/index.html?id=31,.,Таблица 2,Sidorenko,.,2002
45,Вологодская область,2002_35,.,.,2002,.,588559,человек,.,1.01,мужчины,.,.,.,.,.,.,,,,мужчины,.,.,.,.,.,.,,,,.,Итоги переписи населения 2002 г. http://www.perepis2002.ru/index.html?id=31,.,Таблица 2,Sidorenko,.,2002
46,Вологодская область,2002_35,.,.,2002,.,681009,человек,.,1.01,женщины,.,.,.,.,.,.,,,,женщины,.,.,.,.,.,.,,,,.,Итоги переписи населения 2002 г. http://www.perepis2002.ru/index.html?id=31,.,Таблица 2,Sidorenko,.,2002
8,Воронежская область,2002_36,.,.,2002,.,1290260,человек,.,1.01,женщины,.,.,.,.,.,.,,,,женщины,.,.,.,.,.,.,,,,.,Итоги переписи населения 2002 г. http://www.perepis2002.ru/index.html?id=31,.,Таблица 2,Sidorenko,.,2002
7,Воронежская область,2002_36,.,.,2002,.,1088543,человек,.,1.01,мужчины,.,.,.,.,.,.,,,,мужчины,.,.,.,.,.,.,,,,.,Итоги переписи населения 2002 г. http://www.perepis2002.ru/index.html?id=31,.,Таблица 2,Sidorenko,.,2002
9,Ивановская область,2002_37,.,.,2002,.,515004,человек,.,1.01,мужчины,.,.,.,.,.,.,,,,мужчины,.,.,.,.,.,.,,,,.,Итоги переписи населения 2002 г. http://www.perepis2002.ru/index.html?id=31,.,Таблица 2,Sidorenko,.,2002
10,Ивановская область,2002_37,.,.,2002,.,633325,человек,.,1.01,женщины,.,.,.,.,.,.,,,,женщины,.,.,.,.,.,.,,,,.,Итоги переписи населения 2002 г. http://www.perepis2002.ru/index.html?id=31,.,Таблица 2,Sidorenko,.,2002
144,Иркутская область,2002_38,.,.,2002,.,1372510,человек,.,1.01,женщины,.,.,.,.,.,.,,,,женщины,.,.,.,.,.,.,,,,.,Итоги переписи населения 2002 г. http://www.perepis2002.ru/index.html?id=31,.,Таблица 2,Sidorenko,.,2002
143,Иркутская область,2002_38,.,.,2002,.,1209195,человек,.,1.01,мужчины,.,.,.,.,.,.,,,,мужчины,.,.,.,.,.,.,,,,.,Итоги переписи населения 2002 г. http://www.perepis2002.ru/index.html?id=31,.,Таблица 2,Sidorenko,.,2002
48,Калининградская область,2002_39,.,.,2002,.,499220,человек,.,1.01,женщины,.,.,.,.,.,.,,,,женщины,.,.,.,.,.,.,,,,.,Итоги переписи населения 2002 г. http://www.perepis2002.ru/index.html?id=31,.,Таблица 2,Sidorenko,.,2002
47,Калининградская область,2002_39,.,.,2002,.,456061,человек,.,1.01,мужчины,.,.,.,.,.,.,,,,мужчины,.,.,.,.,.,.,,,,.,Итоги переписи населения 2002 г. http://www.perepis2002.ru/index.html?id=31,.,Таблица 2,Sidorenko,.,2002
12,Калужская область,2002_40,.,.,2002,.,565767,человек,.,1.01,женщины,.,.,.,.,.,.,,,,женщины,.,.,.,.,.,.,,,,.,Итоги переписи населения 2002 г. http://www.perepis2002.ru/index.html?id=31,.,Таблица 2,Sidorenko,.,2002
11,Калужская область,2002_40,.,.,2002,.,475874,человек,.,1.01,мужчины,.,.,.,.,.,.,,,,мужчины,.,.,.,.,.,.,,,,.,Итоги переписи населения 2002 г. http://www.perepis2002.ru/index.html?id=31,.,Таблица 2,Sidorenko,.,2002
167,Камчатская область,2002_41,.,.,2002,.,182755,человек,.,1.01,мужчины,.,.,.,.,.,.,,,,мужчины,.,.,.,.,.,.,,,,.,Итоги переписи населения 2002 г. http://www.perepis2002.ru/index.html?id=31,.,Таблица 2,Sidorenko,.,2002
168,Камчатская область,2002_41,.,.,2002,.,176046,человек,.,1.01,женщины,.,.,.,.,.,.,,,,женщины,.,.,.,.,.,.,,,,.,Итоги переписи населения 2002 г. http://www.perepis2002.ru/index.html?id=31,.,Таблица 2,Sidorenko,.,2002
147,Кемеровская область,2002_42,.,.,2002,.,1347905,человек,.,1.01,мужчины,.,.,.,.,.,.,,,,мужчины,.,.,.,.,.,.,,,,.,Итоги переписи населения 2002 г. http://www.perepis2002.ru/index.html?id=31,.,Таблица 2,Sidorenko,.,2002
148,Кемеровская область,2002_42,.,.,2002,.,1551237,человек,.,1.01,женщины,.,.,.,.,.,.,,,,женщины,.,.,.,.,.,.,,,,.,Итоги переписи населения 2002 г. http://www.perepis2002.ru/index.html?id=31,.,Таблица 2,Sidorenko,.,2002
97,Кировская область,2002_43,.,.,2002,.,695728,человек,.,1.01,мужчины,.,.,.,.,.,.,,,,мужчины,.,.,.,.,.,.,,,,.,Итоги переписи населения 2002 г. http://www.perepis2002.ru/index.html?id=31,.,Таблица 2,Sidorenko,.,2002
98,Кировская область,2002_43,.,.,2002,.,807801,человек,.,1.01,женщины,.,.,.,.,.,.,,,,женщины,.,.,.,.,.,.,,,,.,Итоги переписи населения 2002 г. http://www.perepis2002.ru/index.html?id=31,.,Таблица 2,Sidorenko,.,2002
14,Костромская область,2002_44,.,.,2002,.,399567,человек,.,1.01,женщины,.,.,.,.,.,.,,,,женщины,.,.,.,.,.,.,,,,.,Итоги переписи населения 2002 г. http://www.perepis2002.ru/index.html?id=31,.,Таблица 2,Sidorenko,.,2002
13,Костромская область,2002_44,.,.,2002,.,337074,человек,.,1.01,мужчины,.,.,.,.,.,.,,,,мужчины,.,.,.,.,.,.,,,,.,Итоги переписи населения 2002 г. http://www.perepis2002.ru/index.html?id=31,.,Таблица 2,Sidorenko,.,2002
115,Курганская область,2002_45,.,.,2002,.,470578,человек,.,1.01,мужчины,.,.,.,.,.,.,,,,мужчины,.,.,.,.,.,.,,,,.,Итоги переписи населения 2002 г. http://www.perepis2002.ru/index.html?id=31,.,Таблица 2,Sidorenko,.,2002
116,Курганская область,2002_45,.,.,2002,.,548954,человек,.,1.01,женщины,.,.,.,.,.,.,,,,женщины,.,.,.,.,.,.,,,,.,Итоги переписи населения 2002 г. http://www.perepis2002.ru/index.html?id=31,.,Таблица 2,Sidorenko,.,2002
16,Курская область,2002_46,.,.,2002,.,670770,человек,.,1.01,женщины,.,.,.,.,.,.,,,,женщины,.,.,.,.,.,.,,,,.,Итоги переписи населения 2002 г. http://www.perepis2002.ru/index.html?id=31,.,Таблица 2,Sidorenko,.,2002
15,Курская область,2002_46,.,.,2002,.,564321,человек,.,1.01,мужчины,.,.,.,.,.,.,,,,мужчины,.,.,.,.,.,.,,,,.,Итоги переписи населения 2002 г. http://www.perepis2002.ru/index.html?id=31,.,Таблица 2,Sidorenko,.,2002
49,Ленинградская область,2002_47,.,.,2002,.,770086,человек,.,1.01,мужчины,.,.,.,.,.,.,,,,мужчины,.,.,.,.,.,.,,,,.,Итоги переписи населения 2002 г. http://www.perepis2002.ru/index.html?id=31,.,Таблица 2,Sidorenko,.,2002
50,Ленинградская область,2002_47,.,.,2002,.,899119,человек,.,1.01,женщины,.,.,.,.,.,.,,,,женщины,.,.,.,.,.,.,,,,.,Итоги переписи населения 2002 г. http://www.perepis2002.ru/index.html?id=31,.,Таблица 2,Sidorenko,.,2002
17,Липецкая область,2002_48,.,.,2002,.,556285,человек,.,1.01,мужчины,.,.,.,.,.,.,,,,мужчины,.,.,.,.,.,.,,,,.,Итоги переписи населения 2002 г. http://www.perepis2002.ru/index.html?id=31,.,Таблица 2,Sidorenko,.,2002
18,Липецкая область,2002_48,.,.,2002,.,657214,человек,.,1.01,женщины,.,.,.,.,.,.,,,,женщины,.,.,.,.,.,.,,,,.,Итоги переписи населения 2002 г. http://www.perepis2002.ru/index.html?id=31,.,Таблица 2,Sidorenko,.,2002
171,Магаданская область,2002_49,.,.,2002,.,89753,человек,.,1.01,мужчины,.,.,.,.,.,.,,,,мужчины,.,.,.,.,.,.,,,,.,Итоги переписи населения 2002 г. http://www.perepis2002.ru/index.html?id=31,.,Таблица 2,Sidorenko,.,2002
172,Магаданская область,2002_49,.,.,2002,.,92973,человек,.,1.01,женщины,.,.,.,.,.,.,,,,женщины,.,.,.,.,.,.,,,,.,Итоги переписи населения 2002 г. http://www.perepis2002.ru/index.html?id=31,.,Таблица 2,Sidorenko,.,2002
19,Московская область,2002_50,.,.,2002,.,3040438,человек,.,1.01,мужчины,.,.,.,.,.,.,,,,мужчины,.,.,.,.,.,.,,,,.,Итоги переписи населения 2002 г. http://www.perepis2002.ru/index.html?id=31,.,Таблица 2,Sidorenko,.,2002
20,Московская область,2002_50,.,.,2002,.,3578100,человек,.,1.01,женщины,.,.,.,.,.,.,,,,женщины,.,.,.,.,.,.,,,,.,Итоги переписи населения 2002 г. http://www.perepis2002.ru/index.html?id=31,.,Таблица 2,Sidorenko,.,2002
51,Мурманская область,2002_51,.,.,2002,.,435135,человек,.,1.01,мужчины,.,.,.,.,.,.,,,,мужчины,.,.,.,.,.,.,,,,.,Итоги переписи населения 2002 г. http://www.perepis2002.ru/index.html?id=31,.,Таблица 2,Sidorenko,.,2002
52,Мурманская область,2002_51,.,.,2002,.,457399,человек,.,1.01,женщины,.,.,.,.,.,.,,,,женщины,.,.,.,.,.,.,,,,.,Итоги переписи населения 2002 г. http://www.perepis2002.ru/index.html?id=31,.,Таблица 2,Sidorenko,.,2002
99,Нижегородская область,2002_52,.,.,2002,.,1600609,человек,.,1.01,мужчины,.,.,.,.,.,.,,,,мужчины,.,.,.,.,.,.,,,,.,Итоги переписи населения 2002 г. http://www.perepis2002.ru/index.html?id=31,.,Таблица 2,Sidorenko,.,2002
100,Нижегородская область,2002_52,.,.,2002,.,1923419,человек,.,1.01,женщины,.,.,.,.,.,.,,,,женщины,.,.,.,.,.,.,,,,.,Итоги переписи населения 2002 г. http://www.perepis2002.ru/index.html?id=31,.,Таблица 2,Sidorenko,.,2002
54,Новгородская область,2002_53,.,.,2002,.,381748,человек,.,1.01,женщины,.,.,.,.,.,.,,,,женщины,.,.,.,.,.,.,,,,.,Итоги переписи населения 2002 г. http://www.perepis2002.ru/index.html?id=31,.,Таблица 2,Sidorenko,.,2002
53,Новгородская область,2002_53,.,.,2002,.,312607,человек,.,1.01,мужчины,.,.,.,.,.,.,,,,мужчины,.,.,.,.,.,.,,,,.,Итоги переписи населения 2002 г. http://www.perepis2002.ru/index.html?id=31,.,Таблица 2,Sidorenko,.,2002
150,Новосибирская область,2002_54,.,.,2002,.,1443102,человек,.,1.01,женщины,.,.,.,.,.,.,,,,женщины,.,.,.,.,.,.,,,,.,Итоги переписи населения 2002 г. http://www.perepis2002.ru/index.html?id=31,.,Таблица 2,Sidorenko,.,2002
149,Новосибирская область,2002_54,.,.,2002,.,1249149,человек,.,1.01,мужчины,.,.,.,.,.,.,,,,мужчины,.,.,.,.,.,.,,,,.,Итоги переписи населения 2002 г. http://www.perepis2002.ru/index.html?id=31,.,Таблица 2,Sidorenko,.,2002
152,Омская область,2002_55,.,.,2002,.,1113341,человек,.,1.01,женщины,.,.,.,.,.,.,,,,женщины,.,.,.,.,.,.,,,,.,Итоги переписи населения 2002 г. http://www.perepis2002.ru/index.html?id=31,.,Таблица 2,Sidorenko,.,2002
151,Омская область,2002_55,.,.,2002,.,965879,человек,.,1.01,мужчины,.,.,.,.,.,.,,,,мужчины,.,.,.,.,.,.,,,,.,Итоги переписи населения 2002 г. http://www.perepis2002.ru/index.html?id=31,.,Таблица 2,Sidorenko,.,2002
101,Оренбургская область,2002_56,.,.,2002,.,1022177,человек,.,1.01,мужчины,.,.,.,.,.,.,,,,мужчины,.,.,.,.,.,.,,,,.,Итоги переписи населения 2002 г. http://www.perepis2002.ru/index.html?id=31,.,Таблица 2,Sidorenko,.,2002
102,Оренбургская область,2002_56,.,.,2002,.,1157374,человек,.,1.01,женщины,.,.,.,.,.,.,,,,женщины,.,.,.,.,.,.,,,,.,Итоги переписи населения 2002 г. http://www.perepis2002.ru/index.html?id=31,.,Таблица 2,Sidorenko,.,2002
22,Орловская область,2002_57,.,.,2002,.,467898,человек,.,1.01,женщины,.,.,.,.,.,.,,,,женщины,.,.,.,.,.,.,,,,.,Итоги переписи населения 2002 г. http://www.perepis2002.ru/index.html?id=31,.,Таблица 2,Sidorenko,.,2002
21,Орловская область,2002_57,.,.,2002,.,392364,человек,.,1.01,мужчины,.,.,.,.,.,.,,,,мужчины,.,.,.,.,.,.,,,,.,Итоги переписи населения 2002 г. http://www.perepis2002.ru/index.html?id=31,.,Таблица 2,Sidorenko,.,2002
104,Пензенская область,2002_58,.,.,2002,.,788569,человек,.,1.01,женщины,.,.,.,.,.,.,,,,женщины,.,.,.,.,.,.,,,,.,Итоги переписи населения 2002 г. http://www.perepis2002.ru/index.html?id=31,.,Таблица 2,Sidorenko,.,2002
103,Пензенская область,2002_58,.,.,2002,.,664372,человек,.,1.01,мужчины,.,.,.,.,.,.,,,,мужчины,.,.,.,.,.,.,,,,.,Итоги переписи населения 2002 г. http://www.perepis2002.ru/index.html?id=31,.,Таблица 2,Sidorenko,.,2002
106,Пермская область,2002_59,.,.,2002,.,1513763,человек,.,1.01,женщины,.,.,.,.,.,.,,,,женщины,.,.,.,.,.,.,,,,.,Итоги переписи населения 2002 г. http://www.perepis2002.ru/index.html?id=31,.,Таблица 2,Sidorenko,.,2002
105,Пермская область,2002_59,.,.,2002,.,1305658,человек,.,1.01,мужчины,.,.,.,.,.,.,,,,мужчины,.,.,.,.,.,.,,,,.,Итоги переписи населения 2002 г. http://www.perepis2002.ru/index.html?id=31,.,Таблица 2,Sidorenko,.,2002
55,Псковская область,2002_60,.,.,2002,.,348194,человек,.,1.01,мужчины,.,.,.,.,.,.,,,,мужчины,.,.,.,.,.,.,,,,.,Итоги переписи населения 2002 г. http://www.perepis2002.ru/index.html?id=31,.,Таблица 2,Sidorenko,.,2002
56,Псковская область,2002_60,.,.,2002,.,412616,человек,.,1.01,женщины,.,.,.,.,.,.,,,,женщины,.,.,.,.,.,.,,,,.,Итоги переписи населения 2002 г. http://www.perepis2002.ru/index.html?id=31,.,Таблица 2,Sidorenko,.,2002
84,Ростовская область,2002_61,.,.,2002,.,2358805,человек,.,1.01,женщины,.,.,.,.,.,.,,,,женщины,.,.,.,.,.,.,,,,.,Итоги переписи населения 2002 г. http://www.perepis2002.ru/index.html?id=31,.,Таблица 2,Sidorenko,.,2002
83,Ростовская область,2002_61,.,.,2002,.,2045208,человек,.,1.01,мужчины,.,.,.,.,.,.,,,,мужчины,.,.,.,.,.,.,,,,.,Итоги переписи населения 2002 г. http://www.perepis2002.ru/index.html?id=31,.,Таблица 2,Sidorenko,.,2002
23,Рязанская область,2002_62,.,.,2002,.,560925,человек,.,1.01,мужчины,.,.,.,.,.,.,,,,мужчины,.,.,.,.,.,.,,,,.,Итоги переписи населения 2002 г. http://www.perepis2002.ru/index.html?id=31,.,Таблица 2,Sidorenko,.,2002
24,Рязанская область,2002_62,.,.,2002,.,666985,человек,.,1.01,женщины,.,.,.,.,.,.,,,,женщины,.,.,.,.,.,.,,,,.,Итоги переписи населения 2002 г. http://www.perepis2002.ru/index.html?id=31,.,Таблица 2,Sidorenko,.,2002
109,Самарская область,2002_63,.,.,2002,.,1496461,человек,.,1.01,мужчины,.,.,.,.,.,.,,,,мужчины,.,.,.,.,.,.,,,,.,Итоги переписи населения 2002 г. http://www.perepis2002.ru/index.html?id=31,.,Таблица 2,Sidorenko,.,2002
110,Самарская область,2002_63,.,.,2002,.,1743276,человек,.,1.01,женщины,.,.,.,.,.,.,,,,женщины,.,.,.,.,.,.,,,,.,Итоги переписи населения 2002 г. http://www.perepis2002.ru/index.html?id=31,.,Таблица 2,Sidorenko,.,2002
111,Саратовская область,2002_64,.,.,2002,.,1229074,человек,.,1.01,мужчины,.,.,.,.,.,.,,,,мужчины,.,.,.,.,.,.,,,,.,Итоги переписи населения 2002 г. http://www.perepis2002.ru/index.html?id=31,.,Таблица 2,Sidorenko,.,2002
112,Саратовская область,2002_64,.,.,2002,.,1439236,человек,.,1.01,женщины,.,.,.,.,.,.,,,,женщины,.,.,.,.,.,.,,,,.,Итоги переписи населения 2002 г. http://www.perepis2002.ru/index.html?id=31,.,Таблица 2,Sidorenko,.,2002
173,Сахалинская область,2002_65,.,.,2002,.,264925,человек,.,1.01,мужчины,.,.,.,.,.,.,,,,мужчины,.,.,.,.,.,.,,,,.,Итоги переписи населения 2002 г. http://www.perepis2002.ru/index.html?id=31,.,Таблица 2,Sidorenko,.,2002
174,Сахалинская область,2002_65,.,.,2002,.,281770,человек,.,1.01,женщины,.,.,.,.,.,.,,,,женщины,.,.,.,.,.,.,,,,.,Итоги переписи населения 2002 г. http://www.perepis2002.ru/index.html?id=31,.,Таблица 2,Sidorenko,.,2002
117,Свердловская область,2002_66,.,.,2002,.,2071598,человек,.,1.01,мужчины,.,.,.,.,.,.,,,,мужчины,.,.,.,.,.,.,,,,.,Итоги переписи населения 2002 г. http://www.perepis2002.ru/index.html?id=31,.,Таблица 2,Sidorenko,.,2002
118,Свердловская область,2002_66,.,.,2002,.,2414616,человек,.,1.01,женщины,.,.,.,.,.,.,,,,женщины,.,.,.,.,.,.,,,,.,Итоги переписи населения 2002 г. http://www.perepis2002.ru/index.html?id=31,.,Таблица 2,Sidorenko,.,2002
26,Смоленская область,2002_67,.,.,2002,.,572218,человек,.,1.01,женщины,.,.,.,.,.,.,,,,женщины,.,.,.,.,.,.,,,,.,Итоги переписи населения 2002 г. http://www.perepis2002.ru/index.html?id=31,.,Таблица 2,Sidorenko,.,2002
25,Смоленская область,2002_67,.,.,2002,.,477356,человек,.,1.01,мужчины,.,.,.,.,.,.,,,,мужчины,.,.,.,.,.,.,,,,.,Итоги переписи населения 2002 г. http://www.perepis2002.ru/index.html?id=31,.,Таблица 2,Sidorenko,.,2002
28,Тамбовская область,2002_68,.,.,2002,.,639234,человек,.,1.01,женщины,.,.,.,.,.,.,,,,женщины,.,.,.,.,.,.,,,,.,Итоги переписи населения 2002 г. http://www.perepis2002.ru/index.html?id=31,.,Таблица 2,Sidorenko,.,2002
27,Тамбовская область,2002_68,.,.,2002,.,539209,человек,.,1.01,мужчины,.,.,.,.,.,.,,,,мужчины,.,.,.,.,.,.,,,,.,Итоги переписи населения 2002 г. http://www.perepis2002.ru/index.html?id=31,.,Таблица 2,Sidorenko,.,2002
29,Тверская область,2002_69,.,.,2002,.,662322,человек,.,1.01,мужчины,.,.,.,.,.,.,,,,мужчины,.,.,.,.,.,.,,,,.,Итоги переписи населения 2002 г. http://www.perepis2002.ru/index.html?id=31,.,Таблица 2,Sidorenko,.,2002
30,Тверская область,2002_69,.,.,2002,.,809137,человек,.,1.01,женщины,.,.,.,.,.,.,,,,женщины,.,.,.,.,.,.,,,,.,Итоги переписи населения 2002 г. http://www.perepis2002.ru/index.html?id=31,.,Таблица 2,Sidorenko,.,2002
154,Томская область,2002_70,.,.,2002,.,552666,человек,.,1.01,женщины,.,.,.,.,.,.,,,,женщины,.,.,.,.,.,.,,,,.,Итоги переписи населения 2002 г. http://www.perepis2002.ru/index.html?id=31,.,Таблица 2,Sidorenko,.,2002
153,Томская область,2002_70,.,.,2002,.,493373,человек,.,1.01,мужчины,.,.,.,.,.,.,,,,мужчины,.,.,.,.,.,.,,,,.,Итоги переписи населения 2002 г. http://www.perepis2002.ru/index.html?id=31,.,Таблица 2,Sidorenko,.,2002
31,Тульская область,2002_71,.,.,2002,.,755037,человек,.,1.01,мужчины,.,.,.,.,.,.,,,,мужчины,.,.,.,.,.,.,,,,.,Итоги переписи населения 2002 г. http://www.perepis2002.ru/index.html?id=31,.,Таблица 2,Sidorenko,.,2002
32,Тульская область,2002_71,.,.,2002,.,920721,человек,.,1.01,женщины,.,.,.,.,.,.,,,,женщины,.,.,.,.,.,.,,,,.,Итоги переписи населения 2002 г. http://www.perepis2002.ru/index.html?id=31,.,Таблица 2,Sidorenko,.,2002
119,Тюменская область,2002_72,.,.,2002,.,1589162,человек,.,1.01,мужчины,.,.,.,.,.,.,,,,мужчины,.,.,.,.,.,.,,,,.,Итоги переписи населения 2002 г. http://www.perepis2002.ru/index.html?id=31,.,Таблица 2,Sidorenko,.,2002
120,Тюменская область,2002_72,.,.,2002,.,1675679,человек,.,1.01,женщины,.,.,.,.,.,.,,,,женщины,.,.,.,.,.,.,,,,.,Итоги переписи населения 2002 г. http://www.perepis2002.ru/index.html?id=31,.,Таблица 2,Sidorenko,.,2002
114,Ульяновская область,2002_73,.,.,2002,.,744919,человек,.,1.01,женщины,.,.,.,.,.,.,,,,женщины,.,.,.,.,.,.,,,,.,Итоги переписи населения 2002 г. http://www.perepis2002.ru/index.html?id=31,.,Таблица 2,Sidorenko,.,2002
113,Ульяновская область,2002_73,.,.,2002,.,637892,человек,.,1.01,мужчины,.,.,.,.,.,.,,,,мужчины,.,.,.,.,.,.,,,,.,Итоги переписи населения 2002 г. http://www.perepis2002.ru/index.html?id=31,.,Таблица 2,Sidorenko,.,2002
125,Челябинская область,2002_74,.,.,2002,.,1666565,человек,.,1.01,мужчины,.,.,.,.,.,.,,,,мужчины,.,.,.,.,.,.,,,,.,Итоги переписи населения 2002 г. http://www.perepis2002.ru/index.html?id=31,.,Таблица 2,Sidorenko,.,2002
126,Челябинская область,2002_74,.,.,2002,.,1936774,человек,.,1.01,женщины,.,.,.,.,.,.,,,,женщины,.,.,.,.,.,.,,,,.,Итоги переписи населения 2002 г. http://www.perepis2002.ru/index.html?id=31,.,Таблица 2,Sidorenko,.,2002
156,Читинская область,2002_75,.,.,2002,.,596657,человек,.,1.01,женщины,.,.,.,.,.,.,,,,женщины,.,.,.,.,.,.,,,,.,Итоги переписи населения 2002 г. http://www.perepis2002.ru/index.html?id=31,.,Таблица 2,Sidorenko,.,2002
155,Читинская область,2002_75,.,.,2002,.,558689,человек,.,1.01,мужчины,.,.,.,.,.,.,,,,мужчины,.,.,.,.,.,.,,,,.,Итоги переписи населения 2002 г. http://www.perepis2002.ru/index.html?id=31,.,Таблица 2,Sidorenko,.,2002
34,Ярославская область,2002_76,.,.,2002,.,749509,человек,.,1.01,женщины,.,.,.,.,.,.,,,,женщины,.,.,.,.,.,.,,,,.,Итоги переписи населения 2002 г. http://www.perepis2002.ru/index.html?id=31,.,Таблица 2,Sidorenko,.,2002
33,Ярославская область,2002_76,.,.,2002,.,617889,человек,.,1.01,мужчины,.,.,.,.,.,.,,,,мужчины,.,.,.,.,.,.,,,,.,Итоги переписи населения 2002 г. http://www.perepis2002.ru/index.html?id=31,.,Таблица 2,Sidorenko,.,2002
35,г. Москва,2002_77,.,.,2002,.,4951819,человек,.,1.01,мужчины,.,.,.,.,.,.,,,,мужчины,.,.,.,.,.,.,,,,.,Итоги переписи населения 2002 г. http://www.perepis2002.ru/index.html?id=31,.,Таблица 2,Sidorenko,.,2002
36,г. Москва,2002_77,.,.,2002,.,5430935,человек,.,1.01,женщины,.,.,.,.,.,.,,,,женщины,.,.,.,.,.,.,,,,.,Итоги переписи населения 2002 г. http://www.perepis2002.ru/index.html?id=31,.,Таблица 2,Sidorenko,.,2002
57,г. Санкт-Петербург,2002_78,.,.,2002,.,2094836,человек,.,1.01,мужчины,.,.,.,.,.,.,,,,мужчины,.,.,.,.,.,.,,,,.,Итоги переписи населения 2002 г. http://www.perepis2002.ru/index.html?id=31,.,Таблица 2,Sidorenko,.,2002
58,г. Санкт-Петербург,2002_78,.,.,2002,.,2566383,человек,.,1.01,женщины,.,.,.,.,.,.,,,,женщины,.,.,.,.,.,.,,,,.,Итоги переписи населения 2002 г. http://www.perepis2002.ru/index.html?id=31,.,Таблица 2,Sidorenko,.,2002
176,Еврейская автономная область,2002_79,.,.,2002,.,98299,человек,.,1.01,женщины,.,.,.,.,.,.,,,,женщины,.,.,.,.,.,.,,,,.,Итоги переписи населения 2002 г. http://www.perepis2002.ru/index.html?id=31,.,Таблица 2,Sidorenko,.,2002
175,Еврейская автономная область,2002_79,.,.,2002,.,92616,человек,.,1.01,мужчины,.,.,.,.,.,.,,,,мужчины,.,.,.,.,.,.,,,,.,Итоги переписи населения 2002 г. http://www.perepis2002.ru/index.html?id=31,.,Таблица 2,Sidorenko,.,2002
157,Агинский Бурятский автономный округ,2002_80,.,.,2002,.,35127,человек,.,1.01,мужчины,.,.,.,.,.,.,,,,мужчины,.,.,.,.,.,.,,,,.,Итоги переписи населения 2002 г. http://www.perepis2002.ru/index.html?id=31,.,Таблица 2,Sidorenko,.,2002
158,Агинский Бурятский автономный округ,2002_80,.,.,2002,.,37086,человек,.,1.01,женщины,.,.,.,.,.,.,,,,женщины,.,.,.,.,.,.,,,,.,Итоги переписи населения 2002 г. http://www.perepis2002.ru/index.html?id=31,.,Таблица 2,Sidorenko,.,2002
107,Коми-Пермяцкий автономный округ,2002_81,.,.,2002,.,65074,человек,.,1.01,мужчины,.,.,.,.,.,.,,,,мужчины,.,.,.,.,.,.,,,,.,Итоги переписи населения 2002 г. http://www.perepis2002.ru/index.html?id=31,.,Таблица 2,Sidorenko,.,2002
108,Коми-Пермяцкий автономный округ,2002_81,.,.,2002,.,71002,человек,.,1.01,женщины,.,.,.,.,.,.,,,,женщины,.,.,.,.,.,.,,,,.,Итоги переписи населения 2002 г. http://www.perepis2002.ru/index.html?id=31,.,Таблица 2,Sidorenko,.,2002
169,Корякский автономный округ,2002_82,.,.,2002,.,12822,человек,.,1.01,мужчины,.,.,.,.,.,.,,,,мужчины,.,.,.,.,.,.,,,,.,Итоги переписи населения 2002 г. http://www.perepis2002.ru/index.html?id=31,.,Таблица 2,Sidorenko,.,2002
170,Корякский автономный округ,2002_82,.,.,2002,.,12335,человек,.,1.01,женщины,.,.,.,.,.,.,,,,женщины,.,.,.,.,.,.,,,,.,Итоги переписи населения 2002 г. http://www.perepis2002.ru/index.html?id=31,.,Таблица 2,Sidorenko,.,2002
44,Ненецкий автономный округ,2002_83,.,.,2002,.,20999,человек,.,1.01,женщины,.,.,.,.,.,.,,,,женщины,.,.,.,.,.,.,,,,.,Итоги переписи населения 2002 г. http://www.perepis2002.ru/index.html?id=31,.,Таблица 2,Sidorenko,.,2002
43,Ненецкий автономный округ,2002_83,.,.,2002,.,20547,человек,.,1.01,мужчины,.,.,.,.,.,.,,,,мужчины,.,.,.,.,.,.,,,,.,Итоги переписи населения 2002 г. http://www.perepis2002.ru/index.html?id=31,.,Таблица 2,Sidorenko,.,2002
139,Таймырский (Долгано-Ненецкий) автономный округ,2002_84,.,.,2002,.,19364,человек,.,1.01,мужчины,.,.,.,.,.,.,,,,мужчины,.,.,.,.,.,.,,,,.,Итоги переписи населения 2002 г. http://www.perepis2002.ru/index.html?id=31,.,Таблица 2,Sidorenko,.,2002
140,Таймырский (Долгано-Ненецкий) автономный округ,2002_84,.,.,2002,.,20422,человек,.,1.01,женщины,.,.,.,.,.,.,,,,женщины,.,.,.,.,.,.,,,,.,Итоги переписи населения 2002 г. http://www.perepis2002.ru/index.html?id=31,.,Таблица 2,Sidorenko,.,2002
146,Усть-Ордынский Бурятский автономный округ,2002_85,.,.,2002,.,70320,человек,.,1.01,женщины,.,.,.,.,.,.,,,,женщины,.,.,.,.,.,.,,,,.,Итоги переписи населения 2002 г. http://www.perepis2002.ru/index.html?id=31,.,Таблица 2,Sidorenko,.,2002
145,Усть-Ордынский Бурятский автономный округ,2002_85,.,.,2002,.,65007,человек,.,1.01,мужчины,.,.,.,.,.,.,,,,мужчины,.,.,.,.,.,.,,,,.,Итоги переписи населения 2002 г. http://www.perepis2002.ru/index.html?id=31,.,Таблица 2,Sidorenko,.,2002
122,Ханты-Мансийский автономный округ,2002_86,.,.,2002,.,720218,человек,.,1.01,женщины,.,.,.,.,.,.,,,,женщины,.,.,.,.,.,.,,,,.,Итоги переписи населения 2002 г. http://www.perepis2002.ru/index.html?id=31,.,Таблица 2,Sidorenko,.,2002
121,Ханты-Мансийский автономный округ,2002_86,.,.,2002,.,712599,человек,.,1.01,мужчины,.,.,.,.,.,.,,,,мужчины,.,.,.,.,.,.,,,,.,Итоги переписи населения 2002 г. http://www.perepis2002.ru/index.html?id=31,.,Таблица 2,Sidorenko,.,2002
178,Чукотский автономный округ,2002_87,.,.,2002,.,25522,человек,.,1.01,женщины,.,.,.,.,.,.,,,,женщины,.,.,.,.,.,.,,,,.,Итоги переписи населения 2002 г. http://www.perepis2002.ru/index.html?id=31,.,Таблица 2,Sidorenko,.,2002
177,Чукотский автономный округ,2002_87,.,.,2002,.,28302,человек,.,1.01,мужчины,.,.,.,.,.,.,,,,мужчины,.,.,.,.,.,.,,,,.,Итоги переписи населения 2002 г. http://www.perepis2002.ru/index.html?id=31,.,Таблица 2,Sidorenko,.,2002
142,Эвенкийский автономный округ,2002_88,.,.,2002,.,8819,человек,.,1.01,женщины,.,.,.,.,.,.,,,,женщины,.,.,.,.,.,.,,,,.,Итоги переписи населения 2002 г. http://www.perepis2002.ru/index.html?id=31,.,Таблица 2,Sidorenko,.,2002
141,Эвенкийский автономный округ,2002_88,.,.,2002,.,8878,человек,.,1.01,мужчины,.,.,.,.,.,.,,,,мужчины,.,.,.,.,.,.,,,,.,Итоги переписи населения 2002 г. http://www.perepis2002.ru/index.html?id=31,.,Таблица 2,Sidorenko,.,2002
124,Ямало-Ненецкий автономный округ,2002_89,.,.,2002,.,252133,человек,.,1.01,женщины,.,.,.,.,.,.,,,,женщины,.,.,.,.,.,.,,,,.,Итоги переписи населения 2002 г. http://www.perepis2002.ru/index.html?id=31,.,Таблица 2,Sidorenko,.,2002
123,Ямало-Ненецкий автономный округ,2002_89,.,.,2002,.,254873,человек,.,1.01,мужчины,.,.,.,.,.,.,,,,мужчины,.,.,.,.,.,.,,,,.,Итоги переписи населения 2002 г. http://www.perepis2002.ru/index.html?id=31,.,Таблица 2,Sidorenko,.,2002
