ID,TERRITORY,TER_CODE,TOWN,DISTRICT,YEAR,MONTH,VALUE,VALUE_UNIT,VALUE_LABEL,DATATYPE,HISTCLASS1,HISTCLASS2,HISTCLASS3,HISTCLASS4,HISTCLASS5,HISTCLASS6,HISTCLASS7,HISTCLASS8,HISTCLASS9,HISTCLASS10,CLASS1,CLASS2,CLASS3,CLASS4,CLASS5,CLASS6,CLASS7,CLASS8,CLASS9,CLASS10,COMMENT_SOURCE,SOURCE,VOLUME,PAGE,NABORSHIK_ID,COMMENT_NABORSHIK,
2,Архангельская губерния,1795_01,.,.,1805,.,3964,человек,.,1.06,родившиеся,мужчины,.,.,.,.,.,,,,число рождений,мужчины,.,.,.,.,.,,,,.,"Статистические таблицы всероссийской империи или физическое политическое и статистическое начертание России, с ХIХ столетия, из новейших писателей извлеченное. М., 1807",таблица 25,Korchmina,.,.,1795
1,Архангельская губерния,1795_01,.,.,1805,.,3791,человек,.,1.06,родившиеся,женщины,.,.,.,.,.,,,,число рождений,женщины,.,.,.,.,.,,,,.,"Статистические таблицы всероссийской империи или физическое политическое и статистическое начертание России, с ХIХ столетия, из новейших писателей извлеченное. М., 1807",таблица 25,Korchmina,.,.,1795
6,Владимирская губерния,1795_04,.,.,1805,.,17113,человек,.,1.06,родившиеся,мужчины,.,.,.,.,.,,,,число рождений,мужчины,.,.,.,.,.,,,,.,"Статистические таблицы всероссийской империи или физическое политическое и статистическое начертание России, с ХIХ столетия, из новейших писателей извлеченное. М., 1807",таблица 25,Korchmina,.,.,1795
5,Владимирская губерния,1795_04,.,.,1805,.,14706,человек,.,1.06,родившиеся,женщины,.,.,.,.,.,,,,число рождений,женщины,.,.,.,.,.,,,,.,"Статистические таблицы всероссийской империи или физическое политическое и статистическое начертание России, с ХIХ столетия, из новейших писателей извлеченное. М., 1807",таблица 25,Korchmina,.,.,1795
7,Вологодская губерния,1795_06,.,.,1805,.,12077,человек,.,1.06,родившиеся,женщины,.,.,.,.,.,,,,число рождений,женщины,.,.,.,.,.,,,,.,"Статистические таблицы всероссийской империи или физическое политическое и статистическое начертание России, с ХIХ столетия, из новейших писателей извлеченное. М., 1807",таблица 25,Korchmina,.,.,1795
8,Вологодская губерния,1795_06,.,.,1805,.,12489,человек,.,1.06,родившиеся,мужчины,.,.,.,.,.,,,,число рождений,мужчины,.,.,.,.,.,,,,.,"Статистические таблицы всероссийской империи или физическое политическое и статистическое начертание России, с ХIХ столетия, из новейших писателей извлеченное. М., 1807",таблица 25,Korchmina,.,.,1795
10,Воронежская губерния,1795_08,.,.,1805,.,34800,человек,.,1.06,родившиеся,мужчины,.,.,.,.,.,,,,число рождений,мужчины,.,.,.,.,.,,,,.,"Статистические таблицы всероссийской империи или физическое политическое и статистическое начертание России, с ХIХ столетия, из новейших писателей извлеченное. М., 1807",таблица 25,Korchmina,.,.,1795
9,Воронежская губерния,1795_08,.,.,1805,.,29999,человек,.,1.06,родившиеся,женщины,.,.,.,.,.,,,,число рождений,женщины,.,.,.,.,.,,,,.,"Статистические таблицы всероссийской империи или физическое политическое и статистическое начертание России, с ХIХ столетия, из новейших писателей извлеченное. М., 1807",таблица 25,Korchmina,.,.,1795
12,Выборгская губерния,1795_09,.,.,1805,.,.,человек,.,1.06,родившиеся,мужчины,.,.,.,.,.,,,,число рождений,мужчины,.,.,.,.,.,,,,.,"Статистические таблицы всероссийской империи или физическое политическое и статистическое начертание России, с ХIХ столетия, из новейших писателей извлеченное. М., 1807",таблица 25,Korchmina,.,.,1795
11,Выборгская губерния,1795_09,.,.,1805,.,.,человек,.,1.06,родившиеся,женщины,.,.,.,.,.,,,,число рождений,женщины,.,.,.,.,.,,,,.,"Статистические таблицы всероссийской империи или физическое политическое и статистическое начертание России, с ХIХ столетия, из новейших писателей извлеченное. М., 1807",таблица 25,Korchmina,.,.,1795
13,Вятская губерния,1795_10,.,.,1805,.,21280,человек,.,1.06,родившиеся,женщины,.,.,.,.,.,,,,число рождений,женщины,.,.,.,.,.,,,,.,"Статистические таблицы всероссийской империи или физическое политическое и статистическое начертание России, с ХIХ столетия, из новейших писателей извлеченное. М., 1807",таблица 25,Korchmina,.,.,1795
14,Вятская губерния,1795_10,.,.,1805,.,24619,человек,.,1.06,родившиеся,мужчины,.,.,.,.,.,,,,число рождений,мужчины,.,.,.,.,.,,,,.,"Статистические таблицы всероссийской империи или физическое политическое и статистическое начертание России, с ХIХ столетия, из новейших писателей извлеченное. М., 1807",таблица 25,Korchmina,.,.,1795
16,Земля войска Донского,1795_12,.,.,1805,.,.,человек,.,1.06,родившиеся,мужчины,.,.,.,.,.,,,,число рождений,мужчины,.,.,.,.,.,,,,.,"Статистические таблицы всероссийской империи или физическое политическое и статистическое начертание России, с ХIХ столетия, из новейших писателей извлеченное. М., 1807",таблица 25,Korchmina,.,.,1795
15,Земля войска Донского,1795_12,.,.,1805,.,.,человек,.,1.06,родившиеся,женщины,.,.,.,.,.,,,,число рождений,женщины,.,.,.,.,.,,,,.,"Статистические таблицы всероссийской империи или физическое политическое и статистическое начертание России, с ХIХ столетия, из новейших писателей извлеченное. М., 1807",таблица 25,Korchmina,.,.,1795
17,Иркутская губерния,1795_13,.,.,1805,.,4807,человек,.,1.06,родившиеся,женщины,.,.,.,.,.,,,,число рождений,женщины,.,.,.,.,.,,,,.,"Статистические таблицы всероссийской империи или физическое политическое и статистическое начертание России, с ХIХ столетия, из новейших писателей извлеченное. М., 1807",таблица 25,Korchmina,.,.,1795
18,Иркутская губерния,1795_13,.,.,1805,.,5282,человек,.,1.06,родившиеся,мужчины,.,.,.,.,.,,,,число рождений,мужчины,.,.,.,.,.,,,,.,"Статистические таблицы всероссийской империи или физическое политическое и статистическое начертание России, с ХIХ столетия, из новейших писателей извлеченное. М., 1807",таблица 25,Korchmina,.,.,1795
20,Кавказская область Астраханской губернии,1795_14,.,.,1805,.,.,человек,.,1.06,родившиеся,мужчины,.,.,.,.,.,,,,число рождений,мужчины,.,.,.,.,.,,,,.,"Статистические таблицы всероссийской империи или физическое политическое и статистическое начертание России, с ХIХ столетия, из новейших писателей извлеченное. М., 1807",таблица 25,Korchmina,.,.,1795
3,Кавказская область Астраханской губернии,1795_14,.,.,1805,.,2617,человек,.,1.06,родившиеся,женщины,.,.,.,.,.,,,,число рождений,женщины,.,.,.,.,.,,,,.,"Статистические таблицы всероссийской империи или физическое политическое и статистическое начертание России, с ХIХ столетия, из новейших писателей извлеченное. М., 1807",таблица 25,Korchmina,.,.,1795
4,Кавказская область Астраханской губернии,1795_14,.,.,1805,.,2790,человек,.,1.06,родившиеся,мужчины,.,.,.,.,.,,,,число рождений,мужчины,.,.,.,.,.,,,,.,"Статистические таблицы всероссийской империи или физическое политическое и статистическое начертание России, с ХIХ столетия, из новейших писателей извлеченное. М., 1807",таблица 25,Korchmina,.,.,1795
19,Кавказская область Астраханской губернии,1795_14,.,.,1805,.,.,человек,.,1.06,родившиеся,женщины,.,.,.,.,.,,,,число рождений,женщины,.,.,.,.,.,,,,.,"Статистические таблицы всероссийской империи или физическое политическое и статистическое начертание России, с ХIХ столетия, из новейших писателей извлеченное. М., 1807",таблица 25,Korchmina,.,.,1795
22,Казанская губерния,1795_15,.,.,1805,.,29712,человек,.,1.06,родившиеся,мужчины,.,.,.,.,.,,,,число рождений,мужчины,.,.,.,.,.,,,,.,"Статистические таблицы всероссийской империи или физическое политическое и статистическое начертание России, с ХIХ столетия, из новейших писателей извлеченное. М., 1807",таблица 25,Korchmina,.,.,1795
21,Казанская губерния,1795_15,.,.,1805,.,26791,человек,.,1.06,родившиеся,женщины,.,.,.,.,.,,,,число рождений,женщины,.,.,.,.,.,,,,.,"Статистические таблицы всероссийской империи или физическое политическое и статистическое начертание России, с ХIХ столетия, из новейших писателей извлеченное. М., 1807",таблица 25,Korchmina,.,.,1795
23,Калужская губерния,1795_16,.,.,1805,.,11598,человек,.,1.06,родившиеся,женщины,.,.,.,.,.,,,,число рождений,женщины,.,.,.,.,.,,,,.,"Статистические таблицы всероссийской империи или физическое политическое и статистическое начертание России, с ХIХ столетия, из новейших писателей извлеченное. М., 1807",таблица 25,Korchmina,.,.,1795
24,Калужская губерния,1795_16,.,.,1805,.,15362,человек,.,1.06,родившиеся,мужчины,.,.,.,.,.,,,,число рождений,мужчины,.,.,.,.,.,,,,.,"Статистические таблицы всероссийской империи или физическое политическое и статистическое начертание России, с ХIХ столетия, из новейших писателей извлеченное. М., 1807",таблица 25,Korchmina,.,.,1795
25,Колыванская губерния,1795_18,.,.,1805,.,.,человек,.,1.06,родившиеся,женщины,.,.,.,.,.,,,,число рождений,женщины,.,.,.,.,.,,,,.,"Статистические таблицы всероссийской империи или физическое политическое и статистическое начертание России, с ХIХ столетия, из новейших писателей извлеченное. М., 1807",таблица 25,Korchmina,.,.,1795
26,Колыванская губерния,1795_18,.,.,1805,.,.,человек,.,1.06,родившиеся,мужчины,.,.,.,.,.,,,,число рождений,мужчины,.,.,.,.,.,,,,.,"Статистические таблицы всероссийской империи или физическое политическое и статистическое начертание России, с ХIХ столетия, из новейших писателей извлеченное. М., 1807",таблица 25,Korchmina,.,.,1795
27,Костромская губерния,1795_19,.,.,1805,.,11194,человек,.,1.06,родившиеся,женщины,.,.,.,.,.,,,,число рождений,женщины,.,.,.,.,.,,,,.,"Статистические таблицы всероссийской империи или физическое политическое и статистическое начертание России, с ХIХ столетия, из новейших писателей извлеченное. М., 1807",таблица 25,Korchmina,.,.,1795
28,Костромская губерния,1795_19,.,.,1805,.,15974,человек,.,1.06,родившиеся,мужчины,.,.,.,.,.,,,,число рождений,мужчины,.,.,.,.,.,,,,.,"Статистические таблицы всероссийской империи или физическое политическое и статистическое начертание России, с ХIХ столетия, из новейших писателей извлеченное. М., 1807",таблица 25,Korchmina,.,.,1795
30,Курская губерния,1795_21,.,.,1805,.,31626,человек,.,1.06,родившиеся,мужчины,.,.,.,.,.,,,,число рождений,мужчины,.,.,.,.,.,,,,.,"Статистические таблицы всероссийской империи или физическое политическое и статистическое начертание России, с ХIХ столетия, из новейших писателей извлеченное. М., 1807",таблица 25,Korchmina,.,.,1795
29,Курская губерния,1795_21,.,.,1805,.,27197,человек,.,1.06,родившиеся,женщины,.,.,.,.,.,,,,число рождений,женщины,.,.,.,.,.,,,,.,"Статистические таблицы всероссийской империи или физическое политическое и статистическое начертание России, с ХIХ столетия, из новейших писателей извлеченное. М., 1807",таблица 25,Korchmina,.,.,1795
31,Московская губерния,1795_24,.,.,1805,.,24845,человек,.,1.06,родившиеся,женщины,.,.,.,.,.,,,,число рождений,женщины,.,.,.,.,.,,,,.,"Статистические таблицы всероссийской империи или физическое политическое и статистическое начертание России, с ХIХ столетия, из новейших писателей извлеченное. М., 1807",таблица 25,Korchmina,.,.,1795
32,Московская губерния,1795_24,.,.,1805,.,26980,человек,.,1.06,родившиеся,мужчины,.,.,.,.,.,,,,число рождений,мужчины,.,.,.,.,.,,,,.,"Статистические таблицы всероссийской империи или физическое политическое и статистическое начертание России, с ХIХ столетия, из новейших писателей извлеченное. М., 1807",таблица 25,Korchmina,.,.,1795
33,Нижегородская губерния,1795_25,.,.,1805,.,19577,человек,.,1.06,родившиеся,женщины,.,.,.,.,.,,,,число рождений,женщины,.,.,.,.,.,,,,.,"Статистические таблицы всероссийской империи или физическое политическое и статистическое начертание России, с ХIХ столетия, из новейших писателей извлеченное. М., 1807",таблица 25,Korchmina,.,.,1795
34,Нижегородская губерния,1795_25,.,.,1805,.,22510,человек,.,1.06,родившиеся,мужчины,.,.,.,.,.,,,,число рождений,мужчины,.,.,.,.,.,,,,.,"Статистические таблицы всероссийской империи или физическое политическое и статистическое начертание России, с ХIХ столетия, из новейших писателей извлеченное. М., 1807",таблица 25,Korchmina,.,.,1795
38,Новгородско-Северская губерния,1795_26,.,.,1805,.,.,человек,.,1.06,родившиеся,мужчины,.,.,.,.,.,,,,число рождений,мужчины,.,.,.,.,.,,,,.,"Статистические таблицы всероссийской империи или физическое политическое и статистическое начертание России, с ХIХ столетия, из новейших писателей извлеченное. М., 1807",таблица 25,Korchmina,.,.,1795
37,Новгородско-Северская губерния,1795_26,.,.,1805,.,.,человек,.,1.06,родившиеся,женщины,.,.,.,.,.,,,,число рождений,женщины,.,.,.,.,.,,,,.,"Статистические таблицы всероссийской империи или физическое политическое и статистическое начертание России, с ХIХ столетия, из новейших писателей извлеченное. М., 1807",таблица 25,Korchmina,.,.,1795
35,Новгородская губерния,1795_27,.,.,1805,.,13323,человек,.,1.06,родившиеся,мужчины,.,.,.,.,.,,,,число рождений,мужчины,.,.,.,.,.,,,,.,"Статистические таблицы всероссийской империи или физическое политическое и статистическое начертание России, с ХIХ столетия, из новейших писателей извлеченное. М., 1807",таблица 25,Korchmina,.,.,1795
36,Новгородская губерния,1795_27,.,.,1805,.,13723,человек,.,1.06,родившиеся,женщины,.,.,.,.,.,,,,число рождений,женщины,.,.,.,.,.,,,,.,"Статистические таблицы всероссийской империи или физическое политическое и статистическое начертание России, с ХIХ столетия, из новейших писателей извлеченное. М., 1807",таблица 25,Korchmina,.,.,1795
39,Олонецкая губерния,1795_28,.,.,1805,.,.,человек,.,1.06,родившиеся,женщины,.,.,.,.,.,,,,число рождений,женщины,.,.,.,.,.,,,,.,"Статистические таблицы всероссийской империи или физическое политическое и статистическое начертание России, с ХIХ столетия, из новейших писателей извлеченное. М., 1807",таблица 25,Korchmina,.,.,1795
40,Олонецкая губерния,1795_28,.,.,1805,.,.,человек,.,1.06,родившиеся,мужчины,.,.,.,.,.,,,,число рождений,мужчины,.,.,.,.,.,,,,.,"Статистические таблицы всероссийской империи или физическое политическое и статистическое начертание России, с ХIХ столетия, из новейших писателей извлеченное. М., 1807",таблица 25,Korchmina,.,.,1795
43,Орловская губерния,1795_29,.,.,1805,.,21515,человек,.,1.06,родившиеся,женщины,.,.,.,.,.,,,,число рождений,женщины,.,.,.,.,.,,,,.,"Статистические таблицы всероссийской империи или физическое политическое и статистическое начертание России, с ХIХ столетия, из новейших писателей извлеченное. М., 1807",таблица 25,Korchmina,.,.,1795
44,Орловская губерния,1795_29,.,.,1805,.,25942,человек,.,1.06,родившиеся,мужчины,.,.,.,.,.,,,,число рождений,мужчины,.,.,.,.,.,,,,.,"Статистические таблицы всероссийской империи или физическое политическое и статистическое начертание России, с ХIХ столетия, из новейших писателей извлеченное. М., 1807",таблица 25,Korchmina,.,.,1795
45,Пензенская губерния,1795_30,.,.,1805,.,23148,человек,.,1.06,родившиеся,женщины,.,.,.,.,.,,,,число рождений,женщины,.,.,.,.,.,,,,.,"Статистические таблицы всероссийской империи или физическое политическое и статистическое начертание России, с ХIХ столетия, из новейших писателей извлеченное. М., 1807",таблица 25,Korchmina,.,.,1795
46,Пензенская губерния,1795_30,.,.,1805,.,28030,человек,.,1.06,родившиеся,мужчины,.,.,.,.,.,,,,число рождений,мужчины,.,.,.,.,.,,,,.,"Статистические таблицы всероссийской империи или физическое политическое и статистическое начертание России, с ХIХ столетия, из новейших писателей извлеченное. М., 1807",таблица 25,Korchmina,.,.,1795
48,Пермская губерния,1795_31,.,.,1805,.,30281,человек,.,1.06,родившиеся,женщины,.,.,.,.,.,,,,число рождений,женщины,.,.,.,.,.,,,,.,"Статистические таблицы всероссийской империи или физическое политическое и статистическое начертание России, с ХIХ столетия, из новейших писателей извлеченное. М., 1807",таблица 25,Korchmina,.,.,1795
47,Пермская губерния,1795_31,.,.,1805,.,23293,человек,.,1.06,родившиеся,мужчины,.,.,.,.,.,,,,число рождений,мужчины,.,.,.,.,.,,,,.,"Статистические таблицы всероссийской империи или физическое политическое и статистическое начертание России, с ХIХ столетия, из новейших писателей извлеченное. М., 1807",таблица 25,Korchmina,.,.,1795
49,Полоцкая губерния,1795_33,.,.,1805,.,.,человек,.,1.06,родившиеся,женщины,.,.,.,.,.,,,,число рождений,женщины,.,.,.,.,.,,,,.,"Статистические таблицы всероссийской империи или физическое политическое и статистическое начертание России, с ХIХ столетия, из новейших писателей извлеченное. М., 1807",таблица 25,Korchmina,.,.,1795
50,Полоцкая губерния,1795_33,.,.,1805,.,.,человек,.,1.06,родившиеся,мужчины,.,.,.,.,.,,,,число рождений,мужчины,.,.,.,.,.,,,,.,"Статистические таблицы всероссийской империи или физическое политическое и статистическое начертание России, с ХIХ столетия, из новейших писателей извлеченное. М., 1807",таблица 25,Korchmina,.,.,1795
52,Псковская губерния,1795_34,.,.,1805,.,11073,человек,.,1.06,родившиеся,мужчины,.,.,.,.,.,,,,число рождений,мужчины,.,.,.,.,.,,,,.,"Статистические таблицы всероссийской империи или физическое политическое и статистическое начертание России, с ХIХ столетия, из новейших писателей извлеченное. М., 1807",таблица 25,Korchmina,.,.,1795
51,Псковская губерния,1795_34,.,.,1805,.,9292,человек,.,1.06,родившиеся,женщины,.,.,.,.,.,,,,число рождений,женщины,.,.,.,.,.,,,,.,"Статистические таблицы всероссийской империи или физическое политическое и статистическое начертание России, с ХIХ столетия, из новейших писателей извлеченное. М., 1807",таблица 25,Korchmina,.,.,1795
53,Рязанская губерния,1795_37,.,.,1805,.,18182,человек,.,1.06,родившиеся,женщины,.,.,.,.,.,,,,число рождений,женщины,.,.,.,.,.,,,,.,"Статистические таблицы всероссийской империи или физическое политическое и статистическое начертание России, с ХIХ столетия, из новейших писателей извлеченное. М., 1807",таблица 25,Korchmina,.,.,1795
54,Рязанская губерния,1795_37,.,.,1805,.,21350,человек,.,1.06,родившиеся,мужчины,.,.,.,.,.,,,,число рождений,мужчины,.,.,.,.,.,,,,.,"Статистические таблицы всероссийской империи или физическое политическое и статистическое начертание России, с ХIХ столетия, из новейших писателей извлеченное. М., 1807",таблица 25,Korchmina,.,.,1795
56,Санкт-Петербургская губерния,1795_38,.,.,1805,.,10649,человек,.,1.06,родившиеся,мужчины,.,.,.,.,.,,,,число рождений,мужчины,.,.,.,.,.,,,,.,"Статистические таблицы всероссийской империи или физическое политическое и статистическое начертание России, с ХIХ столетия, из новейших писателей извлеченное. М., 1807",таблица 25,Korchmina,.,.,1795
55,Санкт-Петербургская губерния,1795_38,.,.,1805,.,9959,человек,.,1.06,родившиеся,женщины,.,.,.,.,.,,,,число рождений,женщины,.,.,.,.,.,,,,.,"Статистические таблицы всероссийской империи или физическое политическое и статистическое начертание России, с ХIХ столетия, из новейших писателей извлеченное. М., 1807",таблица 25,Korchmina,.,.,1795
57,Саратовская губерния,1795_39,.,.,1805,.,.,человек,.,1.06,родившиеся,женщины,.,.,.,.,.,,,,число рождений,женщины,.,.,.,.,.,,,,.,"Статистические таблицы всероссийской империи или физическое политическое и статистическое начертание России, с ХIХ столетия, из новейших писателей извлеченное. М., 1807",таблица 25,Korchmina,.,.,1795
58,Саратовская губерния,1795_39,.,.,1805,.,.,человек,.,1.06,родившиеся,мужчины,.,.,.,.,.,,,,число рождений,мужчины,.,.,.,.,.,,,,.,"Статистические таблицы всероссийской империи или физическое политическое и статистическое начертание России, с ХIХ столетия, из новейших писателей извлеченное. М., 1807",таблица 25,Korchmina,.,.,1795
60,Симбирская губерния,1795_40,.,.,1805,.,.,человек,.,1.06,родившиеся,мужчины,.,.,.,.,.,,,,число рождений,мужчины,.,.,.,.,.,,,,.,"Статистические таблицы всероссийской империи или физическое политическое и статистическое начертание России, с ХIХ столетия, из новейших писателей извлеченное. М., 1807",таблица 25,Korchmina,.,.,1795
59,Симбирская губерния,1795_40,.,.,1805,.,.,человек,.,1.06,родившиеся,женщины,.,.,.,.,.,,,,число рождений,женщины,.,.,.,.,.,,,,.,"Статистические таблицы всероссийской империи или физическое политическое и статистическое начертание России, с ХIХ столетия, из новейших писателей извлеченное. М., 1807",таблица 25,Korchmina,.,.,1795
61,Смоленская губерния,1795_42,.,.,1805,.,22340,человек,.,1.06,родившиеся,женщины,.,.,.,.,.,,,,число рождений,женщины,.,.,.,.,.,,,,.,"Статистические таблицы всероссийской империи или физическое политическое и статистическое начертание России, с ХIХ столетия, из новейших писателей извлеченное. М., 1807",таблица 25,Korchmina,.,.,1795
62,Смоленская губерния,1795_42,.,.,1805,.,25041,человек,.,1.06,родившиеся,мужчины,.,.,.,.,.,,,,число рождений,мужчины,.,.,.,.,.,,,,.,"Статистические таблицы всероссийской империи или физическое политическое и статистическое начертание России, с ХIХ столетия, из новейших писателей извлеченное. М., 1807",таблица 25,Korchmina,.,.,1795
64,Тамбовская губерния,1795_43,.,.,1805,.,22004,человек,.,1.06,родившиеся,мужчины,.,.,.,.,.,,,,число рождений,мужчины,.,.,.,.,.,,,,.,"Статистические таблицы всероссийской империи или физическое политическое и статистическое начертание России, с ХIХ столетия, из новейших писателей извлеченное. М., 1807",таблица 25,Korchmina,.,.,1795
63,Тамбовская губерния,1795_43,.,.,1805,.,19223,человек,.,1.06,родившиеся,женщины,.,.,.,.,.,,,,число рождений,женщины,.,.,.,.,.,,,,.,"Статистические таблицы всероссийской империи или физическое политическое и статистическое начертание России, с ХIХ столетия, из новейших писателей извлеченное. М., 1807",таблица 25,Korchmina,.,.,1795
65,Тверская губерния,1795_44,.,.,1805,.,20940,человек,.,1.06,родившиеся,женщины,.,.,.,.,.,,,,число рождений,женщины,.,.,.,.,.,,,,.,"Статистические таблицы всероссийской империи или физическое политическое и статистическое начертание России, с ХIХ столетия, из новейших писателей извлеченное. М., 1807",таблица 25,Korchmina,.,.,1795
66,Тверская губерния,1795_44,.,.,1805,.,23115,человек,.,1.06,родившиеся,мужчины,.,.,.,.,.,,,,число рождений,мужчины,.,.,.,.,.,,,,.,"Статистические таблицы всероссийской империи или физическое политическое и статистическое начертание России, с ХIХ столетия, из новейших писателей извлеченное. М., 1807",таблица 25,Korchmina,.,.,1795
68,Тобольская губерния,1795_45,.,.,1805,.,20779,человек,.,1.06,родившиеся,мужчины,.,.,.,.,.,,,,число рождений,мужчины,.,.,.,.,.,,,,.,"Статистические таблицы всероссийской империи или физическое политическое и статистическое начертание России, с ХIХ столетия, из новейших писателей извлеченное. М., 1807",таблица 25,Korchmina,.,.,1795
67,Тобольская губерния,1795_45,.,.,1805,.,19745,человек,.,1.06,родившиеся,женщины,.,.,.,.,.,,,,число рождений,женщины,.,.,.,.,.,,,,.,"Статистические таблицы всероссийской империи или физическое политическое и статистическое начертание России, с ХIХ столетия, из новейших писателей извлеченное. М., 1807",таблица 25,Korchmina,.,.,1795
69,Тульская губерния,1795_46,.,.,1805,.,16873,человек,.,1.06,родившиеся,женщины,.,.,.,.,.,,,,число рождений,женщины,.,.,.,.,.,,,,.,"Статистические таблицы всероссийской империи или физическое политическое и статистическое начертание России, с ХIХ столетия, из новейших писателей извлеченное. М., 1807",таблица 25,Korchmina,.,.,1795
70,Тульская губерния,1795_46,.,.,1805,.,21211,человек,.,1.06,родившиеся,мужчины,.,.,.,.,.,,,,число рождений,мужчины,.,.,.,.,.,,,,.,"Статистические таблицы всероссийской империи или физическое политическое и статистическое начертание России, с ХIХ столетия, из новейших писателей извлеченное. М., 1807",таблица 25,Korchmina,.,.,1795
41,Уфимское наместничество,1795_47,.,.,1805,.,9015,человек,.,1.06,родившиеся,женщины,.,.,.,.,.,,,,число рождений,женщины,.,.,.,.,.,,,,.,"Статистические таблицы всероссийской империи или физическое политическое и статистическое начертание России, с ХIХ столетия, из новейших писателей извлеченное. М., 1807",таблица 25,Korchmina,.,.,1795
42,Уфимское наместничество,1795_47,.,.,1805,.,9767,человек,.,1.06,родившиеся,мужчины,.,.,.,.,.,,,,число рождений,мужчины,.,.,.,.,.,,,,.,"Статистические таблицы всероссийской империи или физическое политическое и статистическое начертание России, с ХIХ столетия, из новейших писателей извлеченное. М., 1807",таблица 25,Korchmina,.,.,1795
71,Уфимское наместничество,1795_47,.,.,1805,.,.,человек,.,1.06,родившиеся,женщины,.,.,.,.,.,,,,число рождений,женщины,.,.,.,.,.,,,,.,"Статистические таблицы всероссийской империи или физическое политическое и статистическое начертание России, с ХIХ столетия, из новейших писателей извлеченное. М., 1807",таблица 25,Korchmina,.,.,1795
72,Уфимское наместничество,1795_47,.,.,1805,.,.,человек,.,1.06,родившиеся,мужчины,.,.,.,.,.,,,,число рождений,мужчины,.,.,.,.,.,,,,.,"Статистические таблицы всероссийской империи или физическое политическое и статистическое начертание России, с ХIХ столетия, из новейших писателей извлеченное. М., 1807",таблица 25,Korchmina,.,.,1795
73,Черниговская губерния,1795_49,.,.,1805,.,30316,человек,.,1.06,родившиеся,женщины,.,.,.,.,.,,,,число рождений,женщины,.,.,.,.,.,,,,.,"Статистические таблицы всероссийской империи или физическое политическое и статистическое начертание России, с ХIХ столетия, из новейших писателей извлеченное. М., 1807",таблица 25,Korchmina,.,.,1795
74,Черниговская губерния,1795_49,.,.,1805,.,31571,человек,.,1.06,родившиеся,мужчины,.,.,.,.,.,,,,число рождений,мужчины,.,.,.,.,.,,,,.,"Статистические таблицы всероссийской империи или физическое политическое и статистическое начертание России, с ХIХ столетия, из новейших писателей извлеченное. М., 1807",таблица 25,Korchmina,.,.,1795
75,Ярославская губерния,1795_50,.,.,1805,.,15559,человек,.,1.06,родившиеся,женщины,.,.,.,.,.,,,,число рождений,женщины,.,.,.,.,.,,,,.,"Статистические таблицы всероссийской империи или физическое политическое и статистическое начертание России, с ХIХ столетия, из новейших писателей извлеченное. М., 1807",таблица 25,Korchmina,.,.,1795
76,Ярославская губерния,1795_50,.,.,1805,.,16853,человек,.,1.06,родившиеся,мужчины,.,.,.,.,.,,,,число рождений,мужчины,.,.,.,.,.,,,,.,"Статистические таблицы всероссийской империи или физическое политическое и статистическое начертание России, с ХIХ столетия, из новейших писателей извлеченное. М., 1807",таблица 25,Korchmina,.,.,1795
