ID,TERRITORY,TER_CODE,TOWN,DISTRICT,YEAR,MONTH,VALUE,VALUE_UNIT,VALUE_LABEL,DATATYPE,HISTCLASS1,HISTCLASS2,HISTCLASS3,HISTCLASS4,HISTCLASS5,HISTCLASS6,HISTCLASS7,HISTCLASS8,HISTCLASS9,HISTCLASS10,CLASS1,CLASS2,CLASS3,CLASS4,CLASS5,CLASS6,CLASS7,CLASS8,CLASS9,CLASS10,COMMENT_SOURCE,SOURCE,VOLUME,PAGE,NABORSHIK_ID,COMMENT_NABORSHIK,
45,Республика Адыгея,2002_01,.,.,2002,.,2410000000,рублей,.,4.01,Продукция сельского хозяйства,.,.,.,.,.,.,,,,.,.,.,.,.,.,.,,,,.,"Регионы России. Социально-экономические показатели. 2003: Стат. сб. / Госкомстат России. − М., 2003.",.,495-496,Nataliya Menskaya,.,2002
47,Республика Башкортостан,2002_02,.,.,2002,.,44102000000,рублей,.,4.01,Продукция сельского хозяйства,.,.,.,.,.,.,,,,.,.,.,.,.,.,.,,,,.,"Регионы России. Социально-экономические показатели. 2003: Стат. сб. / Госкомстат России. − М., 2003.",.,495-496,Nataliya Menskaya,.,2002
48,Республика Бурятия,2002_03,.,.,2002,.,6018000000,рублей,.,4.01,Продукция сельского хозяйства,.,.,.,.,.,.,,,,.,.,.,.,.,.,.,,,,.,"Регионы России. Социально-экономические показатели. 2003: Стат. сб. / Госкомстат России. − М., 2003.",.,495-496,Nataliya Menskaya,.,2002
46,Республика Алтай,2002_04,.,.,2002,.,2372000000,рублей,.,4.01,Продукция сельского хозяйства,.,.,.,.,.,.,,,,.,.,.,.,.,.,.,,,,.,"Регионы России. Социально-экономические показатели. 2003: Стат. сб. / Госкомстат России. − М., 2003.",.,495-496,Nataliya Menskaya,.,2002
49,Республика Дагестан,2002_05,.,.,2002,.,14000000000,рублей,.,4.01,Продукция сельского хозяйства,.,.,.,.,.,.,,,,.,.,.,.,.,.,.,,,,.,"Регионы России. Социально-экономические показатели. 2003: Стат. сб. / Госкомстат России. − М., 2003.",.,495-496,Nataliya Menskaya,.,2002
50,Республика Ингушетия,2002_06,.,.,2002,.,1519000000,рублей,.,4.01,Продукция сельского хозяйства,.,.,.,.,.,.,,,,.,.,.,.,.,.,.,,,,.,"Регионы России. Социально-экономические показатели. 2003: Стат. сб. / Госкомстат России. − М., 2003.",.,495-496,Nataliya Menskaya,.,2002
15,Кабардино-Балкарская Республика,2002_07,.,.,2002,.,11788000000,рублей,.,4.01,Продукция сельского хозяйства,.,.,.,.,.,.,,,,.,.,.,.,.,.,.,,,,.,"Регионы России. Социально-экономические показатели. 2003: Стат. сб. / Госкомстат России. − М., 2003.",.,495-496,Nataliya Menskaya,.,2002
51,Республика Калмыкия,2002_08,.,.,2002,.,2135000000,рублей,.,4.01,Продукция сельского хозяйства,.,.,.,.,.,.,,,,.,.,.,.,.,.,.,,,,.,"Регионы России. Социально-экономические показатели. 2003: Стат. сб. / Госкомстат России. − М., 2003.",.,495-496,Nataliya Menskaya,.,2002
19,Карачаево-Черкесская Республика,2002_09,.,.,2002,.,4655000000,рублей,.,4.01,Продукция сельского хозяйства,.,.,.,.,.,.,,,,.,.,.,.,.,.,.,,,,.,"Регионы России. Социально-экономические показатели. 2003: Стат. сб. / Госкомстат России. − М., 2003.",.,495-496,Nataliya Menskaya,.,2002
52,Республика Карелия,2002_10,.,.,2002,.,2285000000,рублей,.,4.01,Продукция сельского хозяйства,.,.,.,.,.,.,,,,.,.,.,.,.,.,.,,,,.,"Регионы России. Социально-экономические показатели. 2003: Стат. сб. / Госкомстат России. − М., 2003.",.,495-496,Nataliya Menskaya,.,2002
53,Республика Коми,2002_11,.,.,2002,.,3576000000,рублей,.,4.01,Продукция сельского хозяйства,.,.,.,.,.,.,,,,.,.,.,.,.,.,.,,,,.,"Регионы России. Социально-экономические показатели. 2003: Стат. сб. / Госкомстат России. − М., 2003.",.,495-496,Nataliya Menskaya,.,2002
54,Республика Марий Эл,2002_12,.,.,2002,.,6596000000,рублей,.,4.01,Продукция сельского хозяйства,.,.,.,.,.,.,,,,.,.,.,.,.,.,.,,,,.,"Регионы России. Социально-экономические показатели. 2003: Стат. сб. / Госкомстат России. − М., 2003.",.,495-496,Nataliya Menskaya,.,2002
55,Республика Мордовия,2002_13,.,.,2002,.,11457000000,рублей,.,4.01,Продукция сельского хозяйства,.,.,.,.,.,.,,,,.,.,.,.,.,.,.,,,,.,"Регионы России. Социально-экономические показатели. 2003: Стат. сб. / Госкомстат России. − М., 2003.",.,495-496,Nataliya Menskaya,.,2002
56,Республика Саха (Якутия),2002_14,.,.,2002,.,8195000000,рублей,.,4.01,Продукция сельского хозяйства,.,.,.,.,.,.,,,,.,.,.,.,.,.,.,,,,.,"Регионы России. Социально-экономические показатели. 2003: Стат. сб. / Госкомстат России. − М., 2003.",.,495-496,Nataliya Menskaya,.,2002
57,Республика Северная Осетия – Алания,2002_15,.,.,2002,.,4714000000,рублей,.,4.01,Продукция сельского хозяйства,.,.,.,.,.,.,,,,.,.,.,.,.,.,.,,,,.,"Регионы России. Социально-экономические показатели. 2003: Стат. сб. / Госкомстат России. − М., 2003.",.,495-496,Nataliya Menskaya,.,2002
58,Республика Татарстан,2002_16,.,.,2002,.,40260000000,рублей,.,4.01,Продукция сельского хозяйства,.,.,.,.,.,.,,,,.,.,.,.,.,.,.,,,,.,"Регионы России. Социально-экономические показатели. 2003: Стат. сб. / Госкомстат России. − М., 2003.",.,495-496,Nataliya Menskaya,.,2002
59,Республика Тыва,2002_17,.,.,2002,.,1640000000,рублей,.,4.01,Продукция сельского хозяйства,.,.,.,.,.,.,,,,.,.,.,.,.,.,.,,,,.,"Регионы России. Социально-экономические показатели. 2003: Стат. сб. / Госкомстат России. − М., 2003.",.,495-496,Nataliya Menskaya,.,2002
75,Удмуртская Республика,2002_18,.,.,2002,.,14620000000,рублей,.,4.01,Продукция сельского хозяйства,.,.,.,.,.,.,,,,.,.,.,.,.,.,.,,,,.,"Регионы России. Социально-экономические показатели. 2003: Стат. сб. / Госкомстат России. − М., 2003.",.,495-496,Nataliya Menskaya,.,2002
60,Республика Хакасия,2002_19,.,.,2002,.,3488000000,рублей,.,4.01,Продукция сельского хозяйства,.,.,.,.,.,.,,,,.,.,.,.,.,.,.,,,,.,"Регионы России. Социально-экономические показатели. 2003: Стат. сб. / Госкомстат России. − М., 2003.",.,495-496,Nataliya Menskaya,.,2002
81,Чеченская республика,2002_20,.,.,2002,.,0,рублей,.,4.01,Продукция сельского хозяйства,.,.,.,.,.,.,,,,.,.,.,.,.,.,.,,,,.,"Регионы России. Социально-экономические показатели. 2003: Стат. сб. / Госкомстат России. − М., 2003.",.,495-496,Nataliya Menskaya,.,2002
83,Чувашская Республика – Чувашия,2002_21,.,.,2002,.,10704000000,рублей,.,4.01,Продукция сельского хозяйства,.,.,.,.,.,.,,,,.,.,.,.,.,.,.,,,,.,"Регионы России. Социально-экономические показатели. 2003: Стат. сб. / Госкомстат России. − М., 2003.",.,495-496,Nataliya Menskaya,.,2002
2,Алтайский край,2002_22,.,.,2002,.,31821000000,рублей,.,4.01,Продукция сельского хозяйства,.,.,.,.,.,.,,,,.,.,.,.,.,.,.,,,,.,"Регионы России. Социально-экономические показатели. 2003: Стат. сб. / Госкомстат России. − М., 2003.",.,495-496,Nataliya Menskaya,.,2002
25,Краснодарский край,2002_23,.,.,2002,.,66199000000,рублей,.,4.01,Продукция сельского хозяйства,.,.,.,.,.,.,,,,.,.,.,.,.,.,.,,,,.,"Регионы России. Социально-экономические показатели. 2003: Стат. сб. / Госкомстат России. − М., 2003.",.,495-496,Nataliya Menskaya,.,2002
26,Красноярский край,2002_24,.,.,2002,.,22682000000,рублей,.,4.01,Продукция сельского хозяйства,.,.,.,.,.,.,,,,.,.,.,.,.,.,.,,,,.,"Регионы России. Социально-экономические показатели. 2003: Стат. сб. / Госкомстат России. − М., 2003.",.,495-496,Nataliya Menskaya,.,2002
43,Приморский край,2002_25,.,.,2002,.,6786000000,рублей,.,4.01,Продукция сельского хозяйства,.,.,.,.,.,.,,,,.,.,.,.,.,.,.,,,,.,"Регионы России. Социально-экономические показатели. 2003: Стат. сб. / Госкомстат России. − М., 2003.",.,495-496,Nataliya Menskaya,.,2002
68,Ставропольский край,2002_26,.,.,2002,.,27068000000,рублей,.,4.01,Продукция сельского хозяйства,.,.,.,.,.,.,,,,.,.,.,.,.,.,.,,,,.,"Регионы России. Социально-экономические показатели. 2003: Стат. сб. / Госкомстат России. − М., 2003.",.,495-496,Nataliya Menskaya,.,2002
78,Хабаровский край,2002_27,.,.,2002,.,5930000000,рублей,.,4.01,Продукция сельского хозяйства,.,.,.,.,.,.,,,,.,.,.,.,.,.,.,,,,.,"Регионы России. Социально-экономические показатели. 2003: Стат. сб. / Госкомстат России. − М., 2003.",.,495-496,Nataliya Menskaya,.,2002
3,Амурская область,2002_28,.,.,2002,.,8592000000,рублей,.,4.01,Продукция сельского хозяйства,.,.,.,.,.,.,,,,.,.,.,.,.,.,.,,,,.,"Регионы России. Социально-экономические показатели. 2003: Стат. сб. / Госкомстат России. − М., 2003.",.,495-496,Nataliya Menskaya,.,2002
4,Архангельская область,2002_29,.,.,2002,.,5505000000,рублей,.,4.01,Продукция сельского хозяйства,.,.,.,.,.,.,,,,.,.,.,.,.,.,.,,,,.,"Регионы России. Социально-экономические показатели. 2003: Стат. сб. / Госкомстат России. − М., 2003.",.,495-496,Nataliya Menskaya,.,2002
5,Астраханская область,2002_30,.,.,2002,.,4360000000,рублей,.,4.01,Продукция сельского хозяйства,.,.,.,.,.,.,,,,.,.,.,.,.,.,.,,,,.,"Регионы России. Социально-экономические показатели. 2003: Стат. сб. / Госкомстат России. − М., 2003.",.,495-496,Nataliya Menskaya,.,2002
6,Белгородская область,2002_31,.,.,2002,.,20209000000,рублей,.,4.01,Продукция сельского хозяйства,.,.,.,.,.,.,,,,.,.,.,.,.,.,.,,,,.,"Регионы России. Социально-экономические показатели. 2003: Стат. сб. / Госкомстат России. − М., 2003.",.,495-496,Nataliya Menskaya,.,2002
7,Брянская область,2002_32,.,.,2002,.,13582000000,рублей,.,4.01,Продукция сельского хозяйства,.,.,.,.,.,.,,,,.,.,.,.,.,.,.,,,,.,"Регионы России. Социально-экономические показатели. 2003: Стат. сб. / Госкомстат России. − М., 2003.",.,495-496,Nataliya Menskaya,.,2002
8,Владимирская область,2002_33,.,.,2002,.,9777000000,рублей,.,4.01,Продукция сельского хозяйства,.,.,.,.,.,.,,,,.,.,.,.,.,.,.,,,,.,"Регионы России. Социально-экономические показатели. 2003: Стат. сб. / Госкомстат России. − М., 2003.",.,495-496,Nataliya Menskaya,.,2002
9,Волгоградская область,2002_34,.,.,2002,.,24553000000,рублей,.,4.01,Продукция сельского хозяйства,.,.,.,.,.,.,,,,.,.,.,.,.,.,.,,,,.,"Регионы России. Социально-экономические показатели. 2003: Стат. сб. / Госкомстат России. − М., 2003.",.,495-496,Nataliya Menskaya,.,2002
10,Вологодская область,2002_35,.,.,2002,.,12190000000,рублей,.,4.01,Продукция сельского хозяйства,.,.,.,.,.,.,,,,.,.,.,.,.,.,.,,,,.,"Регионы России. Социально-экономические показатели. 2003: Стат. сб. / Госкомстат России. − М., 2003.",.,495-496,Nataliya Menskaya,.,2002
11,Воронежская область,2002_36,.,.,2002,.,23677000000,рублей,.,4.01,Продукция сельского хозяйства,.,.,.,.,.,.,,,,.,.,.,.,.,.,.,,,,.,"Регионы России. Социально-экономические показатели. 2003: Стат. сб. / Госкомстат России. − М., 2003.",.,495-496,Nataliya Menskaya,.,2002
13,Ивановская область,2002_37,.,.,2002,.,5185000000,рублей,.,4.01,Продукция сельского хозяйства,.,.,.,.,.,.,,,,.,.,.,.,.,.,.,,,,.,"Регионы России. Социально-экономические показатели. 2003: Стат. сб. / Госкомстат России. − М., 2003.",.,495-496,Nataliya Menskaya,.,2002
14,Иркутская область,2002_38,.,.,2002,.,16832000000,рублей,.,4.01,Продукция сельского хозяйства,.,.,.,.,.,.,,,,.,.,.,.,.,.,.,,,,.,"Регионы России. Социально-экономические показатели. 2003: Стат. сб. / Госкомстат России. − М., 2003.",.,495-496,Nataliya Menskaya,.,2002
16,Калининградская область,2002_39,.,.,2002,.,4883000000,рублей,.,4.01,Продукция сельского хозяйства,.,.,.,.,.,.,,,,.,.,.,.,.,.,.,,,,.,"Регионы России. Социально-экономические показатели. 2003: Стат. сб. / Госкомстат России. − М., 2003.",.,495-496,Nataliya Menskaya,.,2002
17,Калужская область,2002_40,.,.,2002,.,8460000000,рублей,.,4.01,Продукция сельского хозяйства,.,.,.,.,.,.,,,,.,.,.,.,.,.,.,,,,.,"Регионы России. Социально-экономические показатели. 2003: Стат. сб. / Госкомстат России. − М., 2003.",.,495-496,Nataliya Menskaya,.,2002
18,Камчатская область,2002_41,.,.,2002,.,2114000000,рублей,.,4.01,Продукция сельского хозяйства,.,.,.,.,.,.,,,,.,.,.,.,.,.,.,,,,.,"Регионы России. Социально-экономические показатели. 2003: Стат. сб. / Госкомстат России. − М., 2003.",.,495-496,Nataliya Menskaya,.,2002
20,Кемеровская область,2002_42,.,.,2002,.,12250000000,рублей,.,4.01,Продукция сельского хозяйства,.,.,.,.,.,.,,,,.,.,.,.,.,.,.,,,,.,"Регионы России. Социально-экономические показатели. 2003: Стат. сб. / Госкомстат России. − М., 2003.",.,495-496,Nataliya Menskaya,.,2002
21,Кировская область,2002_43,.,.,2002,.,14133000000,рублей,.,4.01,Продукция сельского хозяйства,.,.,.,.,.,.,,,,.,.,.,.,.,.,.,,,,.,"Регионы России. Социально-экономические показатели. 2003: Стат. сб. / Госкомстат России. − М., 2003.",.,495-496,Nataliya Menskaya,.,2002
24,Костромская область,2002_44,.,.,2002,.,7882000000,рублей,.,4.01,Продукция сельского хозяйства,.,.,.,.,.,.,,,,.,.,.,.,.,.,.,,,,.,"Регионы России. Социально-экономические показатели. 2003: Стат. сб. / Госкомстат России. − М., 2003.",.,495-496,Nataliya Menskaya,.,2002
27,Курганская область,2002_45,.,.,2002,.,9913000000,рублей,.,4.01,Продукция сельского хозяйства,.,.,.,.,.,.,,,,.,.,.,.,.,.,.,,,,.,"Регионы России. Социально-экономические показатели. 2003: Стат. сб. / Госкомстат России. − М., 2003.",.,495-496,Nataliya Menskaya,.,2002
28,Курская область,2002_46,.,.,2002,.,16522000000,рублей,.,4.01,Продукция сельского хозяйства,.,.,.,.,.,.,,,,.,.,.,.,.,.,.,,,,.,"Регионы России. Социально-экономические показатели. 2003: Стат. сб. / Госкомстат России. − М., 2003.",.,495-496,Nataliya Menskaya,.,2002
29,Ленинградская область,2002_47,.,.,2002,.,22895000000,рублей,.,4.01,Продукция сельского хозяйства,.,.,.,.,.,.,,,,.,.,.,.,.,.,.,,,,.,"Регионы России. Социально-экономические показатели. 2003: Стат. сб. / Госкомстат России. − М., 2003.",.,495-496,Nataliya Menskaya,.,2002
30,Липецкая область,2002_48,.,.,2002,.,14041000000,рублей,.,4.01,Продукция сельского хозяйства,.,.,.,.,.,.,,,,.,.,.,.,.,.,.,,,,.,"Регионы России. Социально-экономические показатели. 2003: Стат. сб. / Госкомстат России. − М., 2003.",.,495-496,Nataliya Menskaya,.,2002
31,Магаданская область,2002_49,.,.,2002,.,618000000,рублей,.,4.01,Продукция сельского хозяйства,.,.,.,.,.,.,,,,.,.,.,.,.,.,.,,,,.,"Регионы России. Социально-экономические показатели. 2003: Стат. сб. / Госкомстат России. − М., 2003.",.,495-496,Nataliya Menskaya,.,2002
32,Московская область,2002_50,.,.,2002,.,31615000000,рублей,.,4.01,Продукция сельского хозяйства,.,.,.,.,.,.,,,,.,.,.,.,.,.,.,,,,.,"Регионы России. Социально-экономические показатели. 2003: Стат. сб. / Госкомстат России. − М., 2003.",.,495-496,Nataliya Menskaya,.,2002
33,Мурманская область,2002_51,.,.,2002,.,1446000000,рублей,.,4.01,Продукция сельского хозяйства,.,.,.,.,.,.,,,,.,.,.,.,.,.,.,,,,.,"Регионы России. Социально-экономические показатели. 2003: Стат. сб. / Госкомстат России. − М., 2003.",.,495-496,Nataliya Menskaya,.,2002
35,Нижегородская область,2002_52,.,.,2002,.,19068000000,рублей,.,4.01,Продукция сельского хозяйства,.,.,.,.,.,.,,,,.,.,.,.,.,.,.,,,,.,"Регионы России. Социально-экономические показатели. 2003: Стат. сб. / Госкомстат России. − М., 2003.",.,495-496,Nataliya Menskaya,.,2002
36,Новгородская область,2002_53,.,.,2002,.,5847000000,рублей,.,4.01,Продукция сельского хозяйства,.,.,.,.,.,.,,,,.,.,.,.,.,.,.,,,,.,"Регионы России. Социально-экономические показатели. 2003: Стат. сб. / Госкомстат России. − М., 2003.",.,495-496,Nataliya Menskaya,.,2002
37,Новосибирская область,2002_54,.,.,2002,.,26014000000,рублей,.,4.01,Продукция сельского хозяйства,.,.,.,.,.,.,,,,.,.,.,.,.,.,.,,,,.,"Регионы России. Социально-экономические показатели. 2003: Стат. сб. / Госкомстат России. − М., 2003.",.,495-496,Nataliya Menskaya,.,2002
38,Омская область,2002_55,.,.,2002,.,22498000000,рублей,.,4.01,Продукция сельского хозяйства,.,.,.,.,.,.,,,,.,.,.,.,.,.,.,,,,.,"Регионы России. Социально-экономические показатели. 2003: Стат. сб. / Госкомстат России. − М., 2003.",.,495-496,Nataliya Menskaya,.,2002
39,Оренбургская область,2002_56,.,.,2002,.,22030000000,рублей,.,4.01,Продукция сельского хозяйства,.,.,.,.,.,.,,,,.,.,.,.,.,.,.,,,,.,"Регионы России. Социально-экономические показатели. 2003: Стат. сб. / Госкомстат России. − М., 2003.",.,495-496,Nataliya Menskaya,.,2002
40,Орловская область,2002_57,.,.,2002,.,12613000000,рублей,.,4.01,Продукция сельского хозяйства,.,.,.,.,.,.,,,,.,.,.,.,.,.,.,,,,.,"Регионы России. Социально-экономические показатели. 2003: Стат. сб. / Госкомстат России. − М., 2003.",.,495-496,Nataliya Menskaya,.,2002
41,Пензенская область,2002_58,.,.,2002,.,11982000000,рублей,.,4.01,Продукция сельского хозяйства,.,.,.,.,.,.,,,,.,.,.,.,.,.,.,,,,.,"Регионы России. Социально-экономические показатели. 2003: Стат. сб. / Госкомстат России. − М., 2003.",.,495-496,Nataliya Menskaya,.,2002
42,Пермская область,2002_59,.,.,2002,.,17303000000,рублей,.,4.01,Продукция сельского хозяйства,.,.,.,.,.,.,,,,.,.,.,.,.,.,.,,,,.,"Регионы России. Социально-экономические показатели. 2003: Стат. сб. / Госкомстат России. − М., 2003.",.,495-496,Nataliya Menskaya,.,2002
44,Псковская область,2002_60,.,.,2002,.,6167000000,рублей,.,4.01,Продукция сельского хозяйства,.,.,.,.,.,.,,,,.,.,.,.,.,.,.,,,,.,"Регионы России. Социально-экономические показатели. 2003: Стат. сб. / Госкомстат России. − М., 2003.",.,495-496,Nataliya Menskaya,.,2002
61,Ростовская область,2002_61,.,.,2002,.,37406000000,рублей,.,4.01,Продукция сельского хозяйства,.,.,.,.,.,.,,,,.,.,.,.,.,.,.,,,,.,"Регионы России. Социально-экономические показатели. 2003: Стат. сб. / Госкомстат России. − М., 2003.",.,495-496,Nataliya Menskaya,.,2002
62,Рязанская область,2002_62,.,.,2002,.,12364000000,рублей,.,4.01,Продукция сельского хозяйства,.,.,.,.,.,.,,,,.,.,.,.,.,.,.,,,,.,"Регионы России. Социально-экономические показатели. 2003: Стат. сб. / Госкомстат России. − М., 2003.",.,495-496,Nataliya Menskaya,.,2002
63,Самарская область,2002_63,.,.,2002,.,21939000000,рублей,.,4.01,Продукция сельского хозяйства,.,.,.,.,.,.,,,,.,.,.,.,.,.,.,,,,.,"Регионы России. Социально-экономические показатели. 2003: Стат. сб. / Госкомстат России. − М., 2003.",.,495-496,Nataliya Menskaya,.,2002
64,Саратовская область,2002_64,.,.,2002,.,25366000000,рублей,.,4.01,Продукция сельского хозяйства,.,.,.,.,.,.,,,,.,.,.,.,.,.,.,,,,.,"Регионы России. Социально-экономические показатели. 2003: Стат. сб. / Госкомстат России. − М., 2003.",.,495-496,Nataliya Menskaya,.,2002
65,Сахалинская область,2002_65,.,.,2002,.,2628000000,рублей,.,4.01,Продукция сельского хозяйства,.,.,.,.,.,.,,,,.,.,.,.,.,.,.,,,,.,"Регионы России. Социально-экономические показатели. 2003: Стат. сб. / Госкомстат России. − М., 2003.",.,495-496,Nataliya Menskaya,.,2002
66,Свердловская область,2002_66,.,.,2002,.,22748000000,рублей,.,4.01,Продукция сельского хозяйства,.,.,.,.,.,.,,,,.,.,.,.,.,.,.,,,,.,"Регионы России. Социально-экономические показатели. 2003: Стат. сб. / Госкомстат России. − М., 2003.",.,495-496,Nataliya Menskaya,.,2002
67,Смоленская область,2002_67,.,.,2002,.,7984000000,рублей,.,4.01,Продукция сельского хозяйства,.,.,.,.,.,.,,,,.,.,.,.,.,.,.,,,,.,"Регионы России. Социально-экономические показатели. 2003: Стат. сб. / Госкомстат России. − М., 2003.",.,495-496,Nataliya Menskaya,.,2002
70,Тамбовская область,2002_68,.,.,2002,.,14211000000,рублей,.,4.01,Продукция сельского хозяйства,.,.,.,.,.,.,,,,.,.,.,.,.,.,.,,,,.,"Регионы России. Социально-экономические показатели. 2003: Стат. сб. / Госкомстат России. − М., 2003.",.,495-496,Nataliya Menskaya,.,2002
71,Тверская область,2002_69,.,.,2002,.,11565000000,рублей,.,4.01,Продукция сельского хозяйства,.,.,.,.,.,.,,,,.,.,.,.,.,.,.,,,,.,"Регионы России. Социально-экономические показатели. 2003: Стат. сб. / Госкомстат России. − М., 2003.",.,495-496,Nataliya Menskaya,.,2002
72,Томская область,2002_70,.,.,2002,.,6249000000,рублей,.,4.01,Продукция сельского хозяйства,.,.,.,.,.,.,,,,.,.,.,.,.,.,.,,,,.,"Регионы России. Социально-экономические показатели. 2003: Стат. сб. / Госкомстат России. − М., 2003.",.,495-496,Nataliya Menskaya,.,2002
73,Тульская область,2002_71,.,.,2002,.,14107000000,рублей,.,4.01,Продукция сельского хозяйства,.,.,.,.,.,.,,,,.,.,.,.,.,.,.,,,,.,"Регионы России. Социально-экономические показатели. 2003: Стат. сб. / Госкомстат России. − М., 2003.",.,495-496,Nataliya Menskaya,.,2002
74,Тюменская область,2002_72,.,.,2002,.,16176000000,рублей,.,4.01,Продукция сельского хозяйства,.,.,.,.,.,.,,,,.,.,.,.,.,.,.,,,,.,"Регионы России. Социально-экономические показатели. 2003: Стат. сб. / Госкомстат России. − М., 2003.",.,495-496,Nataliya Menskaya,.,2002
76,Ульяновская область,2002_73,.,.,2002,.,8926000000,рублей,.,4.01,Продукция сельского хозяйства,.,.,.,.,.,.,,,,.,.,.,.,.,.,.,,,,.,"Регионы России. Социально-экономические показатели. 2003: Стат. сб. / Госкомстат России. − М., 2003.",.,495-496,Nataliya Menskaya,.,2002
80,Челябинская область,2002_74,.,.,2002,.,17573000000,рублей,.,4.01,Продукция сельского хозяйства,.,.,.,.,.,.,,,,.,.,.,.,.,.,.,,,,.,"Регионы России. Социально-экономические показатели. 2003: Стат. сб. / Госкомстат России. − М., 2003.",.,495-496,Nataliya Menskaya,.,2002
82,Читинская область,2002_75,.,.,2002,.,6936000000,рублей,.,4.01,Продукция сельского хозяйства,.,.,.,.,.,.,,,,.,.,.,.,.,.,.,,,,.,"Регионы России. Социально-экономические показатели. 2003: Стат. сб. / Госкомстат России. − М., 2003.",.,495-496,Nataliya Menskaya,.,2002
87,Ярославская область,2002_76,.,.,2002,.,9771000000,рублей,.,4.01,Продукция сельского хозяйства,.,.,.,.,.,.,,,,.,.,.,.,.,.,.,,,,.,"Регионы России. Социально-экономические показатели. 2003: Стат. сб. / Госкомстат России. − М., 2003.",.,495-496,Nataliya Menskaya,.,2002
12,Еврейская автономная область,2002_79,.,.,2002,.,1393000000,рублей,.,4.01,Продукция сельского хозяйства,.,.,.,.,.,.,,,,.,.,.,.,.,.,.,,,,.,"Регионы России. Социально-экономические показатели. 2003: Стат. сб. / Госкомстат России. − М., 2003.",.,495-496,Nataliya Menskaya,.,2002
1,Агинский Бурятский автономный округ,2002_80,.,.,2002,.,775000000,рублей,.,4.01,Продукция сельского хозяйства,.,.,.,.,.,.,,,,.,.,.,.,.,.,.,,,,.,"Регионы России. Социально-экономические показатели. 2003: Стат. сб. / Госкомстат России. − М., 2003.",.,495-496,Nataliya Menskaya,.,2002
22,Коми-Пермяцкий автономный округ,2002_81,.,.,2002,.,1381000000,рублей,.,4.01,Продукция сельского хозяйства,.,.,.,.,.,.,,,,.,.,.,.,.,.,.,,,,.,"Регионы России. Социально-экономические показатели. 2003: Стат. сб. / Госкомстат России. − М., 2003.",.,495-496,Nataliya Menskaya,.,2002
23,Корякский автономный округ,2002_82,.,.,2002,.,91000000,рублей,.,4.01,Продукция сельского хозяйства,.,.,.,.,.,.,,,,.,.,.,.,.,.,.,,,,.,"Регионы России. Социально-экономические показатели. 2003: Стат. сб. / Госкомстат России. − М., 2003.",.,495-496,Nataliya Menskaya,.,2002
34,Ненецкий автономный округ,2002_83,.,.,2002,.,234000000,рублей,.,4.01,Продукция сельского хозяйства,.,.,.,.,.,.,,,,.,.,.,.,.,.,.,,,,.,"Регионы России. Социально-экономические показатели. 2003: Стат. сб. / Госкомстат России. − М., 2003.",.,495-496,Nataliya Menskaya,.,2002
69,Таймырский (Долгано-Ненецкий) автономный округ,2002_84,.,.,2002,.,25000000,рублей,.,4.01,Продукция сельского хозяйства,.,.,.,.,.,.,,,,.,.,.,.,.,.,.,,,,.,"Регионы России. Социально-экономические показатели. 2003: Стат. сб. / Госкомстат России. − М., 2003.",.,495-496,Nataliya Menskaya,.,2002
77,Усть-Ордынский Бурятский автономный округ,2002_85,.,.,2002,.,3517000000,рублей,.,4.01,Продукция сельского хозяйства,.,.,.,.,.,.,,,,.,.,.,.,.,.,.,,,,.,"Регионы России. Социально-экономические показатели. 2003: Стат. сб. / Госкомстат России. − М., 2003.",.,495-496,Nataliya Menskaya,.,2002
79,Ханты-Мансийский автономный округ,2002_86,.,.,2002,.,1655000000,рублей,.,4.01,Продукция сельского хозяйства,.,.,.,.,.,.,,,,.,.,.,.,.,.,.,,,,.,"Регионы России. Социально-экономические показатели. 2003: Стат. сб. / Госкомстат России. − М., 2003.",.,495-496,Nataliya Menskaya,.,2002
84,Чукотский автономный округ,2002_87,.,.,2002,.,136000000,рублей,.,4.01,Продукция сельского хозяйства,.,.,.,.,.,.,,,,.,.,.,.,.,.,.,,,,.,"Регионы России. Социально-экономические показатели. 2003: Стат. сб. / Госкомстат России. − М., 2003.",.,495-496,Nataliya Menskaya,.,2002
85,Эвенкийский автономный округ,2002_88,.,.,2002,.,66000000,рублей,.,4.01,Продукция сельского хозяйства,.,.,.,.,.,.,,,,.,.,.,.,.,.,.,,,,.,"Регионы России. Социально-экономические показатели. 2003: Стат. сб. / Госкомстат России. − М., 2003.",.,495-496,Nataliya Menskaya,.,2002
86,Ямало-Ненецкий автономный округ,2002_89,.,.,2002,.,416000000,рублей,.,4.01,Продукция сельского хозяйства,.,.,.,.,.,.,,,,.,.,.,.,.,.,.,,,,.,"Регионы России. Социально-экономические показатели. 2003: Стат. сб. / Госкомстат России. − М., 2003.",.,495-496,Nataliya Menskaya,.,2002
