ID,TERRITORY,TER_CODE,TOWN,DISTRICT,YEAR,MONTH,VALUE,VALUE_UNIT,VALUE_LABEL,DATATYPE,HISTCLASS1,HISTCLASS2,HISTCLASS3,HISTCLASS4,HISTCLASS5,HISTCLASS6,HISTCLASS7,HISTCLASS8,HISTCLASS9,HISTCLASS10,CLASS1,CLASS2,CLASS3,CLASS4,CLASS5,CLASS6,CLASS7,CLASS8,CLASS9,CLASS10,COMMENT_SOURCE,SOURCE,VOLUME,PAGE,NABORSHIK_ID,COMMENT_NABORSHIK,
17,Башкирская АССР,1959_02,.,.,1959,.,109587,человек,.,1.06,число родившихся (без мертворожденных) обоего пола,.,.,.,.,.,.,,,,число рождений,.,.,.,.,.,.,,,,.,"Ф. 1562 оп. 27 д. 814 Годовые сводки общих итогов естественного движения населения по автономным республикам, областям…. (в границах переписи 1959 г. т.1.) крайняя дата дела 1959. Общие итоги естественного движения населения за 1959 г. (в границах переписи 1959 г.) ф. № 1а",.,11,"Павленко О.В., Н. Сидоренко",.,1959
29,Бурятская АССР,1959_03,.,.,1959,.,21679,человек,.,1.06,число родившихся (без мертворожденных) обоего пола,.,.,.,.,.,.,,,,число рождений,.,.,.,.,.,.,,,,.,"Ф. 1562 оп. 27 д. 814 Годовые сводки общих итогов естественного движения населения по автономным республикам, областям…. (в границах переписи 1959 г. т.1.) крайняя дата дела 1959. Общие итоги естественного движения населения за 1959 г. (в границах переписи 1959 г.) ф. № 1а",.,11,"Павленко О.В., Н. Сидоренко",.,1959
53,Дагестанская АССР,1959_05,.,.,1959,.,43326,человек,.,1.06,число родившихся (без мертворожденных) обоего пола,.,.,.,.,.,.,,,,число рождений,.,.,.,.,.,.,,,,.,"Ф. 1562 оп. 27 д. 814 Годовые сводки общих итогов естественного движения населения по автономным республикам, областям…. (в границах переписи 1959 г. т.1.) крайняя дата дела 1959. Общие итоги естественного движения населения за 1959 г. (в границах переписи 1959 г.) ф. № 1а",.,11,"Павленко О.В., Н. Сидоренко",.,1959
265,Чечено-Ингушская АССР,1959_06,.,.,1959,.,24749,человек,.,1.06,число родившихся (без мертворожденных) обоего пола,.,.,.,.,.,.,,,,число рождений,.,.,.,.,.,.,,,,.,"Ф. 1562 оп. 27 д. 814 Годовые сводки общих итогов естественного движения населения по автономным республикам, областям…. (в границах переписи 1959 г. т.1.) крайняя дата дела 1959. Общие итоги естественного движения населения за 1959 г. (в границах переписи 1959 г.) ф. № 1а",.,13,"Павленко О.В., Н. Сидоренко",.,1959
65,Кабардино-Балкарская АССР,1959_07,.,.,1959,.,13189,человек,.,1.06,число родившихся (без мертворожденных) обоего пола,.,.,.,.,.,.,,,,число рождений,.,.,.,.,.,.,,,,.,"Ф. 1562 оп. 27 д. 814 Годовые сводки общих итогов естественного движения населения по автономным республикам, областям…. (в границах переписи 1959 г. т.1.) крайняя дата дела 1959. Общие итоги естественного движения населения за 1959 г. (в границах переписи 1959 г.) ф. № 1а",.,11,"Павленко О.В., Н. Сидоренко",.,1959
77,Калмыцкая АССР,1959_08,.,.,1959,.,6899,человек,.,1.06,число родившихся (без мертворожденных) обоего пола,.,.,.,.,.,.,,,,число рождений,.,.,.,.,.,.,,,,.,"Ф. 1562 оп. 27 д. 814 Годовые сводки общих итогов естественного движения населения по автономным республикам, областям…. (в границах переписи 1959 г. т.1.) крайняя дата дела 1959. Общие итоги естественного движения населения за 1959 г. (в границах переписи 1959 г.) ф. № 1а",.,11,"Павленко О.В., Н. Сидоренко",.,1959
89,Карельская АССР,1959_10,.,.,1959,.,19838,человек,.,1.06,число родившихся (без мертворожденных) обоего пола,.,.,.,.,.,.,,,,число рождений,.,.,.,.,.,.,,,,.,"Ф. 1562 оп. 27 д. 814 Годовые сводки общих итогов естественного движения населения по автономным республикам, областям…. (в границах переписи 1959 г. т.1.) крайняя дата дела 1959. Общие итоги естественного движения населения за 1959 г. (в границах переписи 1959 г.) ф. № 1а",.,12,"Павленко О.В., Н. Сидоренко",.,1959
101,Коми АССР,1959_11,.,.,1959,.,26328,человек,.,1.06,число родившихся (без мертворожденных) обоего пола,.,.,.,.,.,.,,,,число рождений,.,.,.,.,.,.,,,,.,"Ф. 1562 оп. 27 д. 814 Годовые сводки общих итогов естественного движения населения по автономным республикам, областям…. (в границах переписи 1959 г. т.1.) крайняя дата дела 1959. Общие итоги естественного движения населения за 1959 г. (в границах переписи 1959 г.) ф. № 1а",.,12,"Павленко О.В., Н. Сидоренко",.,1959
141,Марийская АССР,1959_12,.,.,1959,.,20407,человек,.,1.06,число родившихся (без мертворожденных) обоего пола,.,.,.,.,.,.,,,,число рождений,.,.,.,.,.,.,,,,.,"Ф. 1562 оп. 27 д. 814 Годовые сводки общих итогов естественного движения населения по автономным республикам, областям…. (в границах переписи 1959 г. т.1.) крайняя дата дела 1959. Общие итоги естественного движения населения за 1959 г. (в границах переписи 1959 г.) ф. № 1а",.,12,"Павленко О.В., Н. Сидоренко",.,1959
145,Мордовская АССР,1959_13,.,.,1959,.,28209,человек,.,1.06,число родившихся (без мертворожденных) обоего пола,.,.,.,.,.,.,,,,число рождений,.,.,.,.,.,.,,,,.,"Ф. 1562 оп. 27 д. 814 Годовые сводки общих итогов естественного движения населения по автономным республикам, областям…. (в границах переписи 1959 г. т.1.) крайняя дата дела 1959. Общие итоги естественного движения населения за 1959 г. (в границах переписи 1959 г.) ф. № 1а",.,12,"Павленко О.В., Н. Сидоренко",.,1959
277,Якутская АССР,1959_14,.,.,1959,.,15743,человек,.,1.06,число родившихся (без мертворожденных) обоего пола,.,.,.,.,.,.,,,,число рождений,.,.,.,.,.,.,,,,.,"Ф. 1562 оп. 27 д. 814 Годовые сводки общих итогов естественного движения населения по автономным республикам, областям…. (в границах переписи 1959 г. т.1.) крайняя дата дела 1959. Общие итоги естественного движения населения за 1959 г. (в границах переписи 1959 г.) ф. № 1а",.,13,"Павленко О.В., Н. Сидоренко",.,1959
213,Северо-Осетинская АССР,1959_15,.,.,1959,.,9457,человек,.,1.06,число родившихся (без мертворожденных) обоего пола,.,.,.,.,.,.,,,,число рождений,.,.,.,.,.,.,,,,.,"Ф. 1562 оп. 27 д. 814 Годовые сводки общих итогов естественного движения населения по автономным республикам, областям…. (в границах переписи 1959 г. т.1.) крайняя дата дела 1959. Общие итоги естественного движения населения за 1959 г. (в границах переписи 1959 г.) ф. № 1а",.,12,"Павленко О.В., Н. Сидоренко",.,1959
229,Татарская АССР,1959_16,.,.,1959,.,81645,человек,.,1.06,число родившихся (без мертворожденных) обоего пола,.,.,.,.,.,.,,,,число рождений,.,.,.,.,.,.,,,,.,"Ф. 1562 оп. 27 д. 814 Годовые сводки общих итогов естественного движения населения по автономным республикам, областям…. (в границах переписи 1959 г. т.1.) крайняя дата дела 1959. Общие итоги естественного движения населения за 1959 г. (в границах переписи 1959 г.) ф. № 1а",.,12,"Павленко О.В., Н. Сидоренко",.,1959
237,Тувинская автономная область,1959_17,.,.,1959,.,6591,человек,.,1.06,число родившихся (без мертворожденных) обоего пола,.,.,.,.,.,.,,,,число рождений,.,.,.,.,.,.,,,,.,"Ф. 1562 оп. 27 д. 814 Годовые сводки общих итогов естественного движения населения по автономным республикам, областям…. (в границах переписи 1959 г. т.1.) крайняя дата дела 1959. Общие итоги естественного движения населения за 1959 г. (в границах переписи 1959 г.) ф. № 1а",.,9,"Павленко О.В., Н. Сидоренко",.,1959
249,Удмуртская АССР,1959_18,.,.,1959,.,40832,человек,.,1.06,число родившихся (без мертворожденных) обоего пола,.,.,.,.,.,.,,,,число рождений,.,.,.,.,.,.,,,,.,"Ф. 1562 оп. 27 д. 814 Годовые сводки общих итогов естественного движения населения по автономным республикам, областям…. (в границах переписи 1959 г. т.1.) крайняя дата дела 1959. Общие итоги естественного движения населения за 1959 г. (в границах переписи 1959 г.) ф. № 1а",.,13,"Павленко О.В., Н. Сидоренко",.,1959
273,Чувашская АССР,1959_21,.,.,1959,.,34908,человек,.,1.06,число родившихся (без мертворожденных) обоего пола,.,.,.,.,.,.,,,,число рождений,.,.,.,.,.,.,,,,.,"Ф. 1562 оп. 27 д. 814 Годовые сводки общих итогов естественного движения населения по автономным республикам, областям…. (в границах переписи 1959 г. т.1.) крайняя дата дела 1959. Общие итоги естественного движения населения за 1959 г. (в границах переписи 1959 г.) ф. № 1а",.,13,"Павленко О.В., Н. Сидоренко",.,1959
1,Алтайский край вкл. Горно-Алтайскую АО,1959_22,.,.,1959,.,78737,человек,.,1.06,число родившихся (без мертворожденных) обоего пола,.,.,.,.,.,.,,,,число рождений,.,.,.,.,.,.,,,,.,"Ф. 1562 оп. 27 д. 814 Годовые сводки общих итогов естественного движения населения по автономным республикам, областям…. (в границах переписи 1959 г. т.1.) крайняя дата дела 1959. Общие итоги естественного движения населения за 1959 г. (в границах переписи 1959 г.) ф. № 1а",.,1,"Павленко О.В., Н. Сидоренко",.,1959
109,Краснодарский край вкл. Адыгейскую АО,1959_23,.,.,1959,.,78017,человек,.,1.06,число родившихся (без мертворожденных) обоего пола,.,.,.,.,.,.,,,,число рождений,.,.,.,.,.,.,,,,.,"Ф. 1562 оп. 27 д. 814 Годовые сводки общих итогов естественного движения населения по автономным республикам, областям…. (в границах переписи 1959 г. т.1.) крайняя дата дела 1959. Общие итоги естественного движения населения за 1959 г. (в границах переписи 1959 г.) ф. № 1а",.,1,"Павленко О.В., Н. Сидоренко",.,1959
113,Красноярский край вкл. Хакасскую АО,1959_24,.,.,1959,.,68317,человек,.,1.06,число родившихся (без мертворожденных) обоего пола,.,.,.,.,.,.,,,,число рождений,.,.,.,.,.,.,,,,.,"Ф. 1562 оп. 27 д. 814 Годовые сводки общих итогов естественного движения населения по автономным республикам, областям…. (в границах переписи 1959 г. т.1.) крайняя дата дела 1959. Общие итоги естественного движения населения за 1959 г. (в границах переписи 1959 г.) ф. № 1а",.,1,"Павленко О.В., Н. Сидоренко",.,1959
185,Приморский край,1959_25,.,.,1959,.,33265,человек,.,1.06,число родившихся (без мертворожденных) обоего пола,.,.,.,.,.,.,,,,число рождений,.,.,.,.,.,.,,,,.,"Ф. 1562 оп. 27 д. 814 Годовые сводки общих итогов естественного движения населения по автономным республикам, областям…. (в границах переписи 1959 г. т.1.) крайняя дата дела 1959. Общие итоги естественного движения населения за 1959 г. (в границах переписи 1959 г.) ф. № 1а",.,1,"Павленко О.В., Н. Сидоренко",.,1959
221,Ставропольский край вкл. Карачаево-Черкесской АО,1959_26,.,.,1959,.,42826,человек,.,1.06,число родившихся (без мертворожденных) обоего пола,.,.,.,.,.,.,,,,число рождений,.,.,.,.,.,.,,,,.,"Ф. 1562 оп. 27 д. 814 Годовые сводки общих итогов естественного движения населения по автономным республикам, областям…. (в границах переписи 1959 г. т.1.) крайняя дата дела 1959. Общие итоги естественного движения населения за 1959 г. (в границах переписи 1959 г.) ф. № 1а",.,2,"Павленко О.В., Н. Сидоренко",.,1959
257,Хабаровский край вкл. Еврейскую АО,1959_27,.,.,1959,.,27635,человек,.,1.06,число родившихся (без мертворожденных) обоего пола,.,.,.,.,.,.,,,,число рождений,.,.,.,.,.,.,,,,.,"Ф. 1562 оп. 27 д. 814 Годовые сводки общих итогов естественного движения населения по автономным республикам, областям…. (в границах переписи 1959 г. т.1.) крайняя дата дела 1959. Общие итоги естественного движения населения за 1959 г. (в границах переписи 1959 г.) ф. № 1а",.,2,"Павленко О.В., Н. Сидоренко",.,1959
5,Амурская область,1959_28,.,.,1959,.,18237,человек,.,1.06,число родившихся (без мертворожденных) обоего пола,.,.,.,.,.,.,,,,число рождений,.,.,.,.,.,.,,,,.,"Ф. 1562 оп. 27 д. 814 Годовые сводки общих итогов естественного движения населения по автономным республикам, областям…. (в границах переписи 1959 г. т.1.) крайняя дата дела 1959. Общие итоги естественного движения населения за 1959 г. (в границах переписи 1959 г.) ф. № 1а",.,2,"Павленко О.В., Н. Сидоренко",.,1959
9,Архангельская область,1959_29,.,.,1959,.,34488,человек,.,1.06,число родившихся (без мертворожденных) обоего пола,.,.,.,.,.,.,,,,число рождений,.,.,.,.,.,.,,,,.,"Ф. 1562 оп. 27 д. 814 Годовые сводки общих итогов естественного движения населения по автономным республикам, областям…. (в границах переписи 1959 г. т.1.) крайняя дата дела 1959. Общие итоги естественного движения населения за 1959 г. (в границах переписи 1959 г.) ф. № 1а",.,2,"Павленко О.В., Н. Сидоренко",.,1959
13,Астраханская область,1959_30,.,.,1959,.,17903,человек,.,1.06,число родившихся (без мертворожденных) обоего пола,.,.,.,.,.,.,,,,число рождений,.,.,.,.,.,.,,,,.,"Ф. 1562 оп. 27 д. 814 Годовые сводки общих итогов естественного движения населения по автономным республикам, областям…. (в границах переписи 1959 г. т.1.) крайняя дата дела 1959. Общие итоги естественного движения населения за 1959 г. (в границах переписи 1959 г.) ф. № 1а",.,3,"Павленко О.В., Н. Сидоренко",.,1959
21,Белгородская область,1959_31,.,.,1959,.,26784,человек,.,1.06,число родившихся (без мертворожденных) обоего пола,.,.,.,.,.,.,,,,число рождений,.,.,.,.,.,.,,,,.,"Ф. 1562 оп. 27 д. 814 Годовые сводки общих итогов естественного движения населения по автономным республикам, областям…. (в границах переписи 1959 г. т.1.) крайняя дата дела 1959. Общие итоги естественного движения населения за 1959 г. (в границах переписи 1959 г.) ф. № 1а",.,3,"Павленко О.В., Н. Сидоренко",.,1959
25,Брянская область,1959_32,.,.,1959,.,39242,человек,.,1.06,число родившихся (без мертворожденных) обоего пола,.,.,.,.,.,.,,,,число рождений,.,.,.,.,.,.,,,,.,"Ф. 1562 оп. 27 д. 814 Годовые сводки общих итогов естественного движения населения по автономным республикам, областям…. (в границах переписи 1959 г. т.1.) крайняя дата дела 1959. Общие итоги естественного движения населения за 1959 г. (в границах переписи 1959 г.) ф. № 1а",.,3,"Павленко О.В., Н. Сидоренко",.,1959
33,Владимирская область,1959_33,.,.,1959,.,30718,человек,.,1.06,число родившихся (без мертворожденных) обоего пола,.,.,.,.,.,.,,,,число рождений,.,.,.,.,.,.,,,,.,"Ф. 1562 оп. 27 д. 814 Годовые сводки общих итогов естественного движения населения по автономным республикам, областям…. (в границах переписи 1959 г. т.1.) крайняя дата дела 1959. Общие итоги естественного движения населения за 1959 г. (в границах переписи 1959 г.) ф. № 1а",.,3,"Павленко О.В., Н. Сидоренко",.,1959
37,Сталинградская область,1959_34,.,.,1959,.,85613,человек,.,1.06,число родившихся (без мертворожденных) обоего пола,.,.,.,.,.,.,,,,число рождений,.,.,.,.,.,.,,,,.,"Ф. 1562 оп. 27 д. 814 Годовые сводки общих итогов естественного движения населения по автономным республикам, областям…. (в границах переписи 1959 г. т.1.) крайняя дата дела 1959. Общие итоги естественного движения населения за 1959 г. (в границах переписи 1959 г.) ф. № 1а",.,15,"Павленко О.В., Н. Сидоренко",.,1959
41,Вологодская область,1959_35,.,.,1959,.,33203,человек,.,1.06,число родившихся (без мертворожденных) обоего пола,.,.,.,.,.,.,,,,число рождений,.,.,.,.,.,.,,,,.,"Ф. 1562 оп. 27 д. 814 Годовые сводки общих итогов естественного движения населения по автономным республикам, областям…. (в границах переписи 1959 г. т.1.) крайняя дата дела 1959. Общие итоги естественного движения населения за 1959 г. (в границах переписи 1959 г.) ф. № 1а",.,3,"Павленко О.В., Н. Сидоренко",.,1959
45,Воронежская область,1959_36,.,.,1959,.,50437,человек,.,1.06,число родившихся (без мертворожденных) обоего пола,.,.,.,.,.,.,,,,число рождений,.,.,.,.,.,.,,,,.,"Ф. 1562 оп. 27 д. 814 Годовые сводки общих итогов естественного движения населения по автономным республикам, областям…. (в границах переписи 1959 г. т.1.) крайняя дата дела 1959. Общие итоги естественного движения населения за 1959 г. (в границах переписи 1959 г.) ф. № 1а",.,3,"Павленко О.В., Н. Сидоренко",.,1959
57,Ивановская область,1959_37,.,.,1959,.,25583,человек,.,1.06,число родившихся (без мертворожденных) обоего пола,.,.,.,.,.,.,,,,число рождений,.,.,.,.,.,.,,,,.,"Ф. 1562 оп. 27 д. 814 Годовые сводки общих итогов естественного движения населения по автономным республикам, областям…. (в границах переписи 1959 г. т.1.) крайняя дата дела 1959. Общие итоги естественного движения населения за 1959 г. (в границах переписи 1959 г.) ф. № 1а",.,4,"Павленко О.В., Н. Сидоренко",.,1959
61,Иркутская область,1959_38,.,.,1959,.,54752,человек,.,1.06,число родившихся (без мертворожденных) обоего пола,.,.,.,.,.,.,,,,число рождений,.,.,.,.,.,.,,,,.,"Ф. 1562 оп. 27 д. 814 Годовые сводки общих итогов естественного движения населения по автономным республикам, областям…. (в границах переписи 1959 г. т.1.) крайняя дата дела 1959. Общие итоги естественного движения населения за 1959 г. (в границах переписи 1959 г.) ф. № 1а",.,4,"Павленко О.В., Н. Сидоренко",.,1959
69,Калининградская область,1959_39,.,.,1959,.,15179,человек,.,1.06,число родившихся (без мертворожденных) обоего пола,.,.,.,.,.,.,,,,число рождений,.,.,.,.,.,.,,,,.,"Ф. 1562 оп. 27 д. 814 Годовые сводки общих итогов естественного движения населения по автономным республикам, областям…. (в границах переписи 1959 г. т.1.) крайняя дата дела 1959. Общие итоги естественного движения населения за 1959 г. (в границах переписи 1959 г.) ф. № 1а",.,4,"Павленко О.В., Н. Сидоренко",.,1959
81,Калужская область,1959_40,.,.,1959,.,21669,человек,.,1.06,число родившихся (без мертворожденных) обоего пола,.,.,.,.,.,.,,,,число рождений,.,.,.,.,.,.,,,,.,"Ф. 1562 оп. 27 д. 814 Годовые сводки общих итогов естественного движения населения по автономным республикам, областям…. (в границах переписи 1959 г. т.1.) крайняя дата дела 1959. Общие итоги естественного движения населения за 1959 г. (в границах переписи 1959 г.) ф. № 1а",.,.,"Павленко О.В., Н. Сидоренко",.,1959
85,Камчатская область,1959_41,.,.,1959,.,6468,человек,.,1.06,число родившихся (без мертворожденных) обоего пола,.,.,.,.,.,.,,,,число рождений,.,.,.,.,.,.,,,,.,"Ф. 1562 оп. 27 д. 814 Годовые сводки общих итогов естественного движения населения по автономным республикам, областям…. (в границах переписи 1959 г. т.1.) крайняя дата дела 1959. Общие итоги естественного движения населения за 1959 г. (в границах переписи 1959 г.) ф. № 1а",.,4,"Павленко О.В., Н. Сидоренко",.,1959
93,Кемеровская область,1959_42,.,.,1959,.,74973,человек,.,1.06,число родившихся (без мертворожденных) обоего пола,.,.,.,.,.,.,,,,число рождений,.,.,.,.,.,.,,,,.,"Ф. 1562 оп. 27 д. 814 Годовые сводки общих итогов естественного движения населения по автономным республикам, областям…. (в границах переписи 1959 г. т.1.) крайняя дата дела 1959. Общие итоги естественного движения населения за 1959 г. (в границах переписи 1959 г.) ф. № 1а",.,5,"Павленко О.В., Н. Сидоренко",.,1959
97,Кировская область,1959_43,.,.,1959,.,47104,человек,.,1.06,число родившихся (без мертворожденных) обоего пола,.,.,.,.,.,.,,,,число рождений,.,.,.,.,.,.,,,,.,"Ф. 1562 оп. 27 д. 814 Годовые сводки общих итогов естественного движения населения по автономным республикам, областям…. (в границах переписи 1959 г. т.1.) крайняя дата дела 1959. Общие итоги естественного движения населения за 1959 г. (в границах переписи 1959 г.) ф. № 1а",.,5,"Павленко О.В., Н. Сидоренко",.,1959
105,Костромская область,1959_44,.,.,1959,.,21191,человек,.,1.06,число родившихся (без мертворожденных) обоего пола,.,.,.,.,.,.,,,,число рождений,.,.,.,.,.,.,,,,.,"Ф. 1562 оп. 27 д. 814 Годовые сводки общих итогов естественного движения населения по автономным республикам, областям…. (в границах переписи 1959 г. т.1.) крайняя дата дела 1959. Общие итоги естественного движения населения за 1959 г. (в границах переписи 1959 г.) ф. № 1а",.,5,"Павленко О.В., Н. Сидоренко",.,1959
121,Курганская область,1959_45,.,.,1959,.,23604,человек,.,1.06,число родившихся (без мертворожденных) обоего пола,.,.,.,.,.,.,,,,число рождений,.,.,.,.,.,.,,,,.,"Ф. 1562 оп. 27 д. 814 Годовые сводки общих итогов естественного движения населения по автономным республикам, областям…. (в границах переписи 1959 г. т.1.) крайняя дата дела 1959. Общие итоги естественного движения населения за 1959 г. (в границах переписи 1959 г.) ф. № 1а",.,5,"Павленко О.В., Н. Сидоренко",.,1959
125,Курская область,1959_46,.,.,1959,.,35521,человек,.,1.06,число родившихся (без мертворожденных) обоего пола,.,.,.,.,.,.,,,,число рождений,.,.,.,.,.,.,,,,.,"Ф. 1562 оп. 27 д. 814 Годовые сводки общих итогов естественного движения населения по автономным республикам, областям…. (в границах переписи 1959 г. т.1.) крайняя дата дела 1959. Общие итоги естественного движения населения за 1959 г. (в границах переписи 1959 г.) ф. № 1а",.,5,"Павленко О.В., Н. Сидоренко",.,1959
129,Ленинградская область,1959_47,.,.,1959,.,24857,человек,.,1.06,число родившихся (без мертворожденных) обоего пола,.,.,.,.,.,.,,,,число рождений,.,.,.,.,.,.,,,,.,"Ф. 1562 оп. 27 д. 814 Годовые сводки общих итогов естественного движения населения по автономным республикам, областям…. (в границах переписи 1959 г. т.1.) крайняя дата дела 1959. Общие итоги естественного движения населения за 1959 г. (в границах переписи 1959 г.) ф. № 1а",.,6,"Павленко О.В., Н. Сидоренко",.,1959
133,Липецкая область,1959_48,.,.,1959,.,27274,человек,.,1.06,число родившихся (без мертворожденных) обоего пола,.,.,.,.,.,.,,,,число рождений,.,.,.,.,.,.,,,,.,"Ф. 1562 оп. 27 д. 814 Годовые сводки общих итогов естественного движения населения по автономным республикам, областям…. (в границах переписи 1959 г. т.1.) крайняя дата дела 1959. Общие итоги естественного движения населения за 1959 г. (в границах переписи 1959 г.) ф. № 1а",.,6,"Павленко О.В., Н. Сидоренко",.,1959
137,Магаданская область вкл. Чукотский НО,1959_49,.,.,1959,.,6043,человек,.,1.06,число родившихся (без мертворожденных) обоего пола,.,.,.,.,.,.,,,,число рождений,.,.,.,.,.,.,,,,.,"Ф. 1562 оп. 27 д. 814 Годовые сводки общих итогов естественного движения населения по автономным республикам, областям…. (в границах переписи 1959 г. т.1.) крайняя дата дела 1959. Общие итоги естественного движения населения за 1959 г. (в границах переписи 1959 г.) ф. № 1а",.,6,"Павленко О.В., Н. Сидоренко",.,1959
149,Московская область,1959_50,.,.,1959,.,178127,человек,.,1.06,число родившихся (без мертворожденных) обоего пола,.,.,.,.,.,.,,,,число рождений,.,.,.,.,.,.,,,,.,"Ф. 1562 оп. 27 д. 814 Годовые сводки общих итогов естественного движения населения по автономным республикам, областям…. (в границах переписи 1959 г. т.1.) крайняя дата дела 1959. Общие итоги естественного движения населения за 1959 г. (в границах переписи 1959 г.) ф. № 1а",.,12,"Павленко О.В., Н. Сидоренко",.,1959
153,Мурманская область,1959_51,.,.,1959,.,14934,человек,.,1.06,число родившихся (без мертворожденных) обоего пола,.,.,.,.,.,.,,,,число рождений,.,.,.,.,.,.,,,,.,"Ф. 1562 оп. 27 д. 814 Годовые сводки общих итогов естественного движения населения по автономным республикам, областям…. (в границах переписи 1959 г. т.1.) крайняя дата дела 1959. Общие итоги естественного движения населения за 1959 г. (в границах переписи 1959 г.) ф. № 1а",.,6,"Павленко О.В., Н. Сидоренко",.,1959
49,Горьковская область,1959_52,.,.,1959,.,81549,человек,.,1.06,число родившихся (без мертворожденных) обоего пола,.,.,.,.,.,.,,,,число рождений,.,.,.,.,.,.,,,,.,"Ф. 1562 оп. 27 д. 814 Годовые сводки общих итогов естественного движения населения по автономным республикам, областям…. (в границах переписи 1959 г. т.1.) крайняя дата дела 1959. Общие итоги естественного движения населения за 1959 г. (в границах переписи 1959 г.) ф. № 1а",.,4,"Павленко О.В., Н. Сидоренко",.,1959
157,Новгородская область,1959_53,.,.,1959,.,14284,человек,.,1.06,число родившихся (без мертворожденных) обоего пола,.,.,.,.,.,.,,,,число рождений,.,.,.,.,.,.,,,,.,"Ф. 1562 оп. 27 д. 814 Годовые сводки общих итогов естественного движения населения по автономным республикам, областям…. (в границах переписи 1959 г. т.1.) крайняя дата дела 1959. Общие итоги естественного движения населения за 1959 г. (в границах переписи 1959 г.) ф. № 1а",.,7,"Павленко О.В., Н. Сидоренко",.,1959
161,Новосибирская область,1959_54,.,.,1959,.,59466,человек,.,1.06,число родившихся (без мертворожденных) обоего пола,.,.,.,.,.,.,,,,число рождений,.,.,.,.,.,.,,,,.,"Ф. 1562 оп. 27 д. 814 Годовые сводки общих итогов естественного движения населения по автономным республикам, областям…. (в границах переписи 1959 г. т.1.) крайняя дата дела 1959. Общие итоги естественного движения населения за 1959 г. (в границах переписи 1959 г.) ф. № 1а",.,7,"Павленко О.В., Н. Сидоренко",.,1959
165,Омская область,1959_55,.,.,1959,.,49296,человек,.,1.06,число родившихся (без мертворожденных) обоего пола,.,.,.,.,.,.,,,,число рождений,.,.,.,.,.,.,,,,.,"Ф. 1562 оп. 27 д. 814 Годовые сводки общих итогов естественного движения населения по автономным республикам, областям…. (в границах переписи 1959 г. т.1.) крайняя дата дела 1959. Общие итоги естественного движения населения за 1959 г. (в границах переписи 1959 г.) ф. № 1а",.,7,"Павленко О.В., Н. Сидоренко",.,1959
169,Оренбургская область,1959_56,.,.,1959,.,51272,человек,.,1.06,число родившихся (без мертворожденных) обоего пола,.,.,.,.,.,.,,,,число рождений,.,.,.,.,.,.,,,,.,"Ф. 1562 оп. 27 д. 814 Годовые сводки общих итогов естественного движения населения по автономным республикам, областям…. (в границах переписи 1959 г. т.1.) крайняя дата дела 1959. Общие итоги естественного движения населения за 1959 г. (в границах переписи 1959 г.) ф. № 1а",.,7,"Павленко О.В., Н. Сидоренко",.,1959
173,Орловская область,1959_57,.,.,1959,.,20864,человек,.,1.06,число родившихся (без мертворожденных) обоего пола,.,.,.,.,.,.,,,,число рождений,.,.,.,.,.,.,,,,.,"Ф. 1562 оп. 27 д. 814 Годовые сводки общих итогов естественного движения населения по автономным республикам, областям…. (в границах переписи 1959 г. т.1.) крайняя дата дела 1959. Общие итоги естественного движения населения за 1959 г. (в границах переписи 1959 г.) ф. № 1а",.,7,"Павленко О.В., Н. Сидоренко",.,1959
177,Пензенская область,1959_58,.,.,1959,.,35147,человек,.,1.06,число родившихся (без мертворожденных) обоего пола,.,.,.,.,.,.,,,,число рождений,.,.,.,.,.,.,,,,.,"Ф. 1562 оп. 27 д. 814 Годовые сводки общих итогов естественного движения населения по автономным республикам, областям…. (в границах переписи 1959 г. т.1.) крайняя дата дела 1959. Общие итоги естественного движения населения за 1959 г. (в границах переписи 1959 г.) ф. № 1а",.,7,"Павленко О.В., Н. Сидоренко",.,1959
181,Пермская область,1959_59,.,.,1959,.,77591,человек,.,1.06,число родившихся (без мертворожденных) обоего пола,.,.,.,.,.,.,,,,число рождений,.,.,.,.,.,.,,,,.,"Ф. 1562 оп. 27 д. 814 Годовые сводки общих итогов естественного движения населения по автономным республикам, областям…. (в границах переписи 1959 г. т.1.) крайняя дата дела 1959. Общие итоги естественного движения населения за 1959 г. (в границах переписи 1959 г.) ф. № 1а",.,8,"Павленко О.В., Н. Сидоренко",.,1959
189,Псковская область,1959_60,.,.,1959,.,17087,человек,.,1.06,число родившихся (без мертворожденных) обоего пола,.,.,.,.,.,.,,,,число рождений,.,.,.,.,.,.,,,,.,"Ф. 1562 оп. 27 д. 814 Годовые сводки общих итогов естественного движения населения по автономным республикам, областям…. (в границах переписи 1959 г. т.1.) крайняя дата дела 1959. Общие итоги естественного движения населения за 1959 г. (в границах переписи 1959 г.) ф. № 1а",.,8,"Павленко О.В., Н. Сидоренко",.,1959
193,Ростовская область,1959_61,.,.,1959,.,70365,человек,.,1.06,число родившихся (без мертворожденных) обоего пола,.,.,.,.,.,.,,,,число рождений,.,.,.,.,.,.,,,,.,"Ф. 1562 оп. 27 д. 814 Годовые сводки общих итогов естественного движения населения по автономным республикам, областям…. (в границах переписи 1959 г. т.1.) крайняя дата дела 1959. Общие итоги естественного движения населения за 1959 г. (в границах переписи 1959 г.) ф. № 1а",.,8,"Павленко О.В., Н. Сидоренко",.,1959
197,Рязанская область,1959_62,.,.,1959,.,30258,человек,.,1.06,число родившихся (без мертворожденных) обоего пола,.,.,.,.,.,.,,,,число рождений,.,.,.,.,.,.,,,,.,"Ф. 1562 оп. 27 д. 814 Годовые сводки общих итогов естественного движения населения по автономным республикам, областям…. (в границах переписи 1959 г. т.1.) крайняя дата дела 1959. Общие итоги естественного движения населения за 1959 г. (в границах переписи 1959 г.) ф. № 1а",.,8,"Павленко О.В., Н. Сидоренко",.,1959
117,Куйбышевская область,1959_63,.,.,1959,.,49940,человек,.,1.06,число родившихся (без мертворожденных) обоего пола,.,.,.,.,.,.,,,,число рождений,.,.,.,.,.,.,,,,.,"Ф. 1562 оп. 27 д. 814 Годовые сводки общих итогов естественного движения населения по автономным республикам, областям…. (в границах переписи 1959 г. т.1.) крайняя дата дела 1959. Общие итоги естественного движения населения за 1959 г. (в границах переписи 1959 г.) ф. № 1а",.,5,"Павленко О.В., Н. Сидоренко",.,1959
201,Саратовская область,1959_64,.,.,1959,.,44038,человек,.,1.06,число родившихся (без мертворожденных) обоего пола,.,.,.,.,.,.,,,,число рождений,.,.,.,.,.,.,,,,.,"Ф. 1562 оп. 27 д. 814 Годовые сводки общих итогов естественного движения населения по автономным республикам, областям…. (в границах переписи 1959 г. т.1.) крайняя дата дела 1959. Общие итоги естественного движения населения за 1959 г. (в границах переписи 1959 г.) ф. № 1а",.,8,"Павленко О.В., Н. Сидоренко",.,1959
205,Сахалинская область,1959_65,.,.,1959,.,16840,человек,.,1.06,число родившихся (без мертворожденных) обоего пола,.,.,.,.,.,.,,,,число рождений,.,.,.,.,.,.,,,,.,"Ф. 1562 оп. 27 д. 814 Годовые сводки общих итогов естественного движения населения по автономным республикам, областям…. (в границах переписи 1959 г. т.1.) крайняя дата дела 1959. Общие итоги естественного движения населения за 1959 г. (в границах переписи 1959 г.) ф. № 1а",.,8,"Павленко О.В., Н. Сидоренко",.,1959
209,Свердловская область,1959_66,.,.,1959,.,94622,человек,.,1.06,число родившихся (без мертворожденных) обоего пола,.,.,.,.,.,.,,,,число рождений,.,.,.,.,.,.,,,,.,"Ф. 1562 оп. 27 д. 814 Годовые сводки общих итогов естественного движения населения по автономным республикам, областям…. (в границах переписи 1959 г. т.1.) крайняя дата дела 1959. Общие итоги естественного движения населения за 1959 г. (в границах переписи 1959 г.) ф. № 1а",.,9,"Павленко О.В., Н. Сидоренко",.,1959
217,Смоленская область,1959_67,.,.,1959,.,22097,человек,.,1.06,число родившихся (без мертворожденных) обоего пола,.,.,.,.,.,.,,,,число рождений,.,.,.,.,.,.,,,,.,"Ф. 1562 оп. 27 д. 814 Годовые сводки общих итогов естественного движения населения по автономным республикам, областям…. (в границах переписи 1959 г. т.1.) крайняя дата дела 1959. Общие итоги естественного движения населения за 1959 г. (в границах переписи 1959 г.) ф. № 1а",.,9,"Павленко О.В., Н. Сидоренко",.,1959
225,Тамбовская область,1959_68,.,.,1959,.,35354,человек,.,1.06,число родившихся (без мертворожденных) обоего пола,.,.,.,.,.,.,,,,число рождений,.,.,.,.,.,.,,,,.,"Ф. 1562 оп. 27 д. 814 Годовые сводки общих итогов естественного движения населения по автономным республикам, областям…. (в границах переписи 1959 г. т.1.) крайняя дата дела 1959. Общие итоги естественного движения населения за 1959 г. (в границах переписи 1959 г.) ф. № 1а",.,9,"Павленко О.В., Н. Сидоренко",.,1959
73,Калининская область,1959_69,.,.,1959,.,32209,человек,.,1.06,число родившихся (без мертворожденных) обоего пола,.,.,.,.,.,.,,,,число рождений,.,.,.,.,.,.,,,,.,"Ф. 1562 оп. 27 д. 814 Годовые сводки общих итогов естественного движения населения по автономным республикам, областям…. (в границах переписи 1959 г. т.1.) крайняя дата дела 1959. Общие итоги естественного движения населения за 1959 г. (в границах переписи 1959 г.) ф. № 1а",.,4,"Павленко О.В., Н. Сидоренко",.,1959
233,Томская область,1959_70,.,.,1959,.,19475,человек,.,1.06,число родившихся (без мертворожденных) обоего пола,.,.,.,.,.,.,,,,число рождений,.,.,.,.,.,.,,,,.,"Ф. 1562 оп. 27 д. 814 Годовые сводки общих итогов естественного движения населения по автономным республикам, областям…. (в границах переписи 1959 г. т.1.) крайняя дата дела 1959. Общие итоги естественного движения населения за 1959 г. (в границах переписи 1959 г.) ф. № 1а",.,9,"Павленко О.В., Н. Сидоренко",.,1959
241,Тульская область,1959_71,.,.,1959,.,39814,человек,.,1.06,число родившихся (без мертворожденных) обоего пола,.,.,.,.,.,.,,,,число рождений,.,.,.,.,.,.,,,,.,"Ф. 1562 оп. 27 д. 814 Годовые сводки общих итогов естественного движения населения по автономным республикам, областям…. (в границах переписи 1959 г. т.1.) крайняя дата дела 1959. Общие итоги естественного движения населения за 1959 г. (в границах переписи 1959 г.) ф. № 1а",.,10,"Павленко О.В., Н. Сидоренко",.,1959
245,Тюменская область,1959_72,.,.,1959,.,31495,человек,.,1.06,число родившихся (без мертворожденных) обоего пола,.,.,.,.,.,.,,,,число рождений,.,.,.,.,.,.,,,,.,"Ф. 1562 оп. 27 д. 814 Годовые сводки общих итогов естественного движения населения по автономным республикам, областям…. (в границах переписи 1959 г. т.1.) крайняя дата дела 1959. Общие итоги естественного движения населения за 1959 г. (в границах переписи 1959 г.) ф. № 1а",.,10,"Павленко О.В., Н. Сидоренко",.,1959
253,Ульяновская область,1959_73,.,.,1959,.,25990,человек,.,1.06,число родившихся (без мертворожденных) обоего пола,.,.,.,.,.,.,,,,число рождений,.,.,.,.,.,.,,,,.,"Ф. 1562 оп. 27 д. 814 Годовые сводки общих итогов естественного движения населения по автономным республикам, областям…. (в границах переписи 1959 г. т.1.) крайняя дата дела 1959. Общие итоги естественного движения населения за 1959 г. (в границах переписи 1959 г.) ф. № 1а",.,10,"Павленко О.В., Н. Сидоренко",.,1959
261,Челябинская область,1959_74,.,.,1959,.,74258,человек,.,1.06,число родившихся (без мертворожденных) обоего пола,.,.,.,.,.,.,,,,число рождений,.,.,.,.,.,.,,,,.,"Ф. 1562 оп. 27 д. 814 Годовые сводки общих итогов естественного движения населения по автономным республикам, областям…. (в границах переписи 1959 г. т.1.) крайняя дата дела 1959. Общие итоги естественного движения населения за 1959 г. (в границах переписи 1959 г.) ф. № 1а",.,10,"Павленко О.В., Н. Сидоренко",.,1959
269,Читинская область,1959_75,.,.,1959,.,31743,человек,.,1.06,число родившихся (без мертворожденных) обоего пола,.,.,.,.,.,.,,,,число рождений,.,.,.,.,.,.,,,,.,"Ф. 1562 оп. 27 д. 814 Годовые сводки общих итогов естественного движения населения по автономным республикам, областям…. (в границах переписи 1959 г. т.1.) крайняя дата дела 1959. Общие итоги естественного движения населения за 1959 г. (в границах переписи 1959 г.) ф. № 1а",.,10,"Павленко О.В., Н. Сидоренко",.,1959
281,Ярославская область,1959_76,.,.,1959,.,25086,человек,.,1.06,число родившихся (без мертворожденных) обоего пола,.,.,.,.,.,.,,,,число рождений,.,.,.,.,.,.,,,,.,"Ф. 1562 оп. 27 д. 814 Годовые сводки общих итогов естественного движения населения по автономным республикам, областям…. (в границах переписи 1959 г. т.1.) крайняя дата дела 1959. Общие итоги естественного движения населения за 1959 г. (в границах переписи 1959 г.) ф. № 1а",.,11,"Павленко О.В., Н. Сидоренко",.,1959
