ID,TERRITORY,TER_CODE,TOWN,DISTRICT,YEAR,MONTH,VALUE,VALUE_UNIT,VALUE_LABEL,DATATYPE,HISTCLASS1,HISTCLASS2,HISTCLASS3,HISTCLASS4,HISTCLASS5,HISTCLASS6,HISTCLASS7,HISTCLASS8,HISTCLASS9,HISTCLASS10,CLASS1,CLASS2,CLASS3,CLASS4,CLASS5,CLASS6,CLASS7,CLASS8,CLASS9,CLASS10,COMMENT_SOURCE,SOURCE,VOLUME,PAGE,NABORSHIK_ID,COMMENT_NABORSHIK,
1,Архангельская губерния,1795_01,.,.,1805,.,1761,число,.,1.08,браки,.,.,.,.,.,.,,,,число браков,.,.,.,.,.,.,,,,.,"Статистические таблицы всероссийской империи или физическое политическое и статистическое начертание России, с ХIХ столетия, из новейших писателей извлеченное. М., 1807",таблица 25,Korchmina,.,.,1795
3,Владимирская губерния,1795_04,.,.,1805,.,8164,число,.,1.08,браки,.,.,.,.,.,.,,,,число браков,.,.,.,.,.,.,,,,.,"Статистические таблицы всероссийской империи или физическое политическое и статистическое начертание России, с ХIХ столетия, из новейших писателей извлеченное. М., 1807",таблица 25,Korchmina,.,.,1795
4,Вологодская губерния,1795_06,.,.,1805,.,5420,число,.,1.08,браки,.,.,.,.,.,.,,,,число браков,.,.,.,.,.,.,,,,.,"Статистические таблицы всероссийской империи или физическое политическое и статистическое начертание России, с ХIХ столетия, из новейших писателей извлеченное. М., 1807",таблица 25,Korchmina,.,.,1795
5,Воронежская губерния,1795_08,.,.,1805,.,14395,число,.,1.08,браки,.,.,.,.,.,.,,,,число браков,.,.,.,.,.,.,,,,.,"Статистические таблицы всероссийской империи или физическое политическое и статистическое начертание России, с ХIХ столетия, из новейших писателей извлеченное. М., 1807",таблица 25,Korchmina,.,.,1795
6,Выборгская губерния,1795_09,.,.,1805,.,.,число,.,1.08,браки,.,.,.,.,.,.,,,,число браков,.,.,.,.,.,.,,,,.,"Статистические таблицы всероссийской империи или физическое политическое и статистическое начертание России, с ХIХ столетия, из новейших писателей извлеченное. М., 1807",таблица 25,Korchmina,.,.,1795
7,Вятская губерния,1795_10,.,.,1805,.,9721,число,.,1.08,браки,.,.,.,.,.,.,,,,число браков,.,.,.,.,.,.,,,,.,"Статистические таблицы всероссийской империи или физическое политическое и статистическое начертание России, с ХIХ столетия, из новейших писателей извлеченное. М., 1807",таблица 25,Korchmina,.,.,1795
8,Земля войска Донского,1795_12,.,.,1805,.,.,число,.,1.08,браки,.,.,.,.,.,.,,,,число браков,.,.,.,.,.,.,,,,.,"Статистические таблицы всероссийской империи или физическое политическое и статистическое начертание России, с ХIХ столетия, из новейших писателей извлеченное. М., 1807",таблица 25,Korchmina,.,.,1795
9,Иркутская губерния,1795_13,.,.,1805,.,2055,число,.,1.08,браки,.,.,.,.,.,.,,,,число браков,.,.,.,.,.,.,,,,.,"Статистические таблицы всероссийской империи или физическое политическое и статистическое начертание России, с ХIХ столетия, из новейших писателей извлеченное. М., 1807",таблица 25,Korchmina,.,.,1795
10,Кавказская область Астраханской губернии,1795_14,.,.,1805,.,.,число,.,1.08,браки,.,.,.,.,.,.,,,,число браков,.,.,.,.,.,.,,,,.,"Статистические таблицы всероссийской империи или физическое политическое и статистическое начертание России, с ХIХ столетия, из новейших писателей извлеченное. М., 1807",таблица 25,Korchmina,.,.,1795
2,Кавказская область Астраханской губернии,1795_14,.,.,1805,.,1706,число,.,1.08,браки,.,.,.,.,.,.,,,,число браков,.,.,.,.,.,.,,,,.,"Статистические таблицы всероссийской империи или физическое политическое и статистическое начертание России, с ХIХ столетия, из новейших писателей извлеченное. М., 1807",таблица 25,Korchmina,.,.,1795
11,Казанская губерния,1795_15,.,.,1805,.,11397,число,.,1.08,браки,.,.,.,.,.,.,,,,число браков,.,.,.,.,.,.,,,,.,"Статистические таблицы всероссийской империи или физическое политическое и статистическое начертание России, с ХIХ столетия, из новейших писателей извлеченное. М., 1807",таблица 25,Korchmina,.,.,1795
12,Калужская губерния,1795_16,.,.,1805,.,5820,число,.,1.08,браки,.,.,.,.,.,.,,,,число браков,.,.,.,.,.,.,,,,.,"Статистические таблицы всероссийской империи или физическое политическое и статистическое начертание России, с ХIХ столетия, из новейших писателей извлеченное. М., 1807",таблица 25,Korchmina,.,.,1795
13,Колыванская губерния,1795_18,.,.,1805,.,.,число,.,1.08,браки,.,.,.,.,.,.,,,,число браков,.,.,.,.,.,.,,,,.,"Статистические таблицы всероссийской империи или физическое политическое и статистическое начертание России, с ХIХ столетия, из новейших писателей извлеченное. М., 1807",таблица 25,Korchmina,.,.,1795
14,Костромская губерния,1795_19,.,.,1805,.,7217,число,.,1.08,браки,.,.,.,.,.,.,,,,число браков,.,.,.,.,.,.,,,,.,"Статистические таблицы всероссийской империи или физическое политическое и статистическое начертание России, с ХIХ столетия, из новейших писателей извлеченное. М., 1807",таблица 25,Korchmina,.,.,1795
15,Курская губерния,1795_21,.,.,1805,.,11643,число,.,1.08,браки,.,.,.,.,.,.,,,,число браков,.,.,.,.,.,.,,,,.,"Статистические таблицы всероссийской империи или физическое политическое и статистическое начертание России, с ХIХ столетия, из новейших писателей извлеченное. М., 1807",таблица 25,Korchmina,.,.,1795
16,Московская губерния,1795_24,.,.,1805,.,9635,число,.,1.08,браки,.,.,.,.,.,.,,,,число браков,.,.,.,.,.,.,,,,.,"Статистические таблицы всероссийской империи или физическое политическое и статистическое начертание России, с ХIХ столетия, из новейших писателей извлеченное. М., 1807",таблица 25,Korchmina,.,.,1795
17,Нижегородская губерния,1795_25,.,.,1805,.,8032,число,.,1.08,браки,.,.,.,.,.,.,,,,число браков,.,.,.,.,.,.,,,,.,"Статистические таблицы всероссийской империи или физическое политическое и статистическое начертание России, с ХIХ столетия, из новейших писателей извлеченное. М., 1807",таблица 25,Korchmina,.,.,1795
19,Новгородско-Северская губерния,1795_26,.,.,1805,.,.,число,.,1.08,браки,.,.,.,.,.,.,,,,число браков,.,.,.,.,.,.,,,,.,"Статистические таблицы всероссийской империи или физическое политическое и статистическое начертание России, с ХIХ столетия, из новейших писателей извлеченное. М., 1807",таблица 25,Korchmina,.,.,1795
18,Новгородская губерния,1795_27,.,.,1805,.,6802,число,.,1.08,браки,.,.,.,.,.,.,,,,число браков,.,.,.,.,.,.,,,,.,"Статистические таблицы всероссийской империи или физическое политическое и статистическое начертание России, с ХIХ столетия, из новейших писателей извлеченное. М., 1807",таблица 25,Korchmina,.,.,1795
20,Олонецкая губерния,1795_28,.,.,1805,.,.,число,.,1.08,браки,.,.,.,.,.,.,,,,число браков,.,.,.,.,.,.,,,,.,"Статистические таблицы всероссийской империи или физическое политическое и статистическое начертание России, с ХIХ столетия, из новейших писателей извлеченное. М., 1807",таблица 25,Korchmina,.,.,1795
22,Орловская губерния,1795_29,.,.,1805,.,8456,число,.,1.08,браки,.,.,.,.,.,.,,,,число браков,.,.,.,.,.,.,,,,.,"Статистические таблицы всероссийской империи или физическое политическое и статистическое начертание России, с ХIХ столетия, из новейших писателей извлеченное. М., 1807",таблица 25,Korchmina,.,.,1795
23,Пензенская губерния,1795_30,.,.,1805,.,12326,число,.,1.08,браки,.,.,.,.,.,.,,,,число браков,.,.,.,.,.,.,,,,.,"Статистические таблицы всероссийской империи или физическое политическое и статистическое начертание России, с ХIХ столетия, из новейших писателей извлеченное. М., 1807",таблица 25,Korchmina,.,.,1795
24,Пермская губерния,1795_31,.,.,1805,.,8423,число,.,1.08,браки,.,.,.,.,.,.,,,,число браков,.,.,.,.,.,.,,,,.,"Статистические таблицы всероссийской империи или физическое политическое и статистическое начертание России, с ХIХ столетия, из новейших писателей извлеченное. М., 1807",таблица 25,Korchmina,.,.,1795
25,Полоцкая губерния,1795_33,.,.,1805,.,.,число,.,1.08,браки,.,.,.,.,.,.,,,,число браков,.,.,.,.,.,.,,,,.,"Статистические таблицы всероссийской империи или физическое политическое и статистическое начертание России, с ХIХ столетия, из новейших писателей извлеченное. М., 1807",таблица 25,Korchmina,.,.,1795
26,Псковская губерния,1795_34,.,.,1805,.,4595,число,.,1.08,браки,.,.,.,.,.,.,,,,число браков,.,.,.,.,.,.,,,,.,"Статистические таблицы всероссийской империи или физическое политическое и статистическое начертание России, с ХIХ столетия, из новейших писателей извлеченное. М., 1807",таблица 25,Korchmina,.,.,1795
27,Рязанская губерния,1795_37,.,.,1805,.,7519,число,.,1.08,браки,.,.,.,.,.,.,,,,число браков,.,.,.,.,.,.,,,,.,"Статистические таблицы всероссийской империи или физическое политическое и статистическое начертание России, с ХIХ столетия, из новейших писателей извлеченное. М., 1807",таблица 25,Korchmina,.,.,1795
28,Санкт-Петербургская губерния,1795_38,.,.,1805,.,4011,число,.,1.08,браки,.,.,.,.,.,.,,,,число браков,.,.,.,.,.,.,,,,.,"Статистические таблицы всероссийской империи или физическое политическое и статистическое начертание России, с ХIХ столетия, из новейших писателей извлеченное. М., 1807",таблица 25,Korchmina,.,.,1795
29,Саратовская губерния,1795_39,.,.,1805,.,.,число,.,1.08,браки,.,.,.,.,.,.,,,,число браков,.,.,.,.,.,.,,,,.,"Статистические таблицы всероссийской империи или физическое политическое и статистическое начертание России, с ХIХ столетия, из новейших писателей извлеченное. М., 1807",таблица 25,Korchmina,.,.,1795
30,Симбирская губерния,1795_40,.,.,1805,.,.,число,.,1.08,браки,.,.,.,.,.,.,,,,число браков,.,.,.,.,.,.,,,,.,"Статистические таблицы всероссийской империи или физическое политическое и статистическое начертание России, с ХIХ столетия, из новейших писателей извлеченное. М., 1807",таблица 25,Korchmina,.,.,1795
31,Смоленская губерния,1795_42,.,.,1805,.,9624,число,.,1.08,браки,.,.,.,.,.,.,,,,число браков,.,.,.,.,.,.,,,,.,"Статистические таблицы всероссийской империи или физическое политическое и статистическое начертание России, с ХIХ столетия, из новейших писателей извлеченное. М., 1807",таблица 25,Korchmina,.,.,1795
32,Тамбовская губерния,1795_43,.,.,1805,.,8615,число,.,1.08,браки,.,.,.,.,.,.,,,,число браков,.,.,.,.,.,.,,,,.,"Статистические таблицы всероссийской империи или физическое политическое и статистическое начертание России, с ХIХ столетия, из новейших писателей извлеченное. М., 1807",таблица 25,Korchmina,.,.,1795
33,Тверская губерния,1795_44,.,.,1805,.,9532,число,.,1.08,браки,.,.,.,.,.,.,,,,число браков,.,.,.,.,.,.,,,,.,"Статистические таблицы всероссийской империи или физическое политическое и статистическое начертание России, с ХIХ столетия, из новейших писателей извлеченное. М., 1807",таблица 25,Korchmina,.,.,1795
34,Тобольская губерния,1795_45,.,.,1805,.,7773,число,.,1.08,браки,.,.,.,.,.,.,,,,число браков,.,.,.,.,.,.,,,,.,"Статистические таблицы всероссийской империи или физическое политическое и статистическое начертание России, с ХIХ столетия, из новейших писателей извлеченное. М., 1807",таблица 25,Korchmina,.,.,1795
35,Тульская губерния,1795_46,.,.,1805,.,8074,число,.,1.08,браки,.,.,.,.,.,.,,,,число браков,.,.,.,.,.,.,,,,.,"Статистические таблицы всероссийской империи или физическое политическое и статистическое начертание России, с ХIХ столетия, из новейших писателей извлеченное. М., 1807",таблица 25,Korchmina,.,.,1795
36,Уфимское наместничество,1795_47,.,.,1805,.,.,число,.,1.08,браки,.,.,.,.,.,.,,,,число браков,.,.,.,.,.,.,,,,.,"Статистические таблицы всероссийской империи или физическое политическое и статистическое начертание России, с ХIХ столетия, из новейших писателей извлеченное. М., 1807",таблица 25,Korchmina,.,.,1795
21,Уфимское наместничество,1795_47,.,.,1805,.,3699,число,.,1.08,браки,.,.,.,.,.,.,,,,число браков,.,.,.,.,.,.,,,,.,"Статистические таблицы всероссийской империи или физическое политическое и статистическое начертание России, с ХIХ столетия, из новейших писателей извлеченное. М., 1807",таблица 25,Korchmina,.,.,1795
37,Черниговская губерния,1795_49,.,.,1805,.,12539,число,.,1.08,браки,.,.,.,.,.,.,,,,число браков,.,.,.,.,.,.,,,,.,"Статистические таблицы всероссийской империи или физическое политическое и статистическое начертание России, с ХIХ столетия, из новейших писателей извлеченное. М., 1807",таблица 25,Korchmina,.,.,1795
38,Ярославская губерния,1795_50,.,.,1805,.,6634,число,.,1.08,браки,.,.,.,.,.,.,,,,число браков,.,.,.,.,.,.,,,,.,"Статистические таблицы всероссийской империи или физическое политическое и статистическое начертание России, с ХIХ столетия, из новейших писателей извлеченное. М., 1807",таблица 25,Korchmina,.,.,1795
