ID,TERRITORY,TER_CODE,TOWN,DISTRICT,YEAR,MONTH,VALUE,VALUE_UNIT,VALUE_LABEL,DATATYPE,HISTCLASS1,HISTCLASS2,HISTCLASS3,HISTCLASS4,HISTCLASS5,HISTCLASS6,HISTCLASS7,HISTCLASS8,HISTCLASS9,HISTCLASS10,CLASS1,CLASS2,CLASS3,CLASS4,CLASS5,CLASS6,CLASS7,CLASS8,CLASS9,CLASS10,COMMENT_SOURCE,SOURCE,VOLUME,PAGE,NABORSHIK_ID,COMMENT_NABORSHIK,
93,Республика Адыгея,2002_01,.,.,2002,.,126000,человек,.,1.05,Численность пенсионеров (на конец года),.,.,.,.,.,.,,,,.,.,.,.,.,.,.,,,,.,"Регионы России. Социально-экономические показатели. 2003: Стат. сб. / Госкомстат России. − М., 2003.",.,134-135,Nataliya Menskaya,.,2002
97,Республика Башкортостан,2002_02,.,.,2002,.,1026000,человек,.,1.05,Численность пенсионеров (на конец года),.,.,.,.,.,.,,,,.,.,.,.,.,.,.,,,,.,"Регионы России. Социально-экономические показатели. 2003: Стат. сб. / Госкомстат России. − М., 2003.",.,134-135,Nataliya Menskaya,.,2002
99,Республика Бурятия,2002_03,.,.,2002,.,230000,человек,.,1.05,Численность пенсионеров (на конец года),.,.,.,.,.,.,,,,.,.,.,.,.,.,.,,,,.,"Регионы России. Социально-экономические показатели. 2003: Стат. сб. / Госкомстат России. − М., 2003.",.,134-135,Nataliya Menskaya,.,2002
95,Республика Алтай,2002_04,.,.,2002,.,52000,человек,.,1.05,Численность пенсионеров (на конец года),.,.,.,.,.,.,,,,.,.,.,.,.,.,.,,,,.,"Регионы России. Социально-экономические показатели. 2003: Стат. сб. / Госкомстат России. − М., 2003.",.,134-135,Nataliya Menskaya,.,2002
101,Республика Дагестан,2002_05,.,.,2002,.,457000,человек,.,1.05,Численность пенсионеров (на конец года),.,.,.,.,.,.,,,,.,.,.,.,.,.,.,,,,.,"Регионы России. Социально-экономические показатели. 2003: Стат. сб. / Госкомстат России. − М., 2003.",.,134-135,Nataliya Menskaya,.,2002
103,Республика Ингушетия,2002_06,.,.,2002,.,59000,человек,.,1.05,Численность пенсионеров (на конец года),.,.,.,.,.,.,,,,.,.,.,.,.,.,.,,,,.,"Регионы России. Социально-экономические показатели. 2003: Стат. сб. / Госкомстат России. − М., 2003.",.,134-135,Nataliya Menskaya,.,2002
33,Кабардино-Балкарская Республика,2002_07,.,.,2002,.,178000,человек,.,1.05,Численность пенсионеров (на конец года),.,.,.,.,.,.,,,,.,.,.,.,.,.,.,,,,.,"Регионы России. Социально-экономические показатели. 2003: Стат. сб. / Госкомстат России. − М., 2003.",.,134-135,Nataliya Menskaya,.,2002
105,Республика Калмыкия,2002_08,.,.,2002,.,68000,человек,.,1.05,Численность пенсионеров (на конец года),.,.,.,.,.,.,,,,.,.,.,.,.,.,.,,,,.,"Регионы России. Социально-экономические показатели. 2003: Стат. сб. / Госкомстат России. − М., 2003.",.,134-135,Nataliya Menskaya,.,2002
41,Карачаево-Черкесская Республика,2002_09,.,.,2002,.,116000,человек,.,1.05,Численность пенсионеров (на конец года),.,.,.,.,.,.,,,,.,.,.,.,.,.,.,,,,.,"Регионы России. Социально-экономические показатели. 2003: Стат. сб. / Госкомстат России. − М., 2003.",.,134-135,Nataliya Menskaya,.,2002
107,Республика Карелия,2002_10,.,.,2002,.,219000,человек,.,1.05,Численность пенсионеров (на конец года),.,.,.,.,.,.,,,,.,.,.,.,.,.,.,,,,.,"Регионы России. Социально-экономические показатели. 2003: Стат. сб. / Госкомстат России. − М., 2003.",.,134-135,Nataliya Menskaya,.,2002
109,Республика Коми,2002_11,.,.,2002,.,271000,человек,.,1.05,Численность пенсионеров (на конец года),.,.,.,.,.,.,,,,.,.,.,.,.,.,.,,,,.,"Регионы России. Социально-экономические показатели. 2003: Стат. сб. / Госкомстат России. − М., 2003.",.,134-135,Nataliya Menskaya,.,2002
111,Республика Марий Эл,2002_12,.,.,2002,.,189000,человек,.,1.05,Численность пенсионеров (на конец года),.,.,.,.,.,.,,,,.,.,.,.,.,.,.,,,,.,"Регионы России. Социально-экономические показатели. 2003: Стат. сб. / Госкомстат России. − М., 2003.",.,134-135,Nataliya Menskaya,.,2002
113,Республика Мордовия,2002_13,.,.,2002,.,262000,человек,.,1.05,Численность пенсионеров (на конец года),.,.,.,.,.,.,,,,.,.,.,.,.,.,.,,,,.,"Регионы России. Социально-экономические показатели. 2003: Стат. сб. / Госкомстат России. − М., 2003.",.,134-135,Nataliya Menskaya,.,2002
115,Республика Саха (Якутия),2002_14,.,.,2002,.,199000,человек,.,1.05,Численность пенсионеров (на конец года),.,.,.,.,.,.,,,,.,.,.,.,.,.,.,,,,.,"Регионы России. Социально-экономические показатели. 2003: Стат. сб. / Госкомстат России. − М., 2003.",.,134-135,Nataliya Menskaya,.,2002
117,Республика Северная Осетия – Алания,2002_15,.,.,2002,.,197000,человек,.,1.05,Численность пенсионеров (на конец года),.,.,.,.,.,.,,,,.,.,.,.,.,.,.,,,,.,"Регионы России. Социально-экономические показатели. 2003: Стат. сб. / Госкомстат России. − М., 2003.",.,134-135,Nataliya Menskaya,.,2002
119,Республика Татарстан,2002_16,.,.,2002,.,966000,человек,.,1.05,Численность пенсионеров (на конец года),.,.,.,.,.,.,,,,.,.,.,.,.,.,.,,,,.,"Регионы России. Социально-экономические показатели. 2003: Стат. сб. / Госкомстат России. − М., 2003.",.,134-135,Nataliya Menskaya,.,2002
121,Республика Тыва,2002_17,.,.,2002,.,79000,человек,.,1.05,Численность пенсионеров (на конец года),.,.,.,.,.,.,,,,.,.,.,.,.,.,.,,,,.,"Регионы России. Социально-экономические показатели. 2003: Стат. сб. / Госкомстат России. − М., 2003.",.,134-135,Nataliya Menskaya,.,2002
153,Удмуртская Республика,2002_18,.,.,2002,.,385000,человек,.,1.05,Численность пенсионеров (на конец года),.,.,.,.,.,.,,,,.,.,.,.,.,.,.,,,,.,"Регионы России. Социально-экономические показатели. 2003: Стат. сб. / Госкомстат России. − М., 2003.",.,134-135,Nataliya Menskaya,.,2002
123,Республика Хакасия,2002_19,.,.,2002,.,138000,человек,.,1.05,Численность пенсионеров (на конец года),.,.,.,.,.,.,,,,.,.,.,.,.,.,.,,,,.,"Регионы России. Социально-экономические показатели. 2003: Стат. сб. / Госкомстат России. − М., 2003.",.,134-135,Nataliya Menskaya,.,2002
165,Чеченская республика,2002_20,.,.,2002,.,200000,человек,.,1.05,Численность пенсионеров (на конец года),.,.,.,.,.,.,,,,.,.,.,.,.,.,.,,,,.,"Регионы России. Социально-экономические показатели. 2003: Стат. сб. / Госкомстат России. − М., 2003.",.,134-135,Nataliya Menskaya,.,2002
169,Чувашская Республика – Чувашия,2002_21,.,.,2002,.,346000,человек,.,1.05,Численность пенсионеров (на конец года),.,.,.,.,.,.,,,,.,.,.,.,.,.,.,,,,.,"Регионы России. Социально-экономические показатели. 2003: Стат. сб. / Госкомстат России. − М., 2003.",.,134-135,Nataliya Menskaya,.,2002
3,Алтайский край,2002_22,.,.,2002,.,692000,человек,.,1.05,Численность пенсионеров (на конец года),.,.,.,.,.,.,,,,.,.,.,.,.,.,.,,,,.,"Регионы России. Социально-экономические показатели. 2003: Стат. сб. / Госкомстат России. − М., 2003.",.,134-135,Nataliya Menskaya,.,2002
53,Краснодарский край,2002_23,.,.,2002,.,1355000,человек,.,1.05,Численность пенсионеров (на конец года),.,.,.,.,.,.,,,,.,.,.,.,.,.,.,,,,.,"Регионы России. Социально-экономические показатели. 2003: Стат. сб. / Госкомстат России. − М., 2003.",.,134-135,Nataliya Menskaya,.,2002
55,Красноярский край,2002_24,.,.,2002,.,749000,человек,.,1.05,Численность пенсионеров (на конец года),.,.,.,.,.,.,,,,.,.,.,.,.,.,.,,,,.,"Регионы России. Социально-экономические показатели. 2003: Стат. сб. / Госкомстат России. − М., 2003.",.,134-135,Nataliya Menskaya,.,2002
89,Приморский край,2002_25,.,.,2002,.,496000,человек,.,1.05,Численность пенсионеров (на конец года),.,.,.,.,.,.,,,,.,.,.,.,.,.,.,,,,.,"Регионы России. Социально-экономические показатели. 2003: Стат. сб. / Госкомстат России. − М., 2003.",.,134-135,Nataliya Menskaya,.,2002
139,Ставропольский край,2002_26,.,.,2002,.,693000,человек,.,1.05,Численность пенсионеров (на конец года),.,.,.,.,.,.,,,,.,.,.,.,.,.,.,,,,.,"Регионы России. Социально-экономические показатели. 2003: Стат. сб. / Госкомстат России. − М., 2003.",.,134-135,Nataliya Menskaya,.,2002
159,Хабаровский край,2002_27,.,.,2002,.,362000,человек,.,1.05,Численность пенсионеров (на конец года),.,.,.,.,.,.,,,,.,.,.,.,.,.,.,,,,.,"Регионы России. Социально-экономические показатели. 2003: Стат. сб. / Госкомстат России. − М., 2003.",.,134-135,Nataliya Menskaya,.,2002
5,Амурская область,2002_28,.,.,2002,.,211000,человек,.,1.05,Численность пенсионеров (на конец года),.,.,.,.,.,.,,,,.,.,.,.,.,.,.,,,,.,"Регионы России. Социально-экономические показатели. 2003: Стат. сб. / Госкомстат России. − М., 2003.",.,134-135,Nataliya Menskaya,.,2002
7,Архангельская область,2002_29,.,.,2002,.,404000,человек,.,1.05,Численность пенсионеров (на конец года),.,.,.,.,.,.,,,,.,.,.,.,.,.,.,,,,.,"Регионы России. Социально-экономические показатели. 2003: Стат. сб. / Госкомстат России. − М., 2003.",.,134-135,Nataliya Menskaya,.,2002
9,Астраханская область,2002_30,.,.,2002,.,236000,человек,.,1.05,Численность пенсионеров (на конец года),.,.,.,.,.,.,,,,.,.,.,.,.,.,.,,,,.,"Регионы России. Социально-экономические показатели. 2003: Стат. сб. / Госкомстат России. − М., 2003.",.,134-135,Nataliya Menskaya,.,2002
11,Белгородская область,2002_31,.,.,2002,.,457000,человек,.,1.05,Численность пенсионеров (на конец года),.,.,.,.,.,.,,,,.,.,.,.,.,.,.,,,,.,"Регионы России. Социально-экономические показатели. 2003: Стат. сб. / Госкомстат России. − М., 2003.",.,134-135,Nataliya Menskaya,.,2002
13,Брянская область,2002_32,.,.,2002,.,429000,человек,.,1.05,Численность пенсионеров (на конец года),.,.,.,.,.,.,,,,.,.,.,.,.,.,.,,,,.,"Регионы России. Социально-экономические показатели. 2003: Стат. сб. / Госкомстат России. − М., 2003.",.,134-135,Nataliya Menskaya,.,2002
15,Владимирская область,2002_33,.,.,2002,.,465000,человек,.,1.05,Численность пенсионеров (на конец года),.,.,.,.,.,.,,,,.,.,.,.,.,.,.,,,,.,"Регионы России. Социально-экономические показатели. 2003: Стат. сб. / Госкомстат России. − М., 2003.",.,134-135,Nataliya Menskaya,.,2002
17,Волгоградская область,2002_34,.,.,2002,.,725000,человек,.,1.05,Численность пенсионеров (на конец года),.,.,.,.,.,.,,,,.,.,.,.,.,.,.,,,,.,"Регионы России. Социально-экономические показатели. 2003: Стат. сб. / Госкомстат России. − М., 2003.",.,134-135,Nataliya Menskaya,.,2002
19,Вологодская область,2002_35,.,.,2002,.,352000,человек,.,1.05,Численность пенсионеров (на конец года),.,.,.,.,.,.,,,,.,.,.,.,.,.,.,,,,.,"Регионы России. Социально-экономические показатели. 2003: Стат. сб. / Госкомстат России. − М., 2003.",.,134-135,Nataliya Menskaya,.,2002
21,Воронежская область,2002_36,.,.,2002,.,754000,человек,.,1.05,Численность пенсионеров (на конец года),.,.,.,.,.,.,,,,.,.,.,.,.,.,.,,,,.,"Регионы России. Социально-экономические показатели. 2003: Стат. сб. / Госкомстат России. − М., 2003.",.,134-135,Nataliya Menskaya,.,2002
29,Ивановская область,2002_37,.,.,2002,.,348000,человек,.,1.05,Численность пенсионеров (на конец года),.,.,.,.,.,.,,,,.,.,.,.,.,.,.,,,,.,"Регионы России. Социально-экономические показатели. 2003: Стат. сб. / Госкомстат России. − М., 2003.",.,134-135,Nataliya Menskaya,.,2002
31,Иркутская область,2002_38,.,.,2002,.,673000,человек,.,1.05,Численность пенсионеров (на конец года),.,.,.,.,.,.,,,,.,.,.,.,.,.,.,,,,.,"Регионы России. Социально-экономические показатели. 2003: Стат. сб. / Госкомстат России. − М., 2003.",.,134-135,Nataliya Menskaya,.,2002
35,Калининградская область,2002_39,.,.,2002,.,220000,человек,.,1.05,Численность пенсионеров (на конец года),.,.,.,.,.,.,,,,.,.,.,.,.,.,.,,,,.,"Регионы России. Социально-экономические показатели. 2003: Стат. сб. / Госкомстат России. − М., 2003.",.,134-135,Nataliya Menskaya,.,2002
37,Калужская область,2002_40,.,.,2002,.,301000,человек,.,1.05,Численность пенсионеров (на конец года),.,.,.,.,.,.,,,,.,.,.,.,.,.,.,,,,.,"Регионы России. Социально-экономические показатели. 2003: Стат. сб. / Госкомстат России. − М., 2003.",.,134-135,Nataliya Menskaya,.,2002
39,Камчатская область,2002_41,.,.,2002,.,82000,человек,.,1.05,Численность пенсионеров (на конец года),.,.,.,.,.,.,,,,.,.,.,.,.,.,.,,,,.,"Регионы России. Социально-экономические показатели. 2003: Стат. сб. / Госкомстат России. − М., 2003.",.,134-135,Nataliya Menskaya,.,2002
43,Кемеровская область,2002_42,.,.,2002,.,814000,человек,.,1.05,Численность пенсионеров (на конец года),.,.,.,.,.,.,,,,.,.,.,.,.,.,.,,,,.,"Регионы России. Социально-экономические показатели. 2003: Стат. сб. / Госкомстат России. − М., 2003.",.,134-135,Nataliya Menskaya,.,2002
45,Кировская область,2002_43,.,.,2002,.,428000,человек,.,1.05,Численность пенсионеров (на конец года),.,.,.,.,.,.,,,,.,.,.,.,.,.,.,,,,.,"Регионы России. Социально-экономические показатели. 2003: Стат. сб. / Госкомстат России. − М., 2003.",.,134-135,Nataliya Menskaya,.,2002
51,Костромская область,2002_44,.,.,2002,.,219000,человек,.,1.05,Численность пенсионеров (на конец года),.,.,.,.,.,.,,,,.,.,.,.,.,.,.,,,,.,"Регионы России. Социально-экономические показатели. 2003: Стат. сб. / Госкомстат России. − М., 2003.",.,134-135,Nataliya Menskaya,.,2002
57,Курганская область,2002_45,.,.,2002,.,285000,человек,.,1.05,Численность пенсионеров (на конец года),.,.,.,.,.,.,,,,.,.,.,.,.,.,.,,,,.,"Регионы России. Социально-экономические показатели. 2003: Стат. сб. / Госкомстат России. − М., 2003.",.,134-135,Nataliya Menskaya,.,2002
59,Курская область,2002_46,.,.,2002,.,394000,человек,.,1.05,Численность пенсионеров (на конец года),.,.,.,.,.,.,,,,.,.,.,.,.,.,.,,,,.,"Регионы России. Социально-экономические показатели. 2003: Стат. сб. / Госкомстат России. − М., 2003.",.,134-135,Nataliya Menskaya,.,2002
61,Ленинградская область,2002_47,.,.,2002,.,456000,человек,.,1.05,Численность пенсионеров (на конец года),.,.,.,.,.,.,,,,.,.,.,.,.,.,.,,,,.,"Регионы России. Социально-экономические показатели. 2003: Стат. сб. / Госкомстат России. − М., 2003.",.,134-135,Nataliya Menskaya,.,2002
63,Липецкая область,2002_48,.,.,2002,.,367000,человек,.,1.05,Численность пенсионеров (на конец года),.,.,.,.,.,.,,,,.,.,.,.,.,.,.,,,,.,"Регионы России. Социально-экономические показатели. 2003: Стат. сб. / Госкомстат России. − М., 2003.",.,134-135,Nataliya Menskaya,.,2002
65,Магаданская область,2002_49,.,.,2002,.,46000,человек,.,1.05,Численность пенсионеров (на конец года),.,.,.,.,.,.,,,,.,.,.,.,.,.,.,,,,.,"Регионы России. Социально-экономические показатели. 2003: Стат. сб. / Госкомстат России. − М., 2003.",.,134-135,Nataliya Menskaya,.,2002
67,Московская область,2002_50,.,.,2002,.,1771000,человек,.,1.05,Численность пенсионеров (на конец года),.,.,.,.,.,.,,,,.,.,.,.,.,.,.,,,,.,"Регионы России. Социально-экономические показатели. 2003: Стат. сб. / Госкомстат России. − М., 2003.",.,134-135,Nataliya Menskaya,.,2002
69,Мурманская область,2002_51,.,.,2002,.,234000,человек,.,1.05,Численность пенсионеров (на конец года),.,.,.,.,.,.,,,,.,.,.,.,.,.,.,,,,.,"Регионы России. Социально-экономические показатели. 2003: Стат. сб. / Госкомстат России. − М., 2003.",.,134-135,Nataliya Menskaya,.,2002
73,Нижегородская область,2002_52,.,.,2002,.,1039000,человек,.,1.05,Численность пенсионеров (на конец года),.,.,.,.,.,.,,,,.,.,.,.,.,.,.,,,,.,"Регионы России. Социально-экономические показатели. 2003: Стат. сб. / Госкомстат России. − М., 2003.",.,134-135,Nataliya Menskaya,.,2002
75,Новгородская область,2002_53,.,.,2002,.,213000,человек,.,1.05,Численность пенсионеров (на конец года),.,.,.,.,.,.,,,,.,.,.,.,.,.,.,,,,.,"Регионы России. Социально-экономические показатели. 2003: Стат. сб. / Госкомстат России. − М., 2003.",.,134-135,Nataliya Menskaya,.,2002
77,Новосибирская область,2002_54,.,.,2002,.,694000,человек,.,1.05,Численность пенсионеров (на конец года),.,.,.,.,.,.,,,,.,.,.,.,.,.,.,,,,.,"Регионы России. Социально-экономические показатели. 2003: Стат. сб. / Госкомстат России. − М., 2003.",.,134-135,Nataliya Menskaya,.,2002
79,Омская область,2002_55,.,.,2002,.,531000,человек,.,1.05,Численность пенсионеров (на конец года),.,.,.,.,.,.,,,,.,.,.,.,.,.,.,,,,.,"Регионы России. Социально-экономические показатели. 2003: Стат. сб. / Госкомстат России. − М., 2003.",.,134-135,Nataliya Menskaya,.,2002
81,Оренбургская область,2002_56,.,.,2002,.,579000,человек,.,1.05,Численность пенсионеров (на конец года),.,.,.,.,.,.,,,,.,.,.,.,.,.,.,,,,.,"Регионы России. Социально-экономические показатели. 2003: Стат. сб. / Госкомстат России. − М., 2003.",.,134-135,Nataliya Menskaya,.,2002
83,Орловская область,2002_57,.,.,2002,.,264000,человек,.,1.05,Численность пенсионеров (на конец года),.,.,.,.,.,.,,,,.,.,.,.,.,.,.,,,,.,"Регионы России. Социально-экономические показатели. 2003: Стат. сб. / Госкомстат России. − М., 2003.",.,134-135,Nataliya Menskaya,.,2002
85,Пензенская область,2002_58,.,.,2002,.,427000,человек,.,1.05,Численность пенсионеров (на конец года),.,.,.,.,.,.,,,,.,.,.,.,.,.,.,,,,.,"Регионы России. Социально-экономические показатели. 2003: Стат. сб. / Госкомстат России. − М., 2003.",.,134-135,Nataliya Menskaya,.,2002
87,Пермская область,2002_59,.,.,2002,.,747000,человек,.,1.05,Численность пенсионеров (на конец года),.,.,.,.,.,.,,,,.,.,.,.,.,.,.,,,,.,"Регионы России. Социально-экономические показатели. 2003: Стат. сб. / Госкомстат России. − М., 2003.",.,134-135,Nataliya Menskaya,.,2002
91,Псковская область,2002_60,.,.,2002,.,233000,человек,.,1.05,Численность пенсионеров (на конец года),.,.,.,.,.,.,,,,.,.,.,.,.,.,.,,,,.,"Регионы России. Социально-экономические показатели. 2003: Стат. сб. / Госкомстат России. − М., 2003.",.,134-135,Nataliya Menskaya,.,2002
125,Ростовская область,2002_61,.,.,2002,.,1279000,человек,.,1.05,Численность пенсионеров (на конец года),.,.,.,.,.,.,,,,.,.,.,.,.,.,.,,,,.,"Регионы России. Социально-экономические показатели. 2003: Стат. сб. / Госкомстат России. − М., 2003.",.,134-135,Nataliya Menskaya,.,2002
127,Рязанская область,2002_62,.,.,2002,.,406000,человек,.,1.05,Численность пенсионеров (на конец года),.,.,.,.,.,.,,,,.,.,.,.,.,.,.,,,,.,"Регионы России. Социально-экономические показатели. 2003: Стат. сб. / Госкомстат России. − М., 2003.",.,134-135,Nataliya Menskaya,.,2002
129,Самарская область,2002_63,.,.,2002,.,872000,человек,.,1.05,Численность пенсионеров (на конец года),.,.,.,.,.,.,,,,.,.,.,.,.,.,.,,,,.,"Регионы России. Социально-экономические показатели. 2003: Стат. сб. / Госкомстат России. − М., 2003.",.,134-135,Nataliya Menskaya,.,2002
131,Саратовская область,2002_64,.,.,2002,.,713000,человек,.,1.05,Численность пенсионеров (на конец года),.,.,.,.,.,.,,,,.,.,.,.,.,.,.,,,,.,"Регионы России. Социально-экономические показатели. 2003: Стат. сб. / Госкомстат России. − М., 2003.",.,134-135,Nataliya Menskaya,.,2002
133,Сахалинская область,2002_65,.,.,2002,.,152000,человек,.,1.05,Численность пенсионеров (на конец года),.,.,.,.,.,.,,,,.,.,.,.,.,.,.,,,,.,"Регионы России. Социально-экономические показатели. 2003: Стат. сб. / Госкомстат России. − М., 2003.",.,134-135,Nataliya Menskaya,.,2002
135,Свердловская область,2002_66,.,.,2002,.,1225000,человек,.,1.05,Численность пенсионеров (на конец года),.,.,.,.,.,.,,,,.,.,.,.,.,.,.,,,,.,"Регионы России. Социально-экономические показатели. 2003: Стат. сб. / Госкомстат России. − М., 2003.",.,134-135,Nataliya Menskaya,.,2002
137,Смоленская область,2002_67,.,.,2002,.,315000,человек,.,1.05,Численность пенсионеров (на конец года),.,.,.,.,.,.,,,,.,.,.,.,.,.,.,,,,.,"Регионы России. Социально-экономические показатели. 2003: Стат. сб. / Госкомстат России. − М., 2003.",.,134-135,Nataliya Menskaya,.,2002
143,Тамбовская область,2002_68,.,.,2002,.,382000,человек,.,1.05,Численность пенсионеров (на конец года),.,.,.,.,.,.,,,,.,.,.,.,.,.,.,,,,.,"Регионы России. Социально-экономические показатели. 2003: Стат. сб. / Госкомстат России. − М., 2003.",.,134-135,Nataliya Menskaya,.,2002
145,Тверская область,2002_69,.,.,2002,.,457000,человек,.,1.05,Численность пенсионеров (на конец года),.,.,.,.,.,.,,,,.,.,.,.,.,.,.,,,,.,"Регионы России. Социально-экономические показатели. 2003: Стат. сб. / Госкомстат России. − М., 2003.",.,134-135,Nataliya Menskaya,.,2002
147,Томская область,2002_70,.,.,2002,.,250000,человек,.,1.05,Численность пенсионеров (на конец года),.,.,.,.,.,.,,,,.,.,.,.,.,.,.,,,,.,"Регионы России. Социально-экономические показатели. 2003: Стат. сб. / Госкомстат России. − М., 2003.",.,134-135,Nataliya Menskaya,.,2002
149,Тульская область,2002_71,.,.,2002,.,582000,человек,.,1.05,Численность пенсионеров (на конец года),.,.,.,.,.,.,,,,.,.,.,.,.,.,.,,,,.,"Регионы России. Социально-экономические показатели. 2003: Стат. сб. / Госкомстат России. − М., 2003.",.,134-135,Nataliya Menskaya,.,2002
151,Тюменская область,2002_72,.,.,2002,.,610000,человек,.,1.05,Численность пенсионеров (на конец года),.,.,.,.,.,.,,,,.,.,.,.,.,.,.,,,,.,"Регионы России. Социально-экономические показатели. 2003: Стат. сб. / Госкомстат России. − М., 2003.",.,134-135,Nataliya Menskaya,.,2002
155,Ульяновская область,2002_73,.,.,2002,.,380000,человек,.,1.05,Численность пенсионеров (на конец года),.,.,.,.,.,.,,,,.,.,.,.,.,.,.,,,,.,"Регионы России. Социально-экономические показатели. 2003: Стат. сб. / Госкомстат России. − М., 2003.",.,134-135,Nataliya Menskaya,.,2002
163,Челябинская область,2002_74,.,.,2002,.,940000,человек,.,1.05,Численность пенсионеров (на конец года),.,.,.,.,.,.,,,,.,.,.,.,.,.,.,,,,.,"Регионы России. Социально-экономические показатели. 2003: Стат. сб. / Госкомстат России. − М., 2003.",.,134-135,Nataliya Menskaya,.,2002
167,Читинская область,2002_75,.,.,2002,.,270000,человек,.,1.05,Численность пенсионеров (на конец года),.,.,.,.,.,.,,,,.,.,.,.,.,.,.,,,,.,"Регионы России. Социально-экономические показатели. 2003: Стат. сб. / Госкомстат России. − М., 2003.",.,134-135,Nataliya Menskaya,.,2002
177,Ярославская область,2002_76,.,.,2002,.,413000,человек,.,1.05,Численность пенсионеров (на конец года),.,.,.,.,.,.,,,,.,.,.,.,.,.,.,,,,.,"Регионы России. Социально-экономические показатели. 2003: Стат. сб. / Госкомстат России. − М., 2003.",.,134-135,Nataliya Menskaya,.,2002
23,г. Москва,2002_77,.,.,2002,.,2376000,человек,.,1.05,Численность пенсионеров (на конец года),.,.,.,.,.,.,,,,.,.,.,.,.,.,.,,,,.,"Регионы России. Социально-экономические показатели. 2003: Стат. сб. / Госкомстат России. − М., 2003.",.,134-135,Nataliya Menskaya,.,2002
25,г. Санкт-Петербург,2002_78,.,.,2002,.,1246000,человек,.,1.05,Численность пенсионеров (на конец года),.,.,.,.,.,.,,,,.,.,.,.,.,.,.,,,,.,"Регионы России. Социально-экономические показатели. 2003: Стат. сб. / Госкомстат России. − М., 2003.",.,134-135,Nataliya Menskaya,.,2002
27,Еврейская автономная область,2002_79,.,.,2002,.,44000,человек,.,1.05,Численность пенсионеров (на конец года),.,.,.,.,.,.,,,,.,.,.,.,.,.,.,,,,.,"Регионы России. Социально-экономические показатели. 2003: Стат. сб. / Госкомстат России. − М., 2003.",.,134-135,Nataliya Menskaya,.,2002
1,Агинский Бурятский автономный округ,2002_80,.,.,2002,.,16000,человек,.,1.05,Численность пенсионеров (на конец года),.,.,.,.,.,.,,,,.,.,.,.,.,.,.,,,,.,"Регионы России. Социально-экономические показатели. 2003: Стат. сб. / Госкомстат России. − М., 2003.",.,134-135,Nataliya Menskaya,.,2002
47,Коми-Пермяцкий автономный округ,2002_81,.,.,2002,.,39000,человек,.,1.05,Численность пенсионеров (на конец года),.,.,.,.,.,.,,,,.,.,.,.,.,.,.,,,,.,"Регионы России. Социально-экономические показатели. 2003: Стат. сб. / Госкомстат России. − М., 2003.",.,134-135,Nataliya Menskaya,.,2002
49,Корякский автономный округ,2002_82,.,.,2002,.,7000,человек,.,1.05,Численность пенсионеров (на конец года),.,.,.,.,.,.,,,,.,.,.,.,.,.,.,,,,.,"Регионы России. Социально-экономические показатели. 2003: Стат. сб. / Госкомстат России. − М., 2003.",.,134-135,Nataliya Menskaya,.,2002
71,Ненецкий автономный округ,2002_83,.,.,2002,.,10000,человек,.,1.05,Численность пенсионеров (на конец года),.,.,.,.,.,.,,,,.,.,.,.,.,.,.,,,,.,"Регионы России. Социально-экономические показатели. 2003: Стат. сб. / Госкомстат России. − М., 2003.",.,134-135,Nataliya Menskaya,.,2002
141,Таймырский (Долгано-Ненецкий) автономный округ,2002_84,.,.,2002,.,8000,человек,.,1.05,Численность пенсионеров (на конец года),.,.,.,.,.,.,,,,.,.,.,.,.,.,.,,,,.,"Регионы России. Социально-экономические показатели. 2003: Стат. сб. / Госкомстат России. − М., 2003.",.,134-135,Nataliya Menskaya,.,2002
157,Усть-Ордынский Бурятский автономный округ,2002_85,.,.,2002,.,34000,человек,.,1.05,Численность пенсионеров (на конец года),.,.,.,.,.,.,,,,.,.,.,.,.,.,.,,,,.,"Регионы России. Социально-экономические показатели. 2003: Стат. сб. / Госкомстат России. − М., 2003.",.,134-135,Nataliya Menskaya,.,2002
161,Ханты-Мансийский автономный округ,2002_86,.,.,2002,.,218000,человек,.,1.05,Численность пенсионеров (на конец года),.,.,.,.,.,.,,,,.,.,.,.,.,.,.,,,,.,"Регионы России. Социально-экономические показатели. 2003: Стат. сб. / Госкомстат России. − М., 2003.",.,134-135,Nataliya Menskaya,.,2002
171,Чукотский автономный округ,2002_87,.,.,2002,.,12000,человек,.,1.05,Численность пенсионеров (на конец года),.,.,.,.,.,.,,,,.,.,.,.,.,.,.,,,,.,"Регионы России. Социально-экономические показатели. 2003: Стат. сб. / Госкомстат России. − М., 2003.",.,134-135,Nataliya Menskaya,.,2002
173,Эвенкийский автономный округ,2002_88,.,.,2002,.,4000,человек,.,1.05,Численность пенсионеров (на конец года),.,.,.,.,.,.,,,,.,.,.,.,.,.,.,,,,.,"Регионы России. Социально-экономические показатели. 2003: Стат. сб. / Госкомстат России. − М., 2003.",.,134-135,Nataliya Menskaya,.,2002
175,Ямало-Ненецкий автономный округ,2002_89,.,.,2002,.,74000,человек,.,1.05,Численность пенсионеров (на конец года),.,.,.,.,.,.,,,,.,.,.,.,.,.,.,,,,.,"Регионы России. Социально-экономические показатели. 2003: Стат. сб. / Госкомстат России. − М., 2003.",.,134-135,Nataliya Menskaya,.,2002
