ID,TERRITORY,TER_CODE,TOWN,DISTRICT,YEAR,MONTH,VALUE,VALUE_UNIT,VALUE_LABEL,DATATYPE,HISTCLASS1,HISTCLASS2,HISTCLASS3,HISTCLASS4,HISTCLASS5,HISTCLASS6,HISTCLASS7,HISTCLASS8,HISTCLASS9,HISTCLASS10,CLASS1,CLASS2,CLASS3,CLASS4,CLASS5,CLASS6,CLASS7,CLASS8,CLASS9,CLASS10,COMMENT_SOURCE,SOURCE,VOLUME,PAGE,NABORSHIK_ID,COMMENT_NABORSHIK,
1,Архангельская губерния,1795_01,.,.,1795,.,7200,человек,.,1.03,городское население,"городское население в городах, численность которых свыше 5 тыс. человек",.,.,.,.,.,,,,городское,"городское население в городах, численность которых свыше 5 тыс. человек",.,.,.,.,.,,,,.,"Storch H. Statistische Übersicht der Statthalterschaften des russischen Reichs Riga, 1795.",.,.,Korchmina,"Calculated value, rounded to nearest integer.",1795
51,Архангельская губерния,1795_01,.,.,1795,.,5050,человек,.,1.03,городское население,"городское население в городах, численность которых меньше 5 тыс человек",.,.,.,.,.,,,,городское,"городское население в городах, численность которых меньше 5 тыс человек",.,.,.,.,.,,,,.,"Storch H. Statistische Übersicht der Statthalterschaften des russischen Reichs Riga, 1795.",.,.,Korchmina,"Calculated value, rounded to nearest integer.",1795
101,Архангельская губерния,1795_01,.,.,1795,.,174973,человек,.,1.03,сельское население,.,.,.,.,.,.,,,,сельское,.,.,.,.,.,.,,,,.,"Storch H. Statistische Übersicht der Statthalterschaften des russischen Reichs Riga, 1795.",.,.,Korchmina,"Calculated value, rounded to nearest integer.",1795
52,Брацлавская губерния,1795_02,.,.,1795,.,.,человек,.,1.03,городское население,"городское население в городах, численность которых меньше 5 тыс человек",.,.,.,.,.,,,,городское,"городское население в городах, численность которых меньше 5 тыс человек",.,.,.,.,.,,,,.,"Storch H. Statistische Übersicht der Statthalterschaften des russischen Reichs Riga, 1795.",.,.,Korchmina,"Calculated value, rounded to nearest integer.",1795
2,Брацлавская губерния,1795_02,.,.,1795,.,.,человек,.,1.03,городское население,"городское население в городах, численность которых свыше 5 тыс. человек",.,.,.,.,.,,,,городское,"городское население в городах, численность которых свыше 5 тыс. человек",.,.,.,.,.,,,,.,"Storch H. Statistische Übersicht der Statthalterschaften des russischen Reichs Riga, 1795.",.,.,Korchmina,"Calculated value, rounded to nearest integer.",1795
102,Брацлавская губерния,1795_02,.,.,1795,.,.,человек,.,1.03,сельское население,.,.,.,.,.,.,,,,сельское,.,.,.,.,.,.,,,,.,"Storch H. Statistische Übersicht der Statthalterschaften des russischen Reichs Riga, 1795.",.,.,Korchmina,"Calculated value, rounded to nearest integer.",1795
3,Виленская губерния,1795_03,.,.,1795,.,.,человек,.,1.03,городское население,"городское население в городах, численность которых свыше 5 тыс. человек",.,.,.,.,.,,,,городское,"городское население в городах, численность которых свыше 5 тыс. человек",.,.,.,.,.,,,,.,"Storch H. Statistische Übersicht der Statthalterschaften des russischen Reichs Riga, 1795.",.,.,Korchmina,"Calculated value, rounded to nearest integer.",1795
53,Виленская губерния,1795_03,.,.,1795,.,.,человек,.,1.03,городское население,"городское население в городах, численность которых меньше 5 тыс человек",.,.,.,.,.,,,,городское,"городское население в городах, численность которых меньше 5 тыс человек",.,.,.,.,.,,,,.,"Storch H. Statistische Übersicht der Statthalterschaften des russischen Reichs Riga, 1795.",.,.,Korchmina,"Calculated value, rounded to nearest integer.",1795
103,Виленская губерния,1795_03,.,.,1795,.,.,человек,.,1.03,сельское население,.,.,.,.,.,.,,,,сельское,.,.,.,.,.,.,,,,.,"Storch H. Statistische Übersicht der Statthalterschaften des russischen Reichs Riga, 1795.",.,.,Korchmina,"Calculated value, rounded to nearest integer.",1795
4,Владимирская губерния,1795_04,.,.,1795,.,6500,человек,.,1.03,городское население,"городское население в городах, численность которых свыше 5 тыс. человек",.,.,.,.,.,,,,городское,"городское население в городах, численность которых свыше 5 тыс. человек",.,.,.,.,.,,,,.,"Storch H. Statistische Übersicht der Statthalterschaften des russischen Reichs Riga, 1795.",.,.,Korchmina,"Calculated value, rounded to nearest integer.",1795
54,Владимирская губерния,1795_04,.,.,1795,.,18379,человек,.,1.03,городское население,"городское население в городах, численность которых меньше 5 тыс человек",.,.,.,.,.,,,,городское,"городское население в городах, численность которых меньше 5 тыс человек",.,.,.,.,.,,,,.,"Storch H. Statistische Übersicht der Statthalterschaften des russischen Reichs Riga, 1795.",.,.,Korchmina,"Calculated value, rounded to nearest integer.",1795
104,Владимирская губерния,1795_04,.,.,1795,.,990162,человек,.,1.03,сельское население,.,.,.,.,.,.,,,,сельское,.,.,.,.,.,.,,,,.,"Storch H. Statistische Übersicht der Statthalterschaften des russischen Reichs Riga, 1795.",.,.,Korchmina,"Calculated value, rounded to nearest integer.",1795
5,Вознесенская губерния,1795_05,.,.,1795,.,.,человек,.,1.03,городское население,"городское население в городах, численность которых свыше 5 тыс. человек",.,.,.,.,.,,,,городское,"городское население в городах, численность которых свыше 5 тыс. человек",.,.,.,.,.,,,,.,"Storch H. Statistische Übersicht der Statthalterschaften des russischen Reichs Riga, 1795.",.,.,Korchmina,"Calculated value, rounded to nearest integer.",1795
55,Вознесенская губерния,1795_05,.,.,1795,.,.,человек,.,1.03,городское население,"городское население в городах, численность которых меньше 5 тыс человек",.,.,.,.,.,,,,городское,"городское население в городах, численность которых меньше 5 тыс человек",.,.,.,.,.,,,,.,"Storch H. Statistische Übersicht der Statthalterschaften des russischen Reichs Riga, 1795.",.,.,Korchmina,"Calculated value, rounded to nearest integer.",1795
105,Вознесенская губерния,1795_05,.,.,1795,.,.,человек,.,1.03,сельское население,.,.,.,.,.,.,,,,сельское,.,.,.,.,.,.,,,,.,"Storch H. Statistische Übersicht der Statthalterschaften des russischen Reichs Riga, 1795.",.,.,Korchmina,"Calculated value, rounded to nearest integer.",1795
106,Вологодская губерния,1795_06,.,.,1795,.,568118,человек,.,1.03,сельское население,.,.,.,.,.,.,,,,сельское,.,.,.,.,.,.,,,,.,"Storch H. Statistische Übersicht der Statthalterschaften des russischen Reichs Riga, 1795.",.,.,Korchmina,"Calculated value, rounded to nearest integer.",1795
6,Вологодская губерния,1795_06,.,.,1795,.,16822,человек,.,1.03,городское население,"городское население в городах, численность которых свыше 5 тыс. человек",.,.,.,.,.,,,,городское,"городское население в городах, численность которых свыше 5 тыс. человек",.,.,.,.,.,,,,.,"Storch H. Statistische Übersicht der Statthalterschaften des russischen Reichs Riga, 1795.",.,.,Korchmina,"Calculated value, rounded to nearest integer.",1795
56,Вологодская губерния,1795_06,.,.,1795,.,8400,человек,.,1.03,городское население,"городское население в городах, численность которых меньше 5 тыс человек",.,.,.,.,.,,,,городское,"городское население в городах, численность которых меньше 5 тыс человек",.,.,.,.,.,,,,.,"Storch H. Statistische Übersicht der Statthalterschaften des russischen Reichs Riga, 1795.",.,.,Korchmina,"Calculated value, rounded to nearest integer.",1795
7,Волынская губерния,1795_07,.,.,1795,.,.,человек,.,1.03,городское население,"городское население в городах, численность которых свыше 5 тыс. человек",.,.,.,.,.,,,,городское,"городское население в городах, численность которых свыше 5 тыс. человек",.,.,.,.,.,,,,.,"Storch H. Statistische Übersicht der Statthalterschaften des russischen Reichs Riga, 1795.",.,.,Korchmina,"Calculated value, rounded to nearest integer.",1795
107,Волынская губерния,1795_07,.,.,1795,.,.,человек,.,1.03,сельское население,.,.,.,.,.,.,,,,сельское,.,.,.,.,.,.,,,,.,"Storch H. Statistische Übersicht der Statthalterschaften des russischen Reichs Riga, 1795.",.,.,Korchmina,"Calculated value, rounded to nearest integer.",1795
57,Волынская губерния,1795_07,.,.,1795,.,.,человек,.,1.03,городское население,"городское население в городах, численность которых меньше 5 тыс человек",.,.,.,.,.,,,,городское,"городское население в городах, численность которых меньше 5 тыс человек",.,.,.,.,.,,,,.,"Storch H. Statistische Übersicht der Statthalterschaften des russischen Reichs Riga, 1795.",.,.,Korchmina,"Calculated value, rounded to nearest integer.",1795
108,Воронежская губерния,1795_08,.,.,1795,.,949907,человек,.,1.03,сельское население,.,.,.,.,.,.,,,,сельское,.,.,.,.,.,.,,,,.,"Storch H. Statistische Übersicht der Statthalterschaften des russischen Reichs Riga, 1795.",.,.,Korchmina,"Calculated value, rounded to nearest integer.",1795
8,Воронежская губерния,1795_08,.,.,1795,.,12000,человек,.,1.03,городское население,"городское население в городах, численность которых свыше 5 тыс. человек",.,.,.,.,.,,,,городское,"городское население в городах, численность которых свыше 5 тыс. человек",.,.,.,.,.,,,,.,"Storch H. Statistische Übersicht der Statthalterschaften des russischen Reichs Riga, 1795.",.,.,Korchmina,"Calculated value, rounded to nearest integer.",1795
58,Воронежская губерния,1795_08,.,.,1795,.,16300,человек,.,1.03,городское население,"городское население в городах, численность которых меньше 5 тыс человек",.,.,.,.,.,,,,городское,"городское население в городах, численность которых меньше 5 тыс человек",.,.,.,.,.,,,,.,"Storch H. Statistische Übersicht der Statthalterschaften des russischen Reichs Riga, 1795.",.,.,Korchmina,"Calculated value, rounded to nearest integer.",1795
59,Выборгская губерния,1795_09,.,.,1795,.,5346,человек,.,1.03,городское население,"городское население в городах, численность которых меньше 5 тыс человек",.,.,.,.,.,,,,городское,"городское население в городах, численность которых меньше 5 тыс человек",.,.,.,.,.,,,,.,"Storch H. Statistische Übersicht der Statthalterschaften des russischen Reichs Riga, 1795.",.,.,Korchmina,"Calculated value, rounded to nearest integer.",1795
9,Выборгская губерния,1795_09,.,.,1795,.,0,человек,.,1.03,городское население,"городское население в городах, численность которых свыше 5 тыс. человек",.,.,.,.,.,,,,городское,"городское население в городах, численность которых свыше 5 тыс. человек",.,.,.,.,.,,,,.,"Storch H. Statistische Übersicht der Statthalterschaften des russischen Reichs Riga, 1795.",.,.,Korchmina,"Calculated value, rounded to nearest integer.",1795
109,Выборгская губерния,1795_09,.,.,1795,.,183886,человек,.,1.03,сельское население,.,.,.,.,.,.,,,,сельское,.,.,.,.,.,.,,,,.,"Storch H. Statistische Übersicht der Statthalterschaften des russischen Reichs Riga, 1795.",.,.,Korchmina,"Calculated value, rounded to nearest integer.",1795
60,Вятская губерния,1795_10,.,.,1795,.,12000,человек,.,1.03,городское население,"городское население в городах, численность которых меньше 5 тыс человек",.,.,.,.,.,,,,городское,"городское население в городах, численность которых меньше 5 тыс человек",.,.,.,.,.,,,,.,"Storch H. Statistische Übersicht der Statthalterschaften des russischen Reichs Riga, 1795.",.,.,Korchmina,"Calculated value, rounded to nearest integer.",1795
110,Вятская губерния,1795_10,.,.,1795,.,910647,человек,.,1.03,сельское население,.,.,.,.,.,.,,,,сельское,.,.,.,.,.,.,,,,.,"Storch H. Statistische Übersicht der Statthalterschaften des russischen Reichs Riga, 1795.",.,.,Korchmina,"Calculated value, rounded to nearest integer.",1795
10,Вятская губерния,1795_10,.,.,1795,.,5000,человек,.,1.03,городское население,"городское население в городах, численность которых свыше 5 тыс. человек",.,.,.,.,.,,,,городское,"городское население в городах, численность которых свыше 5 тыс. человек",.,.,.,.,.,,,,.,"Storch H. Statistische Übersicht der Statthalterschaften des russischen Reichs Riga, 1795.",.,.,Korchmina,"Calculated value, rounded to nearest integer.",1795
61,Екатеринославское наместничество,1795_11,.,.,1795,.,.,человек,.,1.03,городское население,"городское население в городах, численность которых меньше 5 тыс человек",.,.,.,.,.,,,,городское,"городское население в городах, численность которых меньше 5 тыс человек",.,.,.,.,.,,,,.,"Storch H. Statistische Übersicht der Statthalterschaften des russischen Reichs Riga, 1795.",.,.,Korchmina,"Calculated value, rounded to nearest integer.",1795
111,Екатеринославское наместничество,1795_11,.,.,1795,.,.,человек,.,1.03,сельское население,.,.,.,.,.,.,,,,сельское,.,.,.,.,.,.,,,,.,"Storch H. Statistische Übersicht der Statthalterschaften des russischen Reichs Riga, 1795.",.,.,Korchmina,"Calculated value, rounded to nearest integer.",1795
11,Екатеринославское наместничество,1795_11,.,.,1795,.,.,человек,.,1.03,городское население,"городское население в городах, численность которых свыше 5 тыс. человек",.,.,.,.,.,,,,городское,"городское население в городах, численность которых свыше 5 тыс. человек",.,.,.,.,.,,,,.,"Storch H. Statistische Übersicht der Statthalterschaften des russischen Reichs Riga, 1795.",.,.,Korchmina,"Calculated value, rounded to nearest integer.",1795
12,Земля войска Донского,1795_12,.,.,1795,.,7664,человек,.,1.03,городское население,"городское население в городах, численность которых свыше 5 тыс. человек",.,.,.,.,.,,,,городское,"городское население в городах, численность которых свыше 5 тыс. человек",.,.,.,.,.,,,,.,"Storch H. Statistische Übersicht der Statthalterschaften des russischen Reichs Riga, 1795.",.,.,Korchmina,"Calculated value, rounded to nearest integer.",1795
112,Земля войска Донского,1795_12,.,.,1795,.,209425,человек,.,1.03,сельское население,.,.,.,.,.,.,,,,сельское,.,.,.,.,.,.,,,,.,"Storch H. Statistische Übersicht der Statthalterschaften des russischen Reichs Riga, 1795.",.,.,Korchmina,"Calculated value, rounded to nearest integer.",1795
62,Земля войска Донского,1795_12,.,.,1795,.,0,человек,.,1.03,городское население,"городское население в городах, численность которых меньше 5 тыс человек",.,.,.,.,.,,,,городское,"городское население в городах, численность которых меньше 5 тыс человек",.,.,.,.,.,,,,.,"Storch H. Statistische Übersicht der Statthalterschaften des russischen Reichs Riga, 1795.",.,.,Korchmina,"Calculated value, rounded to nearest integer.",1795
63,Иркутская губерния,1795_13,.,.,1795,.,29062,человек,.,1.03,городское население,"городское население в городах, численность которых меньше 5 тыс человек",.,.,.,.,.,,,,городское,"городское население в городах, численность которых меньше 5 тыс человек",.,.,.,.,.,,,,.,"Storch H. Statistische Übersicht der Statthalterschaften des russischen Reichs Riga, 1795.",.,.,Korchmina,"Calculated value, rounded to nearest integer.",1795
13,Иркутская губерния,1795_13,.,.,1795,.,14738,человек,.,1.03,городское население,"городское население в городах, численность которых свыше 5 тыс. человек",.,.,.,.,.,,,,городское,"городское население в городах, численность которых свыше 5 тыс. человек",.,.,.,.,.,,,,.,"Storch H. Statistische Übersicht der Statthalterschaften des russischen Reichs Riga, 1795.",.,.,Korchmina,"Calculated value, rounded to nearest integer.",1795
113,Иркутская губерния,1795_13,.,.,1795,.,319789,человек,.,1.03,сельское население,.,.,.,.,.,.,,,,сельское,.,.,.,.,.,.,,,,.,"Storch H. Statistische Übersicht der Statthalterschaften des russischen Reichs Riga, 1795.",.,.,Korchmina,"Calculated value, rounded to nearest integer.",1795
14,Кавказская область Астраханской губернии,1795_14,.,.,1795,.,80716,человек,.,1.03,городское население,"городское население в городах, численность которых свыше 5 тыс. человек",.,.,.,.,.,,,,городское,"городское население в городах, численность которых свыше 5 тыс. человек",.,.,.,.,.,,,,.,"Storch H. Statistische Übersicht der Statthalterschaften des russischen Reichs Riga, 1795.",.,.,Korchmina,"Calculated value, rounded to nearest integer.",1795
114,Кавказская область Астраханской губернии,1795_14,.,.,1795,.,67984,человек,.,1.03,сельское население,.,.,.,.,.,.,,,,сельское,.,.,.,.,.,.,,,,.,"Storch H. Statistische Übersicht der Statthalterschaften des russischen Reichs Riga, 1795.",.,.,Korchmina,"Calculated value, rounded to nearest integer.",1795
64,Кавказская область Астраханской губернии,1795_14,.,.,1795,.,16027,человек,.,1.03,городское население,"городское население в городах, численность которых меньше 5 тыс человек",.,.,.,.,.,,,,городское,"городское население в городах, численность которых меньше 5 тыс человек",.,.,.,.,.,,,,.,"Storch H. Statistische Übersicht der Statthalterschaften des russischen Reichs Riga, 1795.",.,.,Korchmina,"Calculated value, rounded to nearest integer.",1795
115,Казанская губерния,1795_15,.,.,1795,.,806355,человек,.,1.03,сельское население,.,.,.,.,.,.,,,,сельское,.,.,.,.,.,.,,,,.,"Storch H. Statistische Übersicht der Statthalterschaften des russischen Reichs Riga, 1795.",.,.,Korchmina,"Calculated value, rounded to nearest integer.",1795
15,Казанская губерния,1795_15,.,.,1795,.,19628,человек,.,1.03,городское население,"городское население в городах, численность которых свыше 5 тыс. человек",.,.,.,.,.,,,,городское,"городское население в городах, численность которых свыше 5 тыс. человек",.,.,.,.,.,,,,.,"Storch H. Statistische Übersicht der Statthalterschaften des russischen Reichs Riga, 1795.",.,.,Korchmina,"Calculated value, rounded to nearest integer.",1795
65,Казанская губерния,1795_15,.,.,1795,.,11648,человек,.,1.03,городское население,"городское население в городах, численность которых меньше 5 тыс человек",.,.,.,.,.,,,,городское,"городское население в городах, численность которых меньше 5 тыс человек",.,.,.,.,.,,,,.,"Storch H. Statistische Übersicht der Statthalterschaften des russischen Reichs Riga, 1795.",.,.,Korchmina,"Calculated value, rounded to nearest integer.",1795
16,Калужская губерния,1795_16,.,.,1795,.,22452,человек,.,1.03,городское население,"городское население в городах, численность которых свыше 5 тыс. человек",.,.,.,.,.,,,,городское,"городское население в городах, численность которых свыше 5 тыс. человек",.,.,.,.,.,,,,.,"Storch H. Statistische Übersicht der Statthalterschaften des russischen Reichs Riga, 1795.",.,.,Korchmina,"Calculated value, rounded to nearest integer.",1795
116,Калужская губерния,1795_16,.,.,1795,.,721274,человек,.,1.03,сельское население,.,.,.,.,.,.,,,,сельское,.,.,.,.,.,.,,,,.,"Storch H. Statistische Übersicht der Statthalterschaften des russischen Reichs Riga, 1795.",.,.,Korchmina,"Calculated value, rounded to nearest integer.",1795
66,Калужская губерния,1795_16,.,.,1795,.,13681,человек,.,1.03,городское население,"городское население в городах, численность которых меньше 5 тыс человек",.,.,.,.,.,,,,городское,"городское население в городах, численность которых меньше 5 тыс человек",.,.,.,.,.,,,,.,"Storch H. Statistische Übersicht der Statthalterschaften des russischen Reichs Riga, 1795.",.,.,Korchmina,"Calculated value, rounded to nearest integer.",1795
67,Киевская губерния,1795_17,.,.,1795,.,.,человек,.,1.03,городское население,"городское население в городах, численность которых меньше 5 тыс человек",.,.,.,.,.,,,,городское,"городское население в городах, численность которых меньше 5 тыс человек",.,.,.,.,.,,,,.,"Storch H. Statistische Übersicht der Statthalterschaften des russischen Reichs Riga, 1795.",.,.,Korchmina,"Calculated value, rounded to nearest integer.",1795
117,Киевская губерния,1795_17,.,.,1795,.,.,человек,.,1.03,сельское население,.,.,.,.,.,.,,,,сельское,.,.,.,.,.,.,,,,.,"Storch H. Statistische Übersicht der Statthalterschaften des russischen Reichs Riga, 1795.",.,.,Korchmina,"Calculated value, rounded to nearest integer.",1795
17,Киевская губерния,1795_17,.,.,1795,.,.,человек,.,1.03,городское население,"городское население в городах, численность которых свыше 5 тыс. человек",.,.,.,.,.,,,,городское,"городское население в городах, численность которых свыше 5 тыс. человек",.,.,.,.,.,,,,.,"Storch H. Statistische Übersicht der Statthalterschaften des russischen Reichs Riga, 1795.",.,.,Korchmina,"Calculated value, rounded to nearest integer.",1795
18,Колыванская губерния,1795_18,.,.,1795,.,7200,человек,.,1.03,городское население,"городское население в городах, численность которых свыше 5 тыс. человек",.,.,.,.,.,,,,городское,"городское население в городах, численность которых свыше 5 тыс. человек",.,.,.,.,.,,,,.,"Storch H. Statistische Übersicht der Statthalterschaften des russischen Reichs Riga, 1795.",.,.,Korchmina,"Calculated value, rounded to nearest integer.",1795
68,Колыванская губерния,1795_18,.,.,1795,.,19380,человек,.,1.03,городское население,"городское население в городах, численность которых меньше 5 тыс человек",.,.,.,.,.,,,,городское,"городское население в городах, численность которых меньше 5 тыс человек",.,.,.,.,.,,,,.,"Storch H. Statistische Übersicht der Statthalterschaften des russischen Reichs Riga, 1795.",.,.,Korchmina,"Calculated value, rounded to nearest integer.",1795
118,Колыванская губерния,1795_18,.,.,1795,.,36326,человек,.,1.03,сельское население,.,.,.,.,.,.,,,,сельское,.,.,.,.,.,.,,,,.,"Storch H. Statistische Übersicht der Statthalterschaften des russischen Reichs Riga, 1795.",.,.,Korchmina,"Calculated value, rounded to nearest integer.",1795
69,Костромская губерния,1795_19,.,.,1795,.,19190,человек,.,1.03,городское население,"городское население в городах, численность которых меньше 5 тыс человек",.,.,.,.,.,,,,городское,"городское население в городах, численность которых меньше 5 тыс человек",.,.,.,.,.,,,,.,"Storch H. Statistische Übersicht der Statthalterschaften des russischen Reichs Riga, 1795.",.,.,Korchmina,"Calculated value, rounded to nearest integer.",1795
119,Костромская губерния,1795_19,.,.,1795,.,801947,человек,.,1.03,сельское население,.,.,.,.,.,.,,,,сельское,.,.,.,.,.,.,,,,.,"Storch H. Statistische Übersicht der Statthalterschaften des russischen Reichs Riga, 1795.",.,.,Korchmina,"Calculated value, rounded to nearest integer.",1795
19,Костромская губерния,1795_19,.,.,1795,.,9000,человек,.,1.03,городское население,"городское население в городах, численность которых свыше 5 тыс. человек",.,.,.,.,.,,,,городское,"городское население в городах, численность которых свыше 5 тыс. человек",.,.,.,.,.,,,,.,"Storch H. Statistische Übersicht der Statthalterschaften des russischen Reichs Riga, 1795.",.,.,Korchmina,"Calculated value, rounded to nearest integer.",1795
42,Таврическая область,1795_20,.,.,1795,.,.,человек,.,1.03,городское население,"городское население в городах, численность которых свыше 5 тыс. человек",.,.,.,.,.,,,,городское,"городское население в городах, численность которых свыше 5 тыс. человек",.,.,.,.,.,,,,.,"Storch H. Statistische Übersicht der Statthalterschaften des russischen Reichs Riga, 1795.",.,.,Korchmina,"Calculated value, rounded to nearest integer.",1795
92,Таврическая область,1795_20,.,.,1795,.,.,человек,.,1.03,городское население,"городское население в городах, численность которых меньше 5 тыс человек",.,.,.,.,.,,,,городское,"городское население в городах, численность которых меньше 5 тыс человек",.,.,.,.,.,,,,.,"Storch H. Statistische Übersicht der Statthalterschaften des russischen Reichs Riga, 1795.",.,.,Korchmina,"Calculated value, rounded to nearest integer.",1795
142,Таврическая область,1795_20,.,.,1795,.,.,человек,.,1.03,сельское население,.,.,.,.,.,.,,,,сельское,.,.,.,.,.,.,,,,.,"Storch H. Statistische Übersicht der Statthalterschaften des russischen Reichs Riga, 1795.",.,.,Korchmina,"Calculated value, rounded to nearest integer.",1795
120,Курская губерния,1795_21,.,.,1795,.,939497,человек,.,1.03,сельское население,.,.,.,.,.,.,,,,сельское,.,.,.,.,.,.,,,,.,"Storch H. Statistische Übersicht der Statthalterschaften des russischen Reichs Riga, 1795.",.,.,Korchmina,"Calculated value, rounded to nearest integer.",1795
20,Курская губерния,1795_21,.,.,1795,.,48502,человек,.,1.03,городское население,"городское население в городах, численность которых свыше 5 тыс. человек",.,.,.,.,.,,,,городское,"городское население в городах, численность которых свыше 5 тыс. человек",.,.,.,.,.,,,,.,"Storch H. Statistische Übersicht der Statthalterschaften des russischen Reichs Riga, 1795.",.,.,Korchmina,"Calculated value, rounded to nearest integer.",1795
70,Курская губерния,1795_21,.,.,1795,.,18954,человек,.,1.03,городское население,"городское население в городах, численность которых меньше 5 тыс человек",.,.,.,.,.,,,,городское,"городское население в городах, численность которых меньше 5 тыс человек",.,.,.,.,.,,,,.,"Storch H. Statistische Übersicht der Statthalterschaften des russischen Reichs Riga, 1795.",.,.,Korchmina,"Calculated value, rounded to nearest integer.",1795
71,Минская губерния,1795_22,.,.,1795,.,.,человек,.,1.03,городское население,"городское население в городах, численность которых меньше 5 тыс человек",.,.,.,.,.,,,,городское,"городское население в городах, численность которых меньше 5 тыс человек",.,.,.,.,.,,,,.,"Storch H. Statistische Übersicht der Statthalterschaften des russischen Reichs Riga, 1795.",.,.,Korchmina,"Calculated value, rounded to nearest integer.",1795
21,Минская губерния,1795_22,.,.,1795,.,.,человек,.,1.03,городское население,"городское население в городах, численность которых свыше 5 тыс. человек",.,.,.,.,.,,,,городское,"городское население в городах, численность которых свыше 5 тыс. человек",.,.,.,.,.,,,,.,"Storch H. Statistische Übersicht der Statthalterschaften des russischen Reichs Riga, 1795.",.,.,Korchmina,"Calculated value, rounded to nearest integer.",1795
121,Минская губерния,1795_22,.,.,1795,.,.,человек,.,1.03,сельское население,.,.,.,.,.,.,,,,сельское,.,.,.,.,.,.,,,,.,"Storch H. Statistische Übersicht der Statthalterschaften des russischen Reichs Riga, 1795.",.,.,Korchmina,"Calculated value, rounded to nearest integer.",1795
72,Могилевская губерния,1795_23,.,.,1795,.,.,человек,.,1.03,городское население,"городское население в городах, численность которых меньше 5 тыс человек",.,.,.,.,.,,,,городское,"городское население в городах, численность которых меньше 5 тыс человек",.,.,.,.,.,,,,.,"Storch H. Statistische Übersicht der Statthalterschaften des russischen Reichs Riga, 1795.",.,.,Korchmina,"Calculated value, rounded to nearest integer.",1795
22,Могилевская губерния,1795_23,.,.,1795,.,.,человек,.,1.03,городское население,"городское население в городах, численность которых свыше 5 тыс. человек",.,.,.,.,.,,,,городское,"городское население в городах, численность которых свыше 5 тыс. человек",.,.,.,.,.,,,,.,"Storch H. Statistische Übersicht der Statthalterschaften des russischen Reichs Riga, 1795.",.,.,Korchmina,"Calculated value, rounded to nearest integer.",1795
122,Могилевская губерния,1795_23,.,.,1795,.,.,человек,.,1.03,сельское население,.,.,.,.,.,.,,,,сельское,.,.,.,.,.,.,,,,.,"Storch H. Statistische Übersicht der Statthalterschaften des russischen Reichs Riga, 1795.",.,.,Korchmina,"Calculated value, rounded to nearest integer.",1795
73,Московская губерния,1795_24,.,.,1795,.,19482,человек,.,1.03,городское население,"городское население в городах, численность которых меньше 5 тыс человек",.,.,.,.,.,,,,городское,"городское население в городах, численность которых меньше 5 тыс человек",.,.,.,.,.,,,,.,"Storch H. Statistische Übersicht der Statthalterschaften des russischen Reichs Riga, 1795.",.,.,Korchmina,"Calculated value, rounded to nearest integer.",1795
123,Московская губерния,1795_24,.,.,1795,.,581865,человек,.,1.03,сельское население,.,.,.,.,.,.,,,,сельское,.,.,.,.,.,.,,,,.,"Storch H. Statistische Übersicht der Statthalterschaften des russischen Reichs Riga, 1795.",.,.,Korchmina,"Calculated value, rounded to nearest integer.",1795
23,Московская губерния,1795_24,.,.,1795,.,367920,человек,.,1.03,городское население,"городское население в городах, численность которых свыше 5 тыс. человек",.,.,.,.,.,,,,городское,"городское население в городах, численность которых свыше 5 тыс. человек",.,.,.,.,.,,,,.,"Storch H. Statistische Übersicht der Statthalterschaften des russischen Reichs Riga, 1795.",.,.,Korchmina,"Calculated value, rounded to nearest integer.",1795
74,Нижегородская губерния,1795_25,.,.,1795,.,14014,человек,.,1.03,городское население,"городское население в городах, численность которых меньше 5 тыс человек",.,.,.,.,.,,,,городское,"городское население в городах, численность которых меньше 5 тыс человек",.,.,.,.,.,,,,.,"Storch H. Statistische Übersicht der Statthalterschaften des russischen Reichs Riga, 1795.",.,.,Korchmina,"Calculated value, rounded to nearest integer.",1795
124,Нижегородская губерния,1795_25,.,.,1795,.,827007,человек,.,1.03,сельское население,.,.,.,.,.,.,,,,сельское,.,.,.,.,.,.,,,,.,"Storch H. Statistische Übersicht der Statthalterschaften des russischen Reichs Riga, 1795.",.,.,Korchmina,"Calculated value, rounded to nearest integer.",1795
24,Нижегородская губерния,1795_25,.,.,1795,.,15068,человек,.,1.03,городское население,"городское население в городах, численность которых свыше 5 тыс. человек",.,.,.,.,.,,,,городское,"городское население в городах, численность которых свыше 5 тыс. человек",.,.,.,.,.,,,,.,"Storch H. Statistische Übersicht der Statthalterschaften des russischen Reichs Riga, 1795.",.,.,Korchmina,"Calculated value, rounded to nearest integer.",1795
125,Новгородско-Северская губерния,1795_26,.,.,1795,.,615480,человек,.,1.03,сельское население,.,.,.,.,.,.,,,,сельское,.,.,.,.,.,.,,,,.,"Storch H. Statistische Übersicht der Statthalterschaften des russischen Reichs Riga, 1795.",.,.,Korchmina,"Calculated value, rounded to nearest integer.",1795
25,Новгородско-Северская губерния,1795_26,.,.,1795,.,10780,человек,.,1.03,городское население,"городское население в городах, численность которых свыше 5 тыс. человек",.,.,.,.,.,,,,городское,"городское население в городах, численность которых свыше 5 тыс. человек",.,.,.,.,.,,,,.,"Storch H. Statistische Übersicht der Statthalterschaften des russischen Reichs Riga, 1795.",.,.,Korchmina,"Calculated value, rounded to nearest integer.",1795
75,Новгородско-Северская губерния,1795_26,.,.,1795,.,13340,человек,.,1.03,городское население,"городское население в городах, численность которых меньше 5 тыс человек",.,.,.,.,.,,,,городское,"городское население в городах, численность которых меньше 5 тыс человек",.,.,.,.,.,,,,.,"Storch H. Statistische Übersicht der Statthalterschaften des russischen Reichs Riga, 1795.",.,.,Korchmina,"Calculated value, rounded to nearest integer.",1795
76,Новгородская губерния,1795_27,.,.,1795,.,10250,человек,.,1.03,городское население,"городское население в городах, численность которых меньше 5 тыс человек",.,.,.,.,.,,,,городское,"городское население в городах, численность которых меньше 5 тыс человек",.,.,.,.,.,,,,.,"Storch H. Statistische Übersicht der Statthalterschaften des russischen Reichs Riga, 1795.",.,.,Korchmina,"Calculated value, rounded to nearest integer.",1795
26,Новгородская губерния,1795_27,.,.,1795,.,25077,человек,.,1.03,городское население,"городское население в городах, численность которых свыше 5 тыс. человек",.,.,.,.,.,,,,городское,"городское население в городах, численность которых свыше 5 тыс. человек",.,.,.,.,.,,,,.,"Storch H. Statistische Übersicht der Statthalterschaften des russischen Reichs Riga, 1795.",.,.,Korchmina,"Calculated value, rounded to nearest integer.",1795
126,Новгородская губерния,1795_27,.,.,1795,.,613112,человек,.,1.03,сельское население,.,.,.,.,.,.,,,,сельское,.,.,.,.,.,.,,,,.,"Storch H. Statistische Übersicht der Statthalterschaften des russischen Reichs Riga, 1795.",.,.,Korchmina,"Calculated value, rounded to nearest integer.",1795
27,Олонецкая губерния,1795_28,.,.,1795,.,0,человек,.,1.03,городское население,"городское население в городах, численность которых свыше 5 тыс. человек",.,.,.,.,.,,,,городское,"городское население в городах, численность которых свыше 5 тыс. человек",.,.,.,.,.,,,,.,"Storch H. Statistische Übersicht der Statthalterschaften des russischen Reichs Riga, 1795.",.,.,Korchmina,"Calculated value, rounded to nearest integer.",1795
127,Олонецкая губерния,1795_28,.,.,1795,.,194921,человек,.,1.03,сельское население,.,.,.,.,.,.,,,,сельское,.,.,.,.,.,.,,,,.,"Storch H. Statistische Übersicht der Statthalterschaften des russischen Reichs Riga, 1795.",.,.,Korchmina,"Calculated value, rounded to nearest integer.",1795
77,Олонецкая губерния,1795_28,.,.,1795,.,13467,человек,.,1.03,городское население,"городское население в городах, численность которых меньше 5 тыс человек",.,.,.,.,.,,,,городское,"городское население в городах, численность которых меньше 5 тыс человек",.,.,.,.,.,,,,.,"Storch H. Statistische Übersicht der Statthalterschaften des russischen Reichs Riga, 1795.",.,.,Korchmina,"Calculated value, rounded to nearest integer.",1795
28,Орловская губерния,1795_29,.,.,1795,.,38604,человек,.,1.03,городское население,"городское население в городах, численность которых свыше 5 тыс. человек",.,.,.,.,.,,,,городское,"городское население в городах, численность которых свыше 5 тыс. человек",.,.,.,.,.,,,,.,"Storch H. Statistische Übersicht der Statthalterschaften des russischen Reichs Riga, 1795.",.,.,Korchmina,"Calculated value, rounded to nearest integer.",1795
78,Орловская губерния,1795_29,.,.,1795,.,23514,человек,.,1.03,городское население,"городское население в городах, численность которых меньше 5 тыс человек",.,.,.,.,.,,,,городское,"городское население в городах, численность которых меньше 5 тыс человек",.,.,.,.,.,,,,.,"Storch H. Statistische Übersicht der Statthalterschaften des russischen Reichs Riga, 1795.",.,.,Korchmina,"Calculated value, rounded to nearest integer.",1795
128,Орловская губерния,1795_29,.,.,1795,.,956860,человек,.,1.03,сельское население,.,.,.,.,.,.,,,,сельское,.,.,.,.,.,.,,,,.,"Storch H. Statistische Übersicht der Statthalterschaften des russischen Reichs Riga, 1795.",.,.,Korchmina,"Calculated value, rounded to nearest integer.",1795
29,Пензенская губерния,1795_30,.,.,1795,.,14686,человек,.,1.03,городское население,"городское население в городах, численность которых свыше 5 тыс. человек",.,.,.,.,.,,,,городское,"городское население в городах, численность которых свыше 5 тыс. человек",.,.,.,.,.,,,,.,"Storch H. Statistische Übersicht der Statthalterschaften des russischen Reichs Riga, 1795.",.,.,Korchmina,"Calculated value, rounded to nearest integer.",1795
79,Пензенская губерния,1795_30,.,.,1795,.,35502,человек,.,1.03,городское население,"городское население в городах, численность которых меньше 5 тыс человек",.,.,.,.,.,,,,городское,"городское население в городах, численность которых меньше 5 тыс человек",.,.,.,.,.,,,,.,"Storch H. Statistische Übersicht der Statthalterschaften des russischen Reichs Riga, 1795.",.,.,Korchmina,"Calculated value, rounded to nearest integer.",1795
129,Пензенская губерния,1795_30,.,.,1795,.,641820,человек,.,1.03,сельское население,.,.,.,.,.,.,,,,сельское,.,.,.,.,.,.,,,,.,"Storch H. Statistische Übersicht der Statthalterschaften des russischen Reichs Riga, 1795.",.,.,Korchmina,"Calculated value, rounded to nearest integer.",1795
130,Пермская губерния,1795_31,.,.,1795,.,769697,человек,.,1.03,сельское население,.,.,.,.,.,.,,,,сельское,.,.,.,.,.,.,,,,.,"Storch H. Statistische Übersicht der Statthalterschaften des russischen Reichs Riga, 1795.",.,.,Korchmina,"Calculated value, rounded to nearest integer.",1795
30,Пермская губерния,1795_31,.,.,1795,.,13306,человек,.,1.03,городское население,"городское население в городах, численность которых свыше 5 тыс. человек",.,.,.,.,.,,,,городское,"городское население в городах, численность которых свыше 5 тыс. человек",.,.,.,.,.,,,,.,"Storch H. Statistische Übersicht der Statthalterschaften des russischen Reichs Riga, 1795.",.,.,Korchmina,"Calculated value, rounded to nearest integer.",1795
80,Пермская губерния,1795_31,.,.,1795,.,.,человек,.,1.03,городское население,"городское население в городах, численность которых меньше 5 тыс человек",.,.,.,.,.,,,,городское,"городское население в городах, численность которых меньше 5 тыс человек",.,.,.,.,.,,,,.,"Storch H. Statistische Übersicht der Statthalterschaften des russischen Reichs Riga, 1795.",.,.,Korchmina,"Calculated value, rounded to nearest integer.",1795
131,Подольская губерния,1795_32,.,.,1795,.,.,человек,.,1.03,сельское население,.,.,.,.,.,.,,,,сельское,.,.,.,.,.,.,,,,.,"Storch H. Statistische Übersicht der Statthalterschaften des russischen Reichs Riga, 1795.",.,.,Korchmina,"Calculated value, rounded to nearest integer.",1795
81,Подольская губерния,1795_32,.,.,1795,.,.,человек,.,1.03,городское население,"городское население в городах, численность которых меньше 5 тыс человек",.,.,.,.,.,,,,городское,"городское население в городах, численность которых меньше 5 тыс человек",.,.,.,.,.,,,,.,"Storch H. Statistische Übersicht der Statthalterschaften des russischen Reichs Riga, 1795.",.,.,Korchmina,"Calculated value, rounded to nearest integer.",1795
31,Подольская губерния,1795_32,.,.,1795,.,.,человек,.,1.03,городское население,"городское население в городах, численность которых свыше 5 тыс. человек",.,.,.,.,.,,,,городское,"городское население в городах, численность которых свыше 5 тыс. человек",.,.,.,.,.,,,,.,"Storch H. Statistische Übersicht der Statthalterschaften des russischen Reichs Riga, 1795.",.,.,Korchmina,"Calculated value, rounded to nearest integer.",1795
132,Полоцкая губерния,1795_33,.,.,1795,.,.,человек,.,1.03,сельское население,.,.,.,.,.,.,,,,сельское,.,.,.,.,.,.,,,,.,"Storch H. Statistische Übersicht der Statthalterschaften des russischen Reichs Riga, 1795.",.,.,Korchmina,"Calculated value, rounded to nearest integer.",1795
82,Полоцкая губерния,1795_33,.,.,1795,.,15609,человек,.,1.03,городское население,"городское население в городах, численность которых меньше 5 тыс человек",.,.,.,.,.,,,,городское,"городское население в городах, численность которых меньше 5 тыс человек",.,.,.,.,.,,,,.,"Storch H. Statistische Übersicht der Statthalterschaften des russischen Reichs Riga, 1795.",.,.,Korchmina,"Calculated value, rounded to nearest integer.",1795
32,Полоцкая губерния,1795_33,.,.,1795,.,11685,человек,.,1.03,городское население,"городское население в городах, численность которых свыше 5 тыс. человек",.,.,.,.,.,,,,городское,"городское население в городах, численность которых свыше 5 тыс. человек",.,.,.,.,.,,,,.,"Storch H. Statistische Übersicht der Statthalterschaften des russischen Reichs Riga, 1795.",.,.,Korchmina,"Calculated value, rounded to nearest integer.",1795
83,Псковская губерния,1795_34,.,.,1795,.,8500,человек,.,1.03,городское население,"городское население в городах, численность которых меньше 5 тыс человек",.,.,.,.,.,,,,городское,"городское население в городах, численность которых меньше 5 тыс человек",.,.,.,.,.,,,,.,"Storch H. Statistische Übersicht der Statthalterschaften des russischen Reichs Riga, 1795.",.,.,Korchmina,"Calculated value, rounded to nearest integer.",1795
133,Псковская губерния,1795_34,.,.,1795,.,610509,человек,.,1.03,сельское население,.,.,.,.,.,.,,,,сельское,.,.,.,.,.,.,,,,.,"Storch H. Statistische Übersicht der Statthalterschaften des russischen Reichs Riga, 1795.",.,.,Korchmina,"Calculated value, rounded to nearest integer.",1795
33,Псковская губерния,1795_34,.,.,1795,.,14138,человек,.,1.03,городское население,"городское население в городах, численность которых свыше 5 тыс. человек",.,.,.,.,.,,,,городское,"городское население в городах, численность которых свыше 5 тыс. человек",.,.,.,.,.,,,,.,"Storch H. Statistische Übersicht der Statthalterschaften des russischen Reichs Riga, 1795.",.,.,Korchmina,"Calculated value, rounded to nearest integer.",1795
34,Ревельская губерния,1795_35,.,.,1795,.,.,человек,.,1.03,городское население,"городское население в городах, численность которых свыше 5 тыс. человек",.,.,.,.,.,,,,городское,"городское население в городах, численность которых свыше 5 тыс. человек",.,.,.,.,.,,,,.,"Storch H. Statistische Übersicht der Statthalterschaften des russischen Reichs Riga, 1795.",.,.,Korchmina,"Calculated value, rounded to nearest integer.",1795
134,Ревельская губерния,1795_35,.,.,1795,.,.,человек,.,1.03,сельское население,.,.,.,.,.,.,,,,сельское,.,.,.,.,.,.,,,,.,"Storch H. Statistische Übersicht der Statthalterschaften des russischen Reichs Riga, 1795.",.,.,Korchmina,"Calculated value, rounded to nearest integer.",1795
84,Ревельская губерния,1795_35,.,.,1795,.,.,человек,.,1.03,городское население,"городское население в городах, численность которых меньше 5 тыс человек",.,.,.,.,.,,,,городское,"городское население в городах, численность которых меньше 5 тыс человек",.,.,.,.,.,,,,.,"Storch H. Statistische Übersicht der Statthalterschaften des russischen Reichs Riga, 1795.",.,.,Korchmina,"Calculated value, rounded to nearest integer.",1795
135,Рижская губерния,1795_36,.,.,1795,.,.,человек,.,1.03,сельское население,.,.,.,.,.,.,,,,сельское,.,.,.,.,.,.,,,,.,"Storch H. Statistische Übersicht der Statthalterschaften des russischen Reichs Riga, 1795.",.,.,Korchmina,"Calculated value, rounded to nearest integer.",1795
35,Рижская губерния,1795_36,.,.,1795,.,.,человек,.,1.03,городское население,"городское население в городах, численность которых свыше 5 тыс. человек",.,.,.,.,.,,,,городское,"городское население в городах, численность которых свыше 5 тыс. человек",.,.,.,.,.,,,,.,"Storch H. Statistische Übersicht der Statthalterschaften des russischen Reichs Riga, 1795.",.,.,Korchmina,"Calculated value, rounded to nearest integer.",1795
85,Рижская губерния,1795_36,.,.,1795,.,.,человек,.,1.03,городское население,"городское население в городах, численность которых меньше 5 тыс человек",.,.,.,.,.,,,,городское,"городское население в городах, численность которых меньше 5 тыс человек",.,.,.,.,.,,,,.,"Storch H. Statistische Übersicht der Statthalterschaften des russischen Reichs Riga, 1795.",.,.,Korchmina,"Calculated value, rounded to nearest integer.",1795
86,Рязанская губерния,1795_37,.,.,1795,.,16430,человек,.,1.03,городское население,"городское население в городах, численность которых меньше 5 тыс человек",.,.,.,.,.,,,,городское,"городское население в городах, численность которых меньше 5 тыс человек",.,.,.,.,.,,,,.,"Storch H. Statistische Übersicht der Statthalterschaften des russischen Reichs Riga, 1795.",.,.,Korchmina,"Calculated value, rounded to nearest integer.",1795
136,Рязанская губерния,1795_37,.,.,1795,.,884051,человек,.,1.03,сельское население,.,.,.,.,.,.,,,,сельское,.,.,.,.,.,.,,,,.,"Storch H. Statistische Übersicht der Statthalterschaften des russischen Reichs Riga, 1795.",.,.,Korchmina,"Calculated value, rounded to nearest integer.",1795
36,Рязанская губерния,1795_37,.,.,1795,.,17398,человек,.,1.03,городское население,"городское население в городах, численность которых свыше 5 тыс. человек",.,.,.,.,.,,,,городское,"городское население в городах, численность которых свыше 5 тыс. человек",.,.,.,.,.,,,,.,"Storch H. Statistische Übersicht der Statthalterschaften des russischen Reichs Riga, 1795.",.,.,Korchmina,"Calculated value, rounded to nearest integer.",1795
37,Санкт-Петербургская губерния,1795_38,.,.,1795,.,240000,человек,.,1.03,городское население,"городское население в городах, численность которых свыше 5 тыс. человек",.,.,.,.,.,,,,городское,"городское население в городах, численность которых свыше 5 тыс. человек",.,.,.,.,.,,,,.,"Storch H. Statistische Übersicht der Statthalterschaften des russischen Reichs Riga, 1795.",.,.,Korchmina,"Calculated value, rounded to nearest integer.",1795
137,Санкт-Петербургская губерния,1795_38,.,.,1795,.,125998,человек,.,1.03,сельское население,.,.,.,.,.,.,,,,сельское,.,.,.,.,.,.,,,,.,"Storch H. Statistische Übersicht der Statthalterschaften des russischen Reichs Riga, 1795.",.,.,Korchmina,"Calculated value, rounded to nearest integer.",1795
87,Санкт-Петербургская губерния,1795_38,.,.,1795,.,14873,человек,.,1.03,городское население,"городское население в городах, численность которых меньше 5 тыс человек",.,.,.,.,.,,,,городское,"городское население в городах, численность которых меньше 5 тыс человек",.,.,.,.,.,,,,.,"Storch H. Statistische Übersicht der Statthalterschaften des russischen Reichs Riga, 1795.",.,.,Korchmina,"Calculated value, rounded to nearest integer.",1795
88,Саратовская губерния,1795_39,.,.,1795,.,24846,человек,.,1.03,городское население,"городское население в городах, численность которых меньше 5 тыс человек",.,.,.,.,.,,,,городское,"городское население в городах, численность которых меньше 5 тыс человек",.,.,.,.,.,,,,.,"Storch H. Statistische Übersicht der Statthalterschaften des russischen Reichs Riga, 1795.",.,.,Korchmina,"Calculated value, rounded to nearest integer.",1795
38,Саратовская губерния,1795_39,.,.,1795,.,0,человек,.,1.03,городское население,"городское население в городах, численность которых свыше 5 тыс. человек",.,.,.,.,.,,,,городское,"городское население в городах, численность которых свыше 5 тыс. человек",.,.,.,.,.,,,,.,"Storch H. Statistische Übersicht der Statthalterschaften des russischen Reichs Riga, 1795.",.,.,Korchmina,"Calculated value, rounded to nearest integer.",1795
138,Саратовская губерния,1795_39,.,.,1795,.,928402,человек,.,1.03,сельское население,.,.,.,.,.,.,,,,сельское,.,.,.,.,.,.,,,,.,"Storch H. Statistische Übersicht der Statthalterschaften des russischen Reichs Riga, 1795.",.,.,Korchmina,"Calculated value, rounded to nearest integer.",1795
39,Симбирская губерния,1795_40,.,.,1795,.,17316,человек,.,1.03,городское население,"городское население в городах, численность которых свыше 5 тыс. человек",.,.,.,.,.,,,,городское,"городское население в городах, численность которых свыше 5 тыс. человек",.,.,.,.,.,,,,.,"Storch H. Statistische Übersicht der Statthalterschaften des russischen Reichs Riga, 1795.",.,.,Korchmina,"Calculated value, rounded to nearest integer.",1795
89,Симбирская губерния,1795_40,.,.,1795,.,18324,человек,.,1.03,городское население,"городское население в городах, численность которых меньше 5 тыс человек",.,.,.,.,.,,,,городское,"городское население в городах, численность которых меньше 5 тыс человек",.,.,.,.,.,,,,.,"Storch H. Statistische Übersicht der Statthalterschaften des russischen Reichs Riga, 1795.",.,.,Korchmina,"Calculated value, rounded to nearest integer.",1795
139,Симбирская губерния,1795_40,.,.,1795,.,802295,человек,.,1.03,сельское население,.,.,.,.,.,.,,,,сельское,.,.,.,.,.,.,,,,.,"Storch H. Statistische Übersicht der Statthalterschaften des russischen Reichs Riga, 1795.",.,.,Korchmina,"Calculated value, rounded to nearest integer.",1795
40,Слонимское наместничество,1795_41,.,.,1795,.,.,человек,.,1.03,городское население,"городское население в городах, численность которых свыше 5 тыс. человек",.,.,.,.,.,,,,городское,"городское население в городах, численность которых свыше 5 тыс. человек",.,.,.,.,.,,,,.,"Storch H. Statistische Übersicht der Statthalterschaften des russischen Reichs Riga, 1795.",.,.,Korchmina,"Calculated value, rounded to nearest integer.",1795
140,Слонимское наместничество,1795_41,.,.,1795,.,.,человек,.,1.03,сельское население,.,.,.,.,.,.,,,,сельское,.,.,.,.,.,.,,,,.,"Storch H. Statistische Übersicht der Statthalterschaften des russischen Reichs Riga, 1795.",.,.,Korchmina,"Calculated value, rounded to nearest integer.",1795
90,Слонимское наместничество,1795_41,.,.,1795,.,.,человек,.,1.03,городское население,"городское население в городах, численность которых меньше 5 тыс человек",.,.,.,.,.,,,,городское,"городское население в городах, численность которых меньше 5 тыс человек",.,.,.,.,.,,,,.,"Storch H. Statistische Übersicht der Statthalterschaften des russischen Reichs Riga, 1795.",.,.,Korchmina,"Calculated value, rounded to nearest integer.",1795
41,Смоленская губерния,1795_42,.,.,1795,.,23642,человек,.,1.03,городское население,"городское население в городах, численность которых свыше 5 тыс. человек",.,.,.,.,.,,,,городское,"городское население в городах, численность которых свыше 5 тыс. человек",.,.,.,.,.,,,,.,"Storch H. Statistische Übersicht der Statthalterschaften des russischen Reichs Riga, 1795.",.,.,Korchmina,"Calculated value, rounded to nearest integer.",1795
91,Смоленская губерния,1795_42,.,.,1795,.,15624,человек,.,1.03,городское население,"городское население в городах, численность которых меньше 5 тыс человек",.,.,.,.,.,,,,городское,"городское население в городах, численность которых меньше 5 тыс человек",.,.,.,.,.,,,,.,"Storch H. Statistische Übersicht der Statthalterschaften des russischen Reichs Riga, 1795.",.,.,Korchmina,"Calculated value, rounded to nearest integer.",1795
141,Смоленская губерния,1795_42,.,.,1795,.,911080,человек,.,1.03,сельское население,.,.,.,.,.,.,,,,сельское,.,.,.,.,.,.,,,,.,"Storch H. Statistische Übersicht der Statthalterschaften des russischen Reichs Riga, 1795.",.,.,Korchmina,"Calculated value, rounded to nearest integer.",1795
143,Тамбовская губерния,1795_43,.,.,1795,.,986383,человек,.,1.03,сельское население,.,.,.,.,.,.,,,,сельское,.,.,.,.,.,.,,,,.,"Storch H. Statistische Übersicht der Statthalterschaften des russischen Reichs Riga, 1795.",.,.,Korchmina,"Calculated value, rounded to nearest integer.",1795
43,Тамбовская губерния,1795_43,.,.,1795,.,29223,человек,.,1.03,городское население,"городское население в городах, численность которых свыше 5 тыс. человек",.,.,.,.,.,,,,городское,"городское население в городах, численность которых свыше 5 тыс. человек",.,.,.,.,.,,,,.,"Storch H. Statistische Übersicht der Statthalterschaften des russischen Reichs Riga, 1795.",.,.,Korchmina,"Calculated value, rounded to nearest integer.",1795
93,Тамбовская губерния,1795_43,.,.,1795,.,28674,человек,.,1.03,городское население,"городское население в городах, численность которых меньше 5 тыс человек",.,.,.,.,.,,,,городское,"городское население в городах, численность которых меньше 5 тыс человек",.,.,.,.,.,,,,.,"Storch H. Statistische Übersicht der Statthalterschaften des russischen Reichs Riga, 1795.",.,.,Korchmina,"Calculated value, rounded to nearest integer.",1795
44,Тверская губерния,1795_44,.,.,1795,.,5174,человек,.,1.03,городское население,"городское население в городах, численность которых свыше 5 тыс. человек",.,.,.,.,.,,,,городское,"городское население в городах, численность которых свыше 5 тыс. человек",.,.,.,.,.,,,,.,"Storch H. Statistische Übersicht der Statthalterschaften des russischen Reichs Riga, 1795.",.,.,Korchmina,"Calculated value, rounded to nearest integer.",1795
94,Тверская губерния,1795_44,.,.,1795,.,23928,человек,.,1.03,городское население,"городское население в городах, численность которых меньше 5 тыс человек",.,.,.,.,.,,,,городское,"городское население в городах, численность которых меньше 5 тыс человек",.,.,.,.,.,,,,.,"Storch H. Statistische Übersicht der Statthalterschaften des russischen Reichs Riga, 1795.",.,.,Korchmina,"Calculated value, rounded to nearest integer.",1795
144,Тверская губерния,1795_44,.,.,1795,.,937332,человек,.,1.03,сельское население,.,.,.,.,.,.,,,,сельское,.,.,.,.,.,.,,,,.,"Storch H. Statistische Übersicht der Statthalterschaften des russischen Reichs Riga, 1795.",.,.,Korchmina,"Calculated value, rounded to nearest integer.",1795
95,Тобольская губерния,1795_45,.,.,1795,.,19565,человек,.,1.03,городское население,"городское население в городах, численность которых меньше 5 тыс человек",.,.,.,.,.,,,,городское,"городское население в городах, численность которых меньше 5 тыс человек",.,.,.,.,.,,,,.,"Storch H. Statistische Übersicht der Statthalterschaften des russischen Reichs Riga, 1795.",.,.,Korchmina,"Calculated value, rounded to nearest integer.",1795
145,Тобольская губерния,1795_45,.,.,1795,.,597786,человек,.,1.03,сельское население,.,.,.,.,.,.,,,,сельское,.,.,.,.,.,.,,,,.,"Storch H. Statistische Übersicht der Statthalterschaften des russischen Reichs Riga, 1795.",.,.,Korchmina,"Calculated value, rounded to nearest integer.",1795
45,Тобольская губерния,1795_45,.,.,1795,.,25269,человек,.,1.03,городское население,"городское население в городах, численность которых свыше 5 тыс. человек",.,.,.,.,.,,,,городское,"городское население в городах, численность которых свыше 5 тыс. человек",.,.,.,.,.,,,,.,"Storch H. Statistische Übersicht der Statthalterschaften des russischen Reichs Riga, 1795.",.,.,Korchmina,"Calculated value, rounded to nearest integer.",1795
46,Тульская губерния,1795_46,.,.,1795,.,17638,человек,.,1.03,городское население,"городское население в городах, численность которых свыше 5 тыс. человек",.,.,.,.,.,,,,городское,"городское население в городах, численность которых свыше 5 тыс. человек",.,.,.,.,.,,,,.,"Storch H. Statistische Übersicht der Statthalterschaften des russischen Reichs Riga, 1795.",.,.,Korchmina,"Calculated value, rounded to nearest integer.",1795
146,Тульская губерния,1795_46,.,.,1795,.,955783,человек,.,1.03,сельское население,.,.,.,.,.,.,,,,сельское,.,.,.,.,.,.,,,,.,"Storch H. Statistische Übersicht der Statthalterschaften des russischen Reichs Riga, 1795.",.,.,Korchmina,"Calculated value, rounded to nearest integer.",1795
96,Тульская губерния,1795_46,.,.,1795,.,17892,человек,.,1.03,городское население,"городское население в городах, численность которых меньше 5 тыс человек",.,.,.,.,.,,,,городское,"городское население в городах, численность которых меньше 5 тыс человек",.,.,.,.,.,,,,.,"Storch H. Statistische Übersicht der Statthalterschaften des russischen Reichs Riga, 1795.",.,.,Korchmina,"Calculated value, rounded to nearest integer.",1795
97,Уфимское наместничество,1795_47,.,.,1795,.,34436,человек,.,1.03,городское население,"городское население в городах, численность которых меньше 5 тыс человек",.,.,.,.,.,,,,городское,"городское население в городах, численность которых меньше 5 тыс человек",.,.,.,.,.,,,,.,"Storch H. Statistische Übersicht der Statthalterschaften des russischen Reichs Riga, 1795.",.,.,Korchmina,"Calculated value, rounded to nearest integer.",1795
47,Уфимское наместничество,1795_47,.,.,1795,.,17196,человек,.,1.03,городское население,"городское население в городах, численность которых свыше 5 тыс. человек",.,.,.,.,.,,,,городское,"городское население в городах, численность которых свыше 5 тыс. человек",.,.,.,.,.,,,,.,"Storch H. Statistische Übersicht der Statthalterschaften des russischen Reichs Riga, 1795.",.,.,Korchmina,"Calculated value, rounded to nearest integer.",1795
147,Уфимское наместничество,1795_47,.,.,1795,.,1056094,человек,.,1.03,сельское население,.,.,.,.,.,.,,,,сельское,.,.,.,.,.,.,,,,.,"Storch H. Statistische Übersicht der Statthalterschaften des russischen Reichs Riga, 1795.",.,.,Korchmina,"Calculated value, rounded to nearest integer.",1795
148,Харьковская губерния,1795_48,.,.,1795,.,.,человек,.,1.03,сельское население,.,.,.,.,.,.,,,,сельское,.,.,.,.,.,.,,,,.,"Storch H. Statistische Übersicht der Statthalterschaften des russischen Reichs Riga, 1795.",.,.,Korchmina,"Calculated value, rounded to nearest integer.",1795
98,Харьковская губерния,1795_48,.,.,1795,.,.,человек,.,1.03,городское население,"городское население в городах, численность которых меньше 5 тыс человек",.,.,.,.,.,,,,городское,"городское население в городах, численность которых меньше 5 тыс человек",.,.,.,.,.,,,,.,"Storch H. Statistische Übersicht der Statthalterschaften des russischen Reichs Riga, 1795.",.,.,Korchmina,"Calculated value, rounded to nearest integer.",1795
48,Харьковская губерния,1795_48,.,.,1795,.,.,человек,.,1.03,городское население,"городское население в городах, численность которых свыше 5 тыс. человек",.,.,.,.,.,,,,городское,"городское население в городах, численность которых свыше 5 тыс. человек",.,.,.,.,.,,,,.,"Storch H. Statistische Übersicht der Statthalterschaften des russischen Reichs Riga, 1795.",.,.,Korchmina,"Calculated value, rounded to nearest integer.",1795
49,Черниговская губерния,1795_49,.,.,1795,.,5000,человек,.,1.03,городское население,"городское население в городах, численность которых свыше 5 тыс. человек",.,.,.,.,.,,,,городское,"городское население в городах, численность которых свыше 5 тыс. человек",.,.,.,.,.,,,,.,"Storch H. Statistische Übersicht der Statthalterschaften des russischen Reichs Riga, 1795.",.,.,Korchmina,"Calculated value, rounded to nearest integer.",1795
99,Черниговская губерния,1795_49,.,.,1795,.,16457,человек,.,1.03,городское население,"городское население в городах, численность которых меньше 5 тыс человек",.,.,.,.,.,,,,городское,"городское население в городах, численность которых меньше 5 тыс человек",.,.,.,.,.,,,,.,"Storch H. Statistische Übersicht der Statthalterschaften des russischen Reichs Riga, 1795.",.,.,Korchmina,"Calculated value, rounded to nearest integer.",1795
149,Черниговская губерния,1795_49,.,.,1795,.,831869,человек,.,1.03,сельское население,.,.,.,.,.,.,,,,сельское,.,.,.,.,.,.,,,,.,"Storch H. Statistische Übersicht der Statthalterschaften des russischen Reichs Riga, 1795.",.,.,Korchmina,"Calculated value, rounded to nearest integer.",1795
100,Ярославская губерния,1795_50,.,.,1795,.,19373,человек,.,1.03,городское население,"городское население в городах, численность которых меньше 5 тыс человек",.,.,.,.,.,,,,городское,"городское население в городах, численность которых меньше 5 тыс человек",.,.,.,.,.,,,,.,"Storch H. Statistische Übersicht der Statthalterschaften des russischen Reichs Riga, 1795.",.,.,Korchmina,"Calculated value, rounded to nearest integer.",1795
50,Ярославская губерния,1795_50,.,.,1795,.,24358,человек,.,1.03,городское население,"городское население в городах, численность которых свыше 5 тыс. человек",.,.,.,.,.,,,,городское,"городское население в городах, численность которых свыше 5 тыс. человек",.,.,.,.,.,,,,.,"Storch H. Statistische Übersicht der Statthalterschaften des russischen Reichs Riga, 1795.",.,.,Korchmina,"Calculated value, rounded to nearest integer.",1795
150,Ярославская губерния,1795_50,.,.,1795,.,730993,человек,.,1.03,сельское население,.,.,.,.,.,.,,,,сельское,.,.,.,.,.,.,,,,.,"Storch H. Statistische Übersicht der Statthalterschaften des russischen Reichs Riga, 1795.",.,.,Korchmina,"Calculated value, rounded to nearest integer.",1795
