ID,TERRITORY,TER_CODE,TOWN,DISTRICT,YEAR,MONTH,VALUE,VALUE_UNIT,VALUE_LABEL,DATATYPE,HISTCLASS1,HISTCLASS2,HISTCLASS3,HISTCLASS4,HISTCLASS5,HISTCLASS6,HISTCLASS7,HISTCLASS8,HISTCLASS9,HISTCLASS10,CLASS1,CLASS2,CLASS3,CLASS4,CLASS5,CLASS6,CLASS7,CLASS8,CLASS9,CLASS10,COMMENT_SOURCE,SOURCE,VOLUME,PAGE,NABORSHIK_ID,COMMENT_NABORSHIK,
13,Башкирская АССР,1959_02,.,.,1959,.,539598,человек,.,1.03,город,.,.,.,.,.,.,,,,городское,.,.,.,.,.,.,,,,.,Всесоюзная перепись населения 1959 года. Таблица 4. http://demoscope.ru/weekly/ssp/census.php?cy=2,.,18-35,"Павленко О.В., Н. Сидоренко",.,1959
14,Башкирская АССР,1959_02,.,.,1959,.,1010347,человек,.,1.03,село,.,.,.,.,.,.,,,,сельское,.,.,.,.,.,.,,,,.,Всесоюзная перепись населения 1959 года. Таблица 4. http://demoscope.ru/weekly/ssp/census.php?cy=2,.,18-36,"Павленко О.В., Н. Сидоренко",.,1959
20,Бурятская АССР,1959_03,.,.,1959,.,846060,человек,.,1.03,село,.,.,.,.,.,.,,,,сельское,.,.,.,.,.,.,,,,.,Всесоюзная перепись населения 1959 года. Таблица 4. http://demoscope.ru/weekly/ssp/census.php?cy=2,.,18-42,"Павленко О.В., Н. Сидоренко",.,1959
19,Бурятская АССР,1959_03,.,.,1959,.,1007868,человек,.,1.03,город,.,.,.,.,.,.,,,,городское,.,.,.,.,.,.,,,,.,Всесоюзная перепись населения 1959 года. Таблица 4. http://demoscope.ru/weekly/ssp/census.php?cy=2,.,18-41,"Павленко О.В., Н. Сидоренко",.,1959
32,Дагестанская АССР,1959_05,.,.,1959,.,749627,человек,.,1.03,село,.,.,.,.,.,.,,,,сельское,.,.,.,.,.,.,,,,.,Всесоюзная перепись населения 1959 года. Таблица 4. http://demoscope.ru/weekly/ssp/census.php?cy=2,.,18-54,"Павленко О.В., Н. Сидоренко",.,1959
31,Дагестанская АССР,1959_05,.,.,1959,.,1226826,человек,.,1.03,город,.,.,.,.,.,.,,,,городское,.,.,.,.,.,.,,,,.,Всесоюзная перепись населения 1959 года. Таблица 4. http://demoscope.ru/weekly/ssp/census.php?cy=2,.,18-53,"Павленко О.В., Н. Сидоренко",.,1959
161,Чечено-Ингушская АССР,1959_06,.,.,1959,.,21801,человек,.,1.03,город,.,.,.,.,.,.,,,,городское,.,.,.,.,.,.,,,,.,Всесоюзная перепись населения 1959 года. Таблица 4. http://demoscope.ru/weekly/ssp/census.php?cy=2,.,18-183,"Павленко О.В., Н. Сидоренко",.,1959
162,Чечено-Ингушская АССР,1959_06,.,.,1959,.,195237,человек,.,1.03,село,.,.,.,.,.,.,,,,сельское,.,.,.,.,.,.,,,,.,Всесоюзная перепись населения 1959 года. Таблица 4. http://demoscope.ru/weekly/ssp/census.php?cy=2,.,18-184,"Павленко О.В., Н. Сидоренко",.,1959
39,Кабардино-Балкарская АССР,1959_07,.,.,1959,.,38616,человек,.,1.03,город,.,.,.,.,.,.,,,,городское,.,.,.,.,.,.,,,,.,Всесоюзная перепись населения 1959 года. Таблица 4. http://demoscope.ru/weekly/ssp/census.php?cy=2,.,18-61,"Павленко О.В., Н. Сидоренко",.,1959
40,Кабардино-Балкарская АССР,1959_07,.,.,1959,.,146241,человек,.,1.03,село,.,.,.,.,.,.,,,,сельское,.,.,.,.,.,.,,,,.,Всесоюзная перепись населения 1959 года. Таблица 4. http://demoscope.ru/weekly/ssp/census.php?cy=2,.,18-62,"Павленко О.В., Н. Сидоренко",.,1959
45,Калмыцкая АССР,1959_08,.,.,1959,.,409616,человек,.,1.03,город,.,.,.,.,.,.,,,,городское,.,.,.,.,.,.,,,,.,Всесоюзная перепись населения 1959 года. Таблица 4. http://demoscope.ru/weekly/ssp/census.php?cy=2,.,18-67,"Павленко О.В., Н. Сидоренко",.,1959
46,Калмыцкая АССР,1959_08,.,.,1959,.,241730,человек,.,1.03,село,.,.,.,.,.,.,,,,сельское,.,.,.,.,.,.,,,,.,Всесоюзная перепись населения 1959 года. Таблица 4. http://demoscope.ru/weekly/ssp/census.php?cy=2,.,18-68,"Павленко О.В., Н. Сидоренко",.,1959
53,Карельская АССР,1959_10,.,.,1959,.,366429,человек,.,1.03,город,.,.,.,.,.,.,,,,городское,.,.,.,.,.,.,,,,.,Всесоюзная перепись населения 1959 года. Таблица 4. http://demoscope.ru/weekly/ssp/census.php?cy=2,.,18-75,"Павленко О.В., Н. Сидоренко",.,1959
54,Карельская АССР,1959_10,.,.,1959,.,553570,человек,.,1.03,село,.,.,.,.,.,.,,,,сельское,.,.,.,.,.,.,,,,.,Всесоюзная перепись населения 1959 года. Таблица 4. http://demoscope.ru/weekly/ssp/census.php?cy=2,.,18-76,"Павленко О.В., Н. Сидоренко",.,1959
59,Коми АССР,1959_11,.,.,1959,.,1397221,человек,.,1.03,город,.,.,.,.,.,.,,,,городское,.,.,.,.,.,.,,,,.,Всесоюзная перепись населения 1959 года. Таблица 4. http://demoscope.ru/weekly/ssp/census.php?cy=2,.,18-81,"Павленко О.В., Н. Сидоренко",.,1959
60,Коми АССР,1959_11,.,.,1959,.,861138,человек,.,1.03,село,.,.,.,.,.,.,,,,сельское,.,.,.,.,.,.,,,,.,Всесоюзная перепись населения 1959 года. Таблица 4. http://demoscope.ru/weekly/ssp/census.php?cy=2,.,18-82,"Павленко О.В., Н. Сидоренко",.,1959
90,Марийская АССР,1959_12,.,.,1959,.,1010182,человек,.,1.03,село,.,.,.,.,.,.,,,,сельское,.,.,.,.,.,.,,,,.,Всесоюзная перепись населения 1959 года. Таблица 4. http://demoscope.ru/weekly/ssp/census.php?cy=2,.,18-112,"Павленко О.В., Н. Сидоренко",.,1959
89,Марийская АССР,1959_12,.,.,1959,.,499384,человек,.,1.03,город,.,.,.,.,.,.,,,,городское,.,.,.,.,.,.,,,,.,Всесоюзная перепись населения 1959 года. Таблица 4. http://demoscope.ru/weekly/ssp/census.php?cy=2,.,18-111,"Павленко О.В., Н. Сидоренко",.,1959
91,Мордовская АССР,1959_13,.,.,1959,.,1764879,человек,.,1.03,город,.,.,.,.,.,.,,,,городское,.,.,.,.,.,.,,,,.,Всесоюзная перепись населения 1959 года. Таблица 4. http://demoscope.ru/weekly/ssp/census.php?cy=2,.,18-113,"Павленко О.В., Н. Сидоренко",.,1959
92,Мордовская АССР,1959_13,.,.,1959,.,1227997,человек,.,1.03,село,.,.,.,.,.,.,,,,сельское,.,.,.,.,.,.,,,,.,Всесоюзная перепись населения 1959 года. Таблица 4. http://demoscope.ru/weekly/ssp/census.php?cy=2,.,18-114,"Павленко О.В., Н. Сидоренко",.,1959
170,Якутская АССР,1959_14,.,.,1959,.,45599,человек,.,1.03,село,.,.,.,.,.,.,,,,сельское,.,.,.,.,.,.,,,,.,Всесоюзная перепись населения 1959 года. Таблица 4. http://demoscope.ru/weekly/ssp/census.php?cy=2,.,18-192,"Павленко О.В., Н. Сидоренко",.,1959
169,Якутская АССР,1959_14,.,.,1959,.,117257,человек,.,1.03,город,.,.,.,.,.,.,,,,городское,.,.,.,.,.,.,,,,.,Всесоюзная перепись населения 1959 года. Таблица 4. http://demoscope.ru/weekly/ssp/census.php?cy=2,.,18-191,"Павленко О.В., Н. Сидоренко",.,1959
127,Северо-Осетинская АССР,1959_15,.,.,1959,.,404384,человек,.,1.03,город,.,.,.,.,.,.,,,,городское,.,.,.,.,.,.,,,,.,Всесоюзная перепись населения 1959 года. Таблица 4. http://demoscope.ru/weekly/ssp/census.php?cy=2,.,18-149,"Павленко О.В., Н. Сидоренко",.,1959
128,Северо-Осетинская АССР,1959_15,.,.,1959,.,712975,человек,.,1.03,село,.,.,.,.,.,.,,,,сельское,.,.,.,.,.,.,,,,.,Всесоюзная перепись населения 1959 года. Таблица 4. http://demoscope.ru/weekly/ssp/census.php?cy=2,.,18-150,"Павленко О.В., Н. Сидоренко",.,1959
138,Татарская АССР,1959_16,.,.,1959,.,835585,человек,.,1.03,село,.,.,.,.,.,.,,,,сельское,.,.,.,.,.,.,,,,.,Всесоюзная перепись населения 1959 года. Таблица 4. http://demoscope.ru/weekly/ssp/census.php?cy=2,.,18-160,"Павленко О.В., Н. Сидоренко",.,1959
137,Татарская АССР,1959_16,.,.,1959,.,262274,человек,.,1.03,город,.,.,.,.,.,.,,,,городское,.,.,.,.,.,.,,,,.,Всесоюзная перепись населения 1959 года. Таблица 4. http://demoscope.ru/weekly/ssp/census.php?cy=2,.,18-159,"Павленко О.В., Н. Сидоренко",.,1959
142,Тувинская автономная область,1959_17,.,.,1959,.,581481,человек,.,1.03,село,.,.,.,.,.,.,,,,сельское,.,.,.,.,.,.,,,,.,Всесоюзная перепись населения 1959 года. Таблица 4. http://demoscope.ru/weekly/ssp/census.php?cy=2,.,18-164,"Павленко О.В., Н. Сидоренко",.,1959
141,Тувинская автономная область,1959_17,.,.,1959,.,814146,человек,.,1.03,город,.,.,.,.,.,.,,,,городское,.,.,.,.,.,.,,,,.,Всесоюзная перепись населения 1959 года. Таблица 4. http://demoscope.ru/weekly/ssp/census.php?cy=2,.,18-163,"Павленко О.В., Н. Сидоренко",.,1959
151,Удмуртская АССР,1959_18,.,.,1959,.,95462,человек,.,1.03,город,.,.,.,.,.,.,,,,городское,.,.,.,.,.,.,,,,.,Всесоюзная перепись населения 1959 года. Таблица 4. http://demoscope.ru/weekly/ssp/census.php?cy=2,.,18-173,"Павленко О.В., Н. Сидоренко",.,1959
152,Удмуртская АССР,1959_18,.,.,1959,.,189228,человек,.,1.03,село,.,.,.,.,.,.,,,,сельское,.,.,.,.,.,.,,,,.,Всесоюзная перепись населения 1959 года. Таблица 4. http://demoscope.ru/weekly/ssp/census.php?cy=2,.,18-174,"Павленко О.В., Н. Сидоренко",.,1959
167,Чувашская АССР,1959_21,.,.,1959,.,21787,человек,.,1.03,город,.,.,.,.,.,.,,,,городское,.,.,.,.,.,.,,,,.,Всесоюзная перепись населения 1959 года. Таблица 4. http://demoscope.ru/weekly/ssp/census.php?cy=2,.,18-189,"Павленко О.В., Н. Сидоренко",.,1959
168,Чувашская АССР,1959_21,.,.,1959,.,40547,человек,.,1.03,село,.,.,.,.,.,.,,,,сельское,.,.,.,.,.,.,,,,.,Всесоюзная перепись населения 1959 года. Таблица 4. http://demoscope.ru/weekly/ssp/census.php?cy=2,.,18-190,"Павленко О.В., Н. Сидоренко",.,1959
1,Алтайский край вкл. Горно-Алтайскую АО,1959_22,.,.,1959,.,882624,человек,.,1.03,город,.,.,.,.,.,.,,,,городское,.,.,.,.,.,.,,,,.,Всесоюзная перепись населения 1959 года. Таблица 4. http://demoscope.ru/weekly/ssp/census.php?cy=2,.,18-23,"Павленко О.В., Н. Сидоренко",.,1959
2,Алтайский край вкл. Горно-Алтайскую АО,1959_22,.,.,1959,.,1800607,человек,.,1.03,село,.,.,.,.,.,.,,,,сельское,.,.,.,.,.,.,,,,.,Всесоюзная перепись населения 1959 года. Таблица 4. http://demoscope.ru/weekly/ssp/census.php?cy=2,.,18-24,"Павленко О.В., Н. Сидоренко",.,1959
63,Краснодарский край вкл. Адыгейскую АО,1959_23,.,.,1959,.,303364,человек,.,1.03,город,.,.,.,.,.,.,,,,городское,.,.,.,.,.,.,,,,.,Всесоюзная перепись населения 1959 года. Таблица 4. http://demoscope.ru/weekly/ssp/census.php?cy=2,.,18-85,"Павленко О.В., Н. Сидоренко",.,1959
64,Краснодарский край вкл. Адыгейскую АО,1959_23,.,.,1959,.,1179941,человек,.,1.03,село,.,.,.,.,.,.,,,,сельское,.,.,.,.,.,.,,,,.,Всесоюзная перепись населения 1959 года. Таблица 4. http://demoscope.ru/weekly/ssp/census.php?cy=2,.,18-86,"Павленко О.В., Н. Сидоренко",.,1959
67,Красноярский край вкл. Хакасскую АО,1959_24,.,.,1959,.,344680,человек,.,1.03,город,.,.,.,.,.,.,,,,городское,.,.,.,.,.,.,,,,.,Всесоюзная перепись населения 1959 года. Таблица 4. http://demoscope.ru/weekly/ssp/census.php?cy=2,.,18-89,"Павленко О.В., Н. Сидоренко",.,1959
68,Красноярский край вкл. Хакасскую АО,1959_24,.,.,1959,.,796842,человек,.,1.03,село,.,.,.,.,.,.,,,,сельское,.,.,.,.,.,.,,,,.,Всесоюзная перепись населения 1959 года. Таблица 4. http://demoscope.ru/weekly/ssp/census.php?cy=2,.,18-90,"Павленко О.В., Н. Сидоренко",.,1959
113,Приморский край,1959_25,.,.,1959,.,408210,человек,.,1.03,город,.,.,.,.,.,.,,,,городское,.,.,.,.,.,.,,,,.,Всесоюзная перепись населения 1959 года. Таблица 4. http://demoscope.ru/weekly/ssp/census.php?cy=2,.,18-135,"Павленко О.В., Н. Сидоренко",.,1959
114,Приморский край,1959_25,.,.,1959,.,1140791,человек,.,1.03,село,.,.,.,.,.,.,,,,сельское,.,.,.,.,.,.,,,,.,Всесоюзная перепись населения 1959 года. Таблица 4. http://demoscope.ru/weekly/ssp/census.php?cy=2,.,18-136,"Павленко О.В., Н. Сидоренко",.,1959
131,Ставропольский край вкл. Карачаево-Черкесской АО,1959_26,.,.,1959,.,2275372,человек,.,1.03,город,.,.,.,.,.,.,,,,городское,.,.,.,.,.,.,,,,.,Всесоюзная перепись населения 1959 года. Таблица 4. http://demoscope.ru/weekly/ssp/census.php?cy=2,.,18-153,"Павленко О.В., Н. Сидоренко",.,1959
132,Ставропольский край вкл. Карачаево-Черкесской АО,1959_26,.,.,1959,.,701253,человек,.,1.03,село,.,.,.,.,.,.,,,,сельское,.,.,.,.,.,.,,,,.,Всесоюзная перепись населения 1959 года. Таблица 4. http://demoscope.ru/weekly/ssp/census.php?cy=2,.,18-154,"Павленко О.В., Н. Сидоренко",.,1959
156,Хабаровский край вкл. Еврейскую АО,1959_27,.,.,1959,.,13176,человек,.,1.03,село,.,.,.,.,.,.,,,,сельское,.,.,.,.,.,.,,,,.,Всесоюзная перепись населения 1959 года. Таблица 4. http://demoscope.ru/weekly/ssp/census.php?cy=2,.,18-178,"Павленко О.В., Н. Сидоренко",.,1959
155,Хабаровский край вкл. Еврейскую АО,1959_27,.,.,1959,.,20206,человек,.,1.03,город,.,.,.,.,.,.,,,,городское,.,.,.,.,.,.,,,,.,Всесоюзная перепись населения 1959 года. Таблица 4. http://demoscope.ru/weekly/ssp/census.php?cy=2,.,18-177,"Павленко О.В., Н. Сидоренко",.,1959
5,Амурская область,1959_28,.,.,1959,.,674939,человек,.,1.03,город,.,.,.,.,.,.,,,,городское,.,.,.,.,.,.,,,,.,Всесоюзная перепись населения 1959 года. Таблица 4. http://demoscope.ru/weekly/ssp/census.php?cy=2,.,18-27,"Павленко О.В., Н. Сидоренко",.,1959
6,Амурская область,1959_28,.,.,1959,.,600900,человек,.,1.03,село,.,.,.,.,.,.,,,,сельское,.,.,.,.,.,.,,,,.,Всесоюзная перепись населения 1959 года. Таблица 4. http://demoscope.ru/weekly/ssp/census.php?cy=2,.,18-28,"Павленко О.В., Н. Сидоренко",.,1959
8,Архангельская область,1959_29,.,.,1959,.,337081,человек,.,1.03,село,.,.,.,.,.,.,,,,сельское,.,.,.,.,.,.,,,,.,Всесоюзная перепись населения 1959 года. Таблица 4. http://demoscope.ru/weekly/ssp/census.php?cy=2,.,18-30,"Павленко О.В., Н. Сидоренко",.,1959
7,Архангельская область,1959_29,.,.,1959,.,364893,человек,.,1.03,город,.,.,.,.,.,.,,,,городское,.,.,.,.,.,.,,,,.,Всесоюзная перепись населения 1959 года. Таблица 4. http://demoscope.ru/weekly/ssp/census.php?cy=2,.,18-29,"Павленко О.В., Н. Сидоренко",.,1959
11,Астраханская область,1959_30,.,.,1959,.,239869,человек,.,1.03,город,.,.,.,.,.,.,,,,городское,.,.,.,.,.,.,,,,.,Всесоюзная перепись населения 1959 года. Таблица 4. http://demoscope.ru/weekly/ssp/census.php?cy=2,.,18-33,"Павленко О.В., Н. Сидоренко",.,1959
12,Астраханская область,1959_30,.,.,1959,.,986459,человек,.,1.03,село,.,.,.,.,.,.,,,,сельское,.,.,.,.,.,.,,,,.,Всесоюзная перепись населения 1959 года. Таблица 4. http://demoscope.ru/weekly/ssp/census.php?cy=2,.,18-34,"Павленко О.В., Н. Сидоренко",.,1959
15,Белгородская область,1959_31,.,.,1959,.,276478,человек,.,1.03,город,.,.,.,.,.,.,,,,городское,.,.,.,.,.,.,,,,.,Всесоюзная перепись населения 1959 года. Таблица 4. http://demoscope.ru/weekly/ssp/census.php?cy=2,.,18-37,"Павленко О.В., Н. Сидоренко",.,1959
16,Белгородская область,1959_31,.,.,1959,.,396848,человек,.,1.03,село,.,.,.,.,.,.,,,,сельское,.,.,.,.,.,.,,,,.,Всесоюзная перепись населения 1959 года. Таблица 4. http://demoscope.ru/weekly/ssp/census.php?cy=2,.,18-38,"Павленко О.В., Н. Сидоренко",.,1959
17,Брянская область,1959_32,.,.,1959,.,796518,человек,.,1.03,город,.,.,.,.,.,.,,,,городское,.,.,.,.,.,.,,,,.,Всесоюзная перепись населения 1959 года. Таблица 4. http://demoscope.ru/weekly/ssp/census.php?cy=2,.,18-39,"Павленко О.В., Н. Сидоренко",.,1959
18,Брянская область,1959_32,.,.,1959,.,605853,человек,.,1.03,село,.,.,.,.,.,.,,,,сельское,.,.,.,.,.,.,,,,.,Всесоюзная перепись населения 1959 года. Таблица 4. http://demoscope.ru/weekly/ssp/census.php?cy=2,.,18-40,"Павленко О.В., Н. Сидоренко",.,1959
21,Владимирская область,1959_33,.,.,1959,.,452896,человек,.,1.03,город,.,.,.,.,.,.,,,,городское,.,.,.,.,.,.,,,,.,Всесоюзная перепись населения 1959 года. Таблица 4. http://demoscope.ru/weekly/ssp/census.php?cy=2,.,18-43,"Павленко О.В., Н. Сидоренко",.,1959
22,Владимирская область,1959_33,.,.,1959,.,854635,человек,.,1.03,село,.,.,.,.,.,.,,,,сельское,.,.,.,.,.,.,,,,.,Всесоюзная перепись населения 1959 года. Таблица 4. http://demoscope.ru/weekly/ssp/census.php?cy=2,.,18-44,"Павленко О.В., Н. Сидоренко",.,1959
24,Сталинградская область,1959_34,.,.,1959,.,1547960,человек,.,1.03,село,.,.,.,.,.,.,,,,сельское,.,.,.,.,.,.,,,,.,Всесоюзная перепись населения 1959 года. Таблица 4. http://demoscope.ru/weekly/ssp/census.php?cy=2,.,18-46,"Павленко О.В., Н. Сидоренко",.,1959
23,Сталинградская область,1959_34,.,.,1959,.,820780,человек,.,1.03,город,.,.,.,.,.,.,,,,городское,.,.,.,.,.,.,,,,.,Всесоюзная перепись населения 1959 года. Таблица 4. http://demoscope.ru/weekly/ssp/census.php?cy=2,.,18-45,"Павленко О.В., Н. Сидоренко",.,1959
26,Вологодская область,1959_35,.,.,1959,.,1708618,человек,.,1.03,село,.,.,.,.,.,.,,,,сельское,.,.,.,.,.,.,,,,.,Всесоюзная перепись населения 1959 года. Таблица 4. http://demoscope.ru/weekly/ssp/census.php?cy=2,.,18-48,"Павленко О.В., Н. Сидоренко",.,1959
25,Вологодская область,1959_35,.,.,1959,.,1882195,человек,.,1.03,город,.,.,.,.,.,.,,,,городское,.,.,.,.,.,.,,,,.,Всесоюзная перепись населения 1959 года. Таблица 4. http://demoscope.ru/weekly/ssp/census.php?cy=2,.,18-47,"Павленко О.В., Н. Сидоренко",.,1959
28,Воронежская область,1959_36,.,.,1959,.,747504,человек,.,1.03,село,.,.,.,.,.,.,,,,сельское,.,.,.,.,.,.,,,,.,Всесоюзная перепись населения 1959 года. Таблица 4. http://demoscope.ru/weekly/ssp/census.php?cy=2,.,18-50,"Павленко О.В., Н. Сидоренко",.,1959
27,Воронежская область,1959_36,.,.,1959,.,314968,человек,.,1.03,город,.,.,.,.,.,.,,,,городское,.,.,.,.,.,.,,,,.,Всесоюзная перепись населения 1959 года. Таблица 4. http://demoscope.ru/weekly/ssp/census.php?cy=2,.,18-49,"Павленко О.В., Н. Сидоренко",.,1959
34,Ивановская область,1959_37,.,.,1959,.,254062,человек,.,1.03,село,.,.,.,.,.,.,,,,сельское,.,.,.,.,.,.,,,,.,Всесоюзная перепись населения 1959 года. Таблица 4. http://demoscope.ru/weekly/ssp/census.php?cy=2,.,18-56,"Павленко О.В., Н. Сидоренко",.,1959
33,Ивановская область,1959_37,.,.,1959,.,166053,человек,.,1.03,город,.,.,.,.,.,.,,,,городское,.,.,.,.,.,.,,,,.,Всесоюзная перепись населения 1959 года. Таблица 4. http://demoscope.ru/weekly/ssp/census.php?cy=2,.,18-55,"Павленко О.В., Н. Сидоренко",.,1959
35,Иркутская область,1959_38,.,.,1959,.,394558,человек,.,1.03,город,.,.,.,.,.,.,,,,городское,.,.,.,.,.,.,,,,.,Всесоюзная перепись населения 1959 года. Таблица 4. http://demoscope.ru/weekly/ssp/census.php?cy=2,.,18-57,"Павленко О.В., Н. Сидоренко",.,1959
36,Иркутская область,1959_38,.,.,1959,.,216327,человек,.,1.03,село,.,.,.,.,.,.,,,,сельское,.,.,.,.,.,.,,,,.,Всесоюзная перепись населения 1959 года. Таблица 4. http://demoscope.ru/weekly/ssp/census.php?cy=2,.,18-58,"Павленко О.В., Н. Сидоренко",.,1959
41,Калининградская область,1959_39,.,.,1959,.,350230,человек,.,1.03,город,.,.,.,.,.,.,,,,городское,.,.,.,.,.,.,,,,.,Всесоюзная перепись населения 1959 года. Таблица 4. http://demoscope.ru/weekly/ssp/census.php?cy=2,.,18-63,"Павленко О.В., Н. Сидоренко",.,1959
42,Калининградская область,1959_39,.,.,1959,.,585622,человек,.,1.03,село,.,.,.,.,.,.,,,,сельское,.,.,.,.,.,.,,,,.,Всесоюзная перепись населения 1959 года. Таблица 4. http://demoscope.ru/weekly/ssp/census.php?cy=2,.,18-64,"Павленко О.В., Н. Сидоренко",.,1959
48,Калужская область,1959_40,.,.,1959,.,636616,человек,.,1.03,село,.,.,.,.,.,.,,,,сельское,.,.,.,.,.,.,,,,.,Всесоюзная перепись населения 1959 года. Таблица 4. http://demoscope.ru/weekly/ssp/census.php?cy=2,.,18-70,"Павленко О.В., Н. Сидоренко",.,1959
47,Калужская область,1959_40,.,.,1959,.,2149290,человек,.,1.03,город,.,.,.,.,.,.,,,,городское,.,.,.,.,.,.,,,,.,Всесоюзная перепись населения 1959 года. Таблица 4. http://demoscope.ru/weekly/ssp/census.php?cy=2,.,18-69,"Павленко О.В., Н. Сидоренко",.,1959
50,Камчатская область,1959_41,.,.,1959,.,1212538,человек,.,1.03,село,.,.,.,.,.,.,,,,сельское,.,.,.,.,.,.,,,,.,Всесоюзная перепись населения 1959 года. Таблица 4. http://demoscope.ru/weekly/ssp/census.php?cy=2,.,18-72,"Павленко О.В., Н. Сидоренко",.,1959
49,Камчатская область,1959_41,.,.,1959,.,703955,человек,.,1.03,город,.,.,.,.,.,.,,,,городское,.,.,.,.,.,.,,,,.,Всесоюзная перепись населения 1959 года. Таблица 4. http://demoscope.ru/weekly/ssp/census.php?cy=2,.,18-71,"Павленко О.В., Н. Сидоренко",.,1959
55,Кемеровская область,1959_42,.,.,1959,.,1462630,человек,.,1.03,город,.,.,.,.,.,.,,,,городское,.,.,.,.,.,.,,,,.,Всесоюзная перепись населения 1959 года. Таблица 4. http://demoscope.ru/weekly/ssp/census.php?cy=2,.,18-77,"Павленко О.В., Н. Сидоренко",.,1959
56,Кемеровская область,1959_42,.,.,1959,.,2299869,человек,.,1.03,село,.,.,.,.,.,.,,,,сельское,.,.,.,.,.,.,,,,.,Всесоюзная перепись населения 1959 года. Таблица 4. http://demoscope.ru/weekly/ssp/census.php?cy=2,.,18-78,"Павленко О.В., Н. Сидоренко",.,1959
58,Кировская область,1959_43,.,.,1959,.,1319270,человек,.,1.03,село,.,.,.,.,.,.,,,,сельское,.,.,.,.,.,.,,,,.,Всесоюзная перепись населения 1959 года. Таблица 4. http://demoscope.ru/weekly/ssp/census.php?cy=2,.,18-80,"Павленко О.В., Н. Сидоренко",.,1959
57,Кировская область,1959_43,.,.,1959,.,1295828,человек,.,1.03,город,.,.,.,.,.,.,,,,городское,.,.,.,.,.,.,,,,.,Всесоюзная перепись населения 1959 года. Таблица 4. http://demoscope.ru/weekly/ssp/census.php?cy=2,.,18-79,"Павленко О.В., Н. Сидоренко",.,1959
62,Костромская область,1959_44,.,.,1959,.,670846,человек,.,1.03,село,.,.,.,.,.,.,,,,сельское,.,.,.,.,.,.,,,,.,Всесоюзная перепись населения 1959 года. Таблица 4. http://demoscope.ru/weekly/ssp/census.php?cy=2,.,18-84,"Павленко О.В., Н. Сидоренко",.,1959
61,Костромская область,1959_44,.,.,1959,.,328324,человек,.,1.03,город,.,.,.,.,.,.,,,,городское,.,.,.,.,.,.,,,,.,Всесоюзная перепись населения 1959 года. Таблица 4. http://demoscope.ru/weekly/ssp/census.php?cy=2,.,18-83,"Павленко О.В., Н. Сидоренко",.,1959
77,Курганская область,1959_45,.,.,1959,.,522895,человек,.,1.03,город,.,.,.,.,.,.,,,,городское,.,.,.,.,.,.,,,,.,Всесоюзная перепись населения 1959 года. Таблица 4. http://demoscope.ru/weekly/ssp/census.php?cy=2,.,18-99,"Павленко О.В., Н. Сидоренко",.,1959
78,Курганская область,1959_45,.,.,1959,.,44777,человек,.,1.03,село,.,.,.,.,.,.,,,,сельское,.,.,.,.,.,.,,,,.,Всесоюзная перепись населения 1959 года. Таблица 4. http://demoscope.ru/weekly/ssp/census.php?cy=2,.,18-100,"Павленко О.В., Н. Сидоренко",.,1959
79,Курская область,1959_46,.,.,1959,.,281399,человек,.,1.03,город,.,.,.,.,.,.,,,,городское,.,.,.,.,.,.,,,,.,Всесоюзная перепись населения 1959 года. Таблица 4. http://demoscope.ru/weekly/ssp/census.php?cy=2,.,18-101,"Павленко О.В., Н. Сидоренко",.,1959
80,Курская область,1959_46,.,.,1959,.,455130,человек,.,1.03,село,.,.,.,.,.,.,,,,сельское,.,.,.,.,.,.,,,,.,Всесоюзная перепись населения 1959 года. Таблица 4. http://demoscope.ru/weekly/ssp/census.php?cy=2,.,18-102,"Павленко О.В., Н. Сидоренко",.,1959
82,Ленинградская область,1959_47,.,.,1959,.,1022942,человек,.,1.03,село,.,.,.,.,.,.,,,,сельское,.,.,.,.,.,.,,,,.,Всесоюзная перепись населения 1959 года. Таблица 4. http://demoscope.ru/weekly/ssp/census.php?cy=2,.,18-104,"Павленко О.В., Н. Сидоренко",.,1959
81,Ленинградская область,1959_47,.,.,1959,.,1275593,человек,.,1.03,город,.,.,.,.,.,.,,,,городское,.,.,.,.,.,.,,,,.,Всесоюзная перепись населения 1959 года. Таблица 4. http://demoscope.ru/weekly/ssp/census.php?cy=2,.,18-103,"Павленко О.В., Н. Сидоренко",.,1959
83,Липецкая область,1959_48,.,.,1959,.,710319,человек,.,1.03,город,.,.,.,.,.,.,,,,городское,.,.,.,.,.,.,,,,.,Всесоюзная перепись населения 1959 года. Таблица 4. http://demoscope.ru/weekly/ssp/census.php?cy=2,.,18-105,"Павленко О.В., Н. Сидоренко",.,1959
84,Липецкая область,1959_48,.,.,1959,.,934698,человек,.,1.03,село,.,.,.,.,.,.,,,,сельское,.,.,.,.,.,.,,,,.,Всесоюзная перепись населения 1959 года. Таблица 4. http://demoscope.ru/weekly/ssp/census.php?cy=2,.,18-106,"Павленко О.В., Н. Сидоренко",.,1959
85,Магаданская область вкл. Чукотский НО,1959_49,.,.,1959,.,826536,человек,.,1.03,город,.,.,.,.,.,.,,,,городское,.,.,.,.,.,.,,,,.,Всесоюзная перепись населения 1959 года. Таблица 4. http://demoscope.ru/weekly/ssp/census.php?cy=2,.,18-107,"Павленко О.В., Н. Сидоренко",.,1959
86,Магаданская область вкл. Чукотский НО,1959_49,.,.,1959,.,1002945,человек,.,1.03,село,.,.,.,.,.,.,,,,сельское,.,.,.,.,.,.,,,,.,Всесоюзная перепись населения 1959 года. Таблица 4. http://demoscope.ru/weekly/ssp/census.php?cy=2,.,18-108,"Павленко О.В., Н. Сидоренко",.,1959
94,Московская область,1959_50,.,.,1959,.,452715,человек,.,1.03,село,.,.,.,.,.,.,,,,сельское,.,.,.,.,.,.,,,,.,Всесоюзная перепись населения 1959 года. Таблица 4. http://demoscope.ru/weekly/ssp/census.php?cy=2,.,18-116,"Павленко О.В., Н. Сидоренко",.,1959
93,Московская область,1959_50,.,.,1959,.,928303,человек,.,1.03,город,.,.,.,.,.,.,,,,городское,.,.,.,.,.,.,,,,.,Всесоюзная перепись населения 1959 года. Таблица 4. http://demoscope.ru/weekly/ssp/census.php?cy=2,.,18-115,"Павленко О.В., Н. Сидоренко",.,1959
96,Мурманская область,1959_51,.,.,1959,.,694377,человек,.,1.03,село,.,.,.,.,.,.,,,,сельское,.,.,.,.,.,.,,,,.,Всесоюзная перепись населения 1959 года. Таблица 4. http://demoscope.ru/weekly/ssp/census.php?cy=2,.,18-118,"Павленко О.В., Н. Сидоренко",.,1959
95,Мурманская область,1959_51,.,.,1959,.,257489,человек,.,1.03,город,.,.,.,.,.,.,,,,городское,.,.,.,.,.,.,,,,.,Всесоюзная перепись населения 1959 года. Таблица 4. http://demoscope.ru/weekly/ssp/census.php?cy=2,.,18-117,"Павленко О.В., Н. Сидоренко",.,1959
29,Горьковская область,1959_52,.,.,1959,.,876225,человек,.,1.03,город,.,.,.,.,.,.,,,,городское,.,.,.,.,.,.,,,,.,Всесоюзная перепись населения 1959 года. Таблица 4. http://demoscope.ru/weekly/ssp/census.php?cy=2,.,18-51,"Павленко О.В., Н. Сидоренко",.,1959
30,Горьковская область,1959_52,.,.,1959,.,445927,человек,.,1.03,село,.,.,.,.,.,.,,,,сельское,.,.,.,.,.,.,,,,.,Всесоюзная перепись населения 1959 года. Таблица 4. http://demoscope.ru/weekly/ssp/census.php?cy=2,.,18-52,"Павленко О.В., Н. Сидоренко",.,1959
98,Новгородская область,1959_53,.,.,1959,.,1412946,человек,.,1.03,село,.,.,.,.,.,.,,,,сельское,.,.,.,.,.,.,,,,.,Всесоюзная перепись населения 1959 года. Таблица 4. http://demoscope.ru/weekly/ssp/census.php?cy=2,.,18-120,"Павленко О.В., Н. Сидоренко",.,1959
97,Новгородская область,1959_53,.,.,1959,.,1898801,человек,.,1.03,город,.,.,.,.,.,.,,,,городское,.,.,.,.,.,.,,,,.,Всесоюзная перепись населения 1959 года. Таблица 4. http://demoscope.ru/weekly/ssp/census.php?cy=2,.,18-119,"Павленко О.В., Н. Сидоренко",.,1959
99,Новосибирская область,1959_54,.,.,1959,.,432595,человек,.,1.03,город,.,.,.,.,.,.,,,,городское,.,.,.,.,.,.,,,,.,Всесоюзная перепись населения 1959 года. Таблица 4. http://demoscope.ru/weekly/ssp/census.php?cy=2,.,18-121,"Павленко О.В., Н. Сидоренко",.,1959
100,Новосибирская область,1959_54,.,.,1959,.,1012160,человек,.,1.03,село,.,.,.,.,.,.,,,,сельское,.,.,.,.,.,.,,,,.,Всесоюзная перепись населения 1959 года. Таблица 4. http://demoscope.ru/weekly/ssp/census.php?cy=2,.,18-122,"Павленко О.В., Н. Сидоренко",.,1959
101,Омская область,1959_55,.,.,1959,.,1164417,человек,.,1.03,город,.,.,.,.,.,.,,,,городское,.,.,.,.,.,.,,,,.,Всесоюзная перепись населения 1959 года. Таблица 4. http://demoscope.ru/weekly/ssp/census.php?cy=2,.,18-123,"Павленко О.В., Н. Сидоренко",.,1959
102,Омская область,1959_55,.,.,1959,.,998334,человек,.,1.03,село,.,.,.,.,.,.,,,,сельское,.,.,.,.,.,.,,,,.,Всесоюзная перепись населения 1959 года. Таблица 4. http://demoscope.ru/weekly/ssp/census.php?cy=2,.,18-124,"Павленко О.В., Н. Сидоренко",.,1959
103,Оренбургская область,1959_56,.,.,1959,.,488853,человек,.,1.03,город,.,.,.,.,.,.,,,,городское,.,.,.,.,.,.,,,,.,Всесоюзная перепись населения 1959 года. Таблица 4. http://demoscope.ru/weekly/ssp/census.php?cy=2,.,18-125,"Павленко О.В., Н. Сидоренко",.,1959
104,Оренбургская область,1959_56,.,.,1959,.,160552,человек,.,1.03,село,.,.,.,.,.,.,,,,сельское,.,.,.,.,.,.,,,,.,Всесоюзная перепись населения 1959 года. Таблица 4. http://demoscope.ru/weekly/ssp/census.php?cy=2,.,18-126,"Павленко О.В., Н. Сидоренко",.,1959
105,Орловская область,1959_57,.,.,1959,.,3074290,человек,.,1.03,город,.,.,.,.,.,.,,,,городское,.,.,.,.,.,.,,,,.,Всесоюзная перепись населения 1959 года. Таблица 4. http://demoscope.ru/weekly/ssp/census.php?cy=2,.,18-127,"Павленко О.В., Н. Сидоренко",.,1959
106,Орловская область,1959_57,.,.,1959,.,970126,человек,.,1.03,село,.,.,.,.,.,.,,,,сельское,.,.,.,.,.,.,,,,.,Всесоюзная перепись населения 1959 года. Таблица 4. http://demoscope.ru/weekly/ssp/census.php?cy=2,.,18-128,"Павленко О.В., Н. Сидоренко",.,1959
107,Пензенская область,1959_58,.,.,1959,.,237454,человек,.,1.03,город,.,.,.,.,.,.,,,,городское,.,.,.,.,.,.,,,,.,Всесоюзная перепись населения 1959 года. Таблица 4. http://demoscope.ru/weekly/ssp/census.php?cy=2,.,18-129,"Павленко О.В., Н. Сидоренко",.,1959
108,Пензенская область,1959_58,.,.,1959,.,213127,человек,.,1.03,село,.,.,.,.,.,.,,,,сельское,.,.,.,.,.,.,,,,.,Всесоюзная перепись населения 1959 года. Таблица 4. http://demoscope.ru/weekly/ssp/census.php?cy=2,.,18-130,"Павленко О.В., Н. Сидоренко",.,1959
110,Пермская область,1959_59,.,.,1959,.,777016,человек,.,1.03,село,.,.,.,.,.,.,,,,сельское,.,.,.,.,.,.,,,,.,Всесоюзная перепись населения 1959 года. Таблица 4. http://demoscope.ru/weekly/ssp/census.php?cy=2,.,18-132,"Павленко О.В., Н. Сидоренко",.,1959
109,Пермская область,1959_59,.,.,1959,.,365953,человек,.,1.03,город,.,.,.,.,.,.,,,,городское,.,.,.,.,.,.,,,,.,Всесоюзная перепись населения 1959 года. Таблица 4. http://demoscope.ru/weekly/ssp/census.php?cy=2,.,18-131,"Павленко О.В., Н. Сидоренко",.,1959
115,Псковская область,1959_60,.,.,1959,.,1190308,человек,.,1.03,город,.,.,.,.,.,.,,,,городское,.,.,.,.,.,.,,,,.,Всесоюзная перепись населения 1959 года. Таблица 4. http://demoscope.ru/weekly/ssp/census.php?cy=2,.,18-137,"Павленко О.В., Н. Сидоренко",.,1959
116,Псковская область,1959_60,.,.,1959,.,1660109,человек,.,1.03,село,.,.,.,.,.,.,,,,сельское,.,.,.,.,.,.,,,,.,Всесоюзная перепись населения 1959 года. Таблица 4. http://demoscope.ru/weekly/ssp/census.php?cy=2,.,18-138,"Павленко О.В., Н. Сидоренко",.,1959
118,Ростовская область,1959_61,.,.,1959,.,386868,человек,.,1.03,село,.,.,.,.,.,.,,,,сельское,.,.,.,.,.,.,,,,.,Всесоюзная перепись населения 1959 года. Таблица 4. http://demoscope.ru/weekly/ssp/census.php?cy=2,.,18-140,"Павленко О.В., Н. Сидоренко",.,1959
117,Ростовская область,1959_61,.,.,1959,.,359934,человек,.,1.03,город,.,.,.,.,.,.,,,,городское,.,.,.,.,.,.,,,,.,Всесоюзная перепись населения 1959 года. Таблица 4. http://demoscope.ru/weekly/ssp/census.php?cy=2,.,18-139,"Павленко О.В., Н. Сидоренко",.,1959
120,Рязанская область,1959_62,.,.,1959,.,121751,человек,.,1.03,село,.,.,.,.,.,.,,,,сельское,.,.,.,.,.,.,,,,.,Всесоюзная перепись населения 1959 года. Таблица 4. http://demoscope.ru/weekly/ssp/census.php?cy=2,.,18-142,"Павленко О.В., Н. Сидоренко",.,1959
119,Рязанская область,1959_62,.,.,1959,.,50177,человек,.,1.03,город,.,.,.,.,.,.,,,,городское,.,.,.,.,.,.,,,,.,Всесоюзная перепись населения 1959 года. Таблица 4. http://demoscope.ru/weekly/ssp/census.php?cy=2,.,18-141,"Павленко О.В., Н. Сидоренко",.,1959
76,Куйбышевская область,1959_63,.,.,1959,.,2371624,человек,.,1.03,село,.,.,.,.,.,.,,,,сельское,.,.,.,.,.,.,,,,.,Всесоюзная перепись населения 1959 года. Таблица 4. http://demoscope.ru/weekly/ssp/census.php?cy=2,.,18-98,"Павленко О.В., Н. Сидоренко",Московская область + Москва суммируются,1959
75,Куйбышевская область,1959_63,.,.,1959,.,8576960,человек,.,1.03,город,.,.,.,.,.,.,,,,городское,.,.,.,.,.,.,,,,.,Всесоюзная перепись населения 1959 года. Таблица 4. http://demoscope.ru/weekly/ssp/census.php?cy=2,.,18-97,"Павленко О.В., Н. Сидоренко",Московская область + Москва суммируются,1959
121,Саратовская область,1959_64,.,.,1959,.,1160453,человек,.,1.03,город,.,.,.,.,.,.,,,,городское,.,.,.,.,.,.,,,,.,Всесоюзная перепись населения 1959 года. Таблица 4. http://demoscope.ru/weekly/ssp/census.php?cy=2,.,18-143,"Павленко О.В., Н. Сидоренко",.,1959
122,Саратовская область,1959_64,.,.,1959,.,759855,человек,.,1.03,село,.,.,.,.,.,.,,,,сельское,.,.,.,.,.,.,,,,.,Всесоюзная перепись населения 1959 года. Таблица 4. http://demoscope.ru/weekly/ssp/census.php?cy=2,.,18-144,"Павленко О.В., Н. Сидоренко",.,1959
123,Сахалинская область,1959_65,.,.,1959,.,346512,человек,.,1.03,город,.,.,.,.,.,.,,,,городское,.,.,.,.,.,.,,,,.,Всесоюзная перепись населения 1959 года. Таблица 4. http://demoscope.ru/weekly/ssp/census.php?cy=2,.,18-145,"Павленко О.В., Н. Сидоренко",.,1959
124,Сахалинская область,1959_65,.,.,1959,.,745614,человек,.,1.03,село,.,.,.,.,.,.,,,,сельское,.,.,.,.,.,.,,,,.,Всесоюзная перепись населения 1959 года. Таблица 4. http://demoscope.ru/weekly/ssp/census.php?cy=2,.,18-146,"Павленко О.В., Н. Сидоренко",.,1959
126,Свердловская область,1959_66,.,.,1959,.,743052,человек,.,1.03,село,.,.,.,.,.,.,,,,сельское,.,.,.,.,.,.,,,,.,Всесоюзная перепись населения 1959 года. Таблица 4. http://demoscope.ru/weekly/ssp/census.php?cy=2,.,18-148,"Павленко О.В., Н. Сидоренко",.,1959
125,Свердловская область,1959_66,.,.,1959,.,593875,человек,.,1.03,город,.,.,.,.,.,.,,,,городское,.,.,.,.,.,.,,,,.,Всесоюзная перепись населения 1959 года. Таблица 4. http://demoscope.ru/weekly/ssp/census.php?cy=2,.,18-147,"Павленко О.В., Н. Сидоренко",.,1959
130,Смоленская область,1959_67,.,.,1959,.,294235,человек,.,1.03,село,.,.,.,.,.,.,,,,сельское,.,.,.,.,.,.,,,,.,Всесоюзная перепись населения 1959 года. Таблица 4. http://demoscope.ru/weekly/ssp/census.php?cy=2,.,18-152,"Павленко О.В., Н. Сидоренко",.,1959
129,Смоленская область,1959_67,.,.,1959,.,848300,человек,.,1.03,город,.,.,.,.,.,.,,,,городское,.,.,.,.,.,.,,,,.,Всесоюзная перепись населения 1959 года. Таблица 4. http://demoscope.ru/weekly/ssp/census.php?cy=2,.,18-151,"Павленко О.В., Н. Сидоренко",.,1959
135,Тамбовская область,1959_68,.,.,1959,.,564289,человек,.,1.03,город,.,.,.,.,.,.,,,,городское,.,.,.,.,.,.,,,,.,Всесоюзная перепись населения 1959 года. Таблица 4. http://demoscope.ru/weekly/ssp/census.php?cy=2,.,18-157,"Павленко О.В., Н. Сидоренко",.,1959
136,Тамбовская область,1959_68,.,.,1959,.,472098,человек,.,1.03,село,.,.,.,.,.,.,,,,сельское,.,.,.,.,.,.,,,,.,Всесоюзная перепись населения 1959 года. Таблица 4. http://demoscope.ru/weekly/ssp/census.php?cy=2,.,18-158,"Павленко О.В., Н. Сидоренко",.,1959
44,Калининская область,1959_69,.,.,1959,.,80238,человек,.,1.03,село,.,.,.,.,.,.,,,,сельское,.,.,.,.,.,.,,,,.,Всесоюзная перепись населения 1959 года. Таблица 4. http://demoscope.ru/weekly/ssp/census.php?cy=2,.,18-66,"Павленко О.В., Н. Сидоренко",.,1959
43,Калининская область,1959_69,.,.,1959,.,140515,человек,.,1.03,город,.,.,.,.,.,.,,,,городское,.,.,.,.,.,.,,,,.,Всесоюзная перепись населения 1959 года. Таблица 4. http://demoscope.ru/weekly/ssp/census.php?cy=2,.,18-65,"Павленко О.В., Н. Сидоренко",.,1959
139,Томская область,1959_70,.,.,1959,.,239411,человек,.,1.03,город,.,.,.,.,.,.,,,,городское,.,.,.,.,.,.,,,,.,Всесоюзная перепись населения 1959 года. Таблица 4. http://demoscope.ru/weekly/ssp/census.php?cy=2,.,18-161,"Павленко О.В., Н. Сидоренко",.,1959
140,Томская область,1959_70,.,.,1959,.,247932,человек,.,1.03,село,.,.,.,.,.,.,,,,сельское,.,.,.,.,.,.,,,,.,Всесоюзная перепись населения 1959 года. Таблица 4. http://demoscope.ru/weekly/ssp/census.php?cy=2,.,18-162,"Павленко О.В., Н. Сидоренко",.,1959
144,Тульская область,1959_71,.,.,1959,.,127397,человек,.,1.03,село,.,.,.,.,.,.,,,,сельское,.,.,.,.,.,.,,,,.,Всесоюзная перепись населения 1959 года. Таблица 4. http://demoscope.ru/weekly/ssp/census.php?cy=2,.,18-166,"Павленко О.В., Н. Сидоренко",.,1959
143,Тульская область,1959_71,.,.,1959,.,29764,человек,.,1.03,город,.,.,.,.,.,.,,,,городское,.,.,.,.,.,.,,,,.,Всесоюзная перепись населения 1959 года. Таблица 4. http://demoscope.ru/weekly/ssp/census.php?cy=2,.,18-165,"Павленко О.В., Н. Сидоренко",.,1959
146,Тюменская область,1959_72,.,.,1959,.,20061,человек,.,1.03,село,.,.,.,.,.,.,,,,сельское,.,.,.,.,.,.,,,,.,Всесоюзная перепись населения 1959 года. Таблица 4. http://demoscope.ru/weekly/ssp/census.php?cy=2,.,18-168,"Павленко О.В., Н. Сидоренко",.,1959
145,Тюменская область,1959_72,.,.,1959,.,25473,человек,.,1.03,город,.,.,.,.,.,.,,,,городское,.,.,.,.,.,.,,,,.,Всесоюзная перепись населения 1959 года. Таблица 4. http://demoscope.ru/weekly/ssp/census.php?cy=2,.,18-167,"Павленко О.В., Н. Сидоренко",.,1959
154,Ульяновская область,1959_73,.,.,1959,.,189181,человек,.,1.03,село,.,.,.,.,.,.,,,,сельское,.,.,.,.,.,.,,,,.,Всесоюзная перепись населения 1959 года. Таблица 4. http://demoscope.ru/weekly/ssp/census.php?cy=2,.,18-176,"Павленко О.В., Н. Сидоренко",.,1959
153,Ульяновская область,1959_73,.,.,1959,.,221866,человек,.,1.03,город,.,.,.,.,.,.,,,,городское,.,.,.,.,.,.,,,,.,Всесоюзная перепись населения 1959 года. Таблица 4. http://demoscope.ru/weekly/ssp/census.php?cy=2,.,18-175,"Павленко О.В., Н. Сидоренко",.,1959
159,Челябинская область,1959_74,.,.,1959,.,26622,человек,.,1.03,город,.,.,.,.,.,.,,,,городское,.,.,.,.,.,.,,,,.,Всесоюзная перепись населения 1959 года. Таблица 4. http://demoscope.ru/weekly/ssp/census.php?cy=2,.,18-181,"Павленко О.В., Н. Сидоренко",.,1959
160,Челябинская область,1959_74,.,.,1959,.,20067,человек,.,1.03,село,.,.,.,.,.,.,,,,сельское,.,.,.,.,.,.,,,,.,Всесоюзная перепись населения 1959 года. Таблица 4. http://demoscope.ru/weekly/ssp/census.php?cy=2,.,18-182,"Павленко О.В., Н. Сидоренко",.,1959
164,Читинская область,1959_75,.,.,1959,.,212439,человек,.,1.03,село,.,.,.,.,.,.,,,,сельское,.,.,.,.,.,.,,,,.,Всесоюзная перепись населения 1959 года. Таблица 4. http://demoscope.ru/weekly/ssp/census.php?cy=2,.,18-186,"Павленко О.В., Н. Сидоренко",.,1959
163,Читинская область,1959_75,.,.,1959,.,65520,человек,.,1.03,город,.,.,.,.,.,.,,,,городское,.,.,.,.,.,.,,,,.,Всесоюзная перепись населения 1959 года. Таблица 4. http://demoscope.ru/weekly/ssp/census.php?cy=2,.,18-185,"Павленко О.В., Н. Сидоренко",.,1959
171,Ярославская область,1959_76,.,.,1959,.,0,человек,.,1.03,город,.,.,.,.,.,.,,,,городское,.,.,.,.,.,.,,,,.,Всесоюзная перепись населения 1959 года. Таблица 4. http://demoscope.ru/weekly/ssp/census.php?cy=2,.,18-193,"Павленко О.В., Н. Сидоренко",.,1959
172,Ярославская область,1959_76,.,.,1959,.,49109,человек,.,1.03,село,.,.,.,.,.,.,,,,сельское,.,.,.,.,.,.,,,,.,Всесоюзная перепись населения 1959 года. Таблица 4. http://demoscope.ru/weekly/ssp/census.php?cy=2,.,18-194,"Павленко О.В., Н. Сидоренко",.,1959
3,Горно-Алтайская автономная область Алтайского края ,1959_22_04,.,.,1959,.,428824,человек,.,1.03,город,.,.,.,.,.,.,,,,городское,.,.,.,.,.,.,,,,.,Всесоюзная перепись населения 1959 года. Таблица 4. http://demoscope.ru/weekly/ssp/census.php?cy=2,.,18-25,"Павленко О.В., Н. Сидоренко",.,1959
4,Горно-Алтайская автономная область Алтайского края ,1959_22_04,.,.,1959,.,288690,человек,.,1.03,село,.,.,.,.,.,.,,,,сельское,.,.,.,.,.,.,,,,.,Всесоюзная перепись населения 1959 года. Таблица 4. http://demoscope.ru/weekly/ssp/census.php?cy=2,.,18-26,"Павленко О.В., Н. Сидоренко",.,1959
66,Адыгейская автономная область Краснодарского края,1959_23_01,.,.,1959,.,617486,человек,.,1.03,село,.,.,.,.,.,.,,,,сельское,.,.,.,.,.,.,,,,.,Всесоюзная перепись населения 1959 года. Таблица 4. http://demoscope.ru/weekly/ssp/census.php?cy=2,.,18-88,"Павленко О.В., Н. Сидоренко",Ленинградская область + Ленинград суммируются,1959
65,Адыгейская автономная область Краснодарского края,1959_23_01,.,.,1959,.,3948701,человек,.,1.03,город,.,.,.,.,.,.,,,,городское,.,.,.,.,.,.,,,,.,Всесоюзная перепись населения 1959 года. Таблица 4. http://demoscope.ru/weekly/ssp/census.php?cy=2,.,18-87,"Павленко О.В., Н. Сидоренко",Ленинградская область + Ленинград суммируются,1959
69,Хакасская автономная область Красноярского края,1959_24_19,.,.,1959,.,190798,человек,.,1.03,город,.,.,.,.,.,.,,,,городское,.,.,.,.,.,.,,,,.,Всесоюзная перепись населения 1959 года. Таблица 4. http://demoscope.ru/weekly/ssp/census.php?cy=2,.,18-91,"Павленко О.В., Н. Сидоренко",.,1959
70,Хакасская автономная область Красноярского края,1959_24_19,.,.,1959,.,44780,человек,.,1.03,село,.,.,.,.,.,.,,,,сельское,.,.,.,.,.,.,,,,.,Всесоюзная перепись населения 1959 года. Таблица 4. http://demoscope.ru/weekly/ssp/census.php?cy=2,.,18-92,"Павленко О.В., Н. Сидоренко",.,1959
72,Таймырский (Долгано-Ненецкий) национальный округ Красноярского края,1959_24_84,.,.,1959,.,465214,человек,.,1.03,село,.,.,.,.,.,.,,,,сельское,.,.,.,.,.,.,,,,.,Всесоюзная перепись населения 1959 года. Таблица 4. http://demoscope.ru/weekly/ssp/census.php?cy=2,.,18-94,"Павленко О.В., Н. Сидоренко",.,1959
71,Таймырский (Долгано-Ненецкий) национальный округ Красноярского края,1959_24_84,.,.,1959,.,182466,человек,.,1.03,город,.,.,.,.,.,.,,,,городское,.,.,.,.,.,.,,,,.,Всесоюзная перепись населения 1959 года. Таблица 4. http://demoscope.ru/weekly/ssp/census.php?cy=2,.,18-93,"Павленко О.В., Н. Сидоренко",.,1959
74,Эвенкийский национальный округ Красноярского края,1959_24_88,.,.,1959,.,816613,человек,.,1.03,село,.,.,.,.,.,.,,,,сельское,.,.,.,.,.,.,,,,.,Всесоюзная перепись населения 1959 года. Таблица 4. http://demoscope.ru/weekly/ssp/census.php?cy=2,.,18-96,"Павленко О.В., Н. Сидоренко",.,1959
73,Эвенкийский национальный округ Красноярского края,1959_24_88,.,.,1959,.,183580,человек,.,1.03,город,.,.,.,.,.,.,,,,городское,.,.,.,.,.,.,,,,.,Всесоюзная перепись населения 1959 года. Таблица 4. http://demoscope.ru/weekly/ssp/census.php?cy=2,.,18-95,"Павленко О.В., Н. Сидоренко",.,1959
133,Карачаево-Черкесская автономная область Ставропольского края,1959_26_09,.,.,1959,.,293681,человек,.,1.03,город,.,.,.,.,.,.,,,,городское,.,.,.,.,.,.,,,,.,Всесоюзная перепись населения 1959 года. Таблица 4. http://demoscope.ru/weekly/ssp/census.php?cy=2,.,18-155,"Павленко О.В., Н. Сидоренко",.,1959
134,Карачаево-Черкесская автономная область Ставропольского края,1959_26_09,.,.,1959,.,416743,человек,.,1.03,село,.,.,.,.,.,.,,,,сельское,.,.,.,.,.,.,,,,.,Всесоюзная перепись населения 1959 года. Таблица 4. http://demoscope.ru/weekly/ssp/census.php?cy=2,.,18-156,"Павленко О.В., Н. Сидоренко",.,1959
157,Еврейская автономная область Хабаровского края,1959_27_79,.,.,1959,.,2039,человек,.,1.03,город,.,.,.,.,.,.,,,,городское,.,.,.,.,.,.,,,,.,Всесоюзная перепись населения 1959 года. Таблица 4. http://demoscope.ru/weekly/ssp/census.php?cy=2,.,18-179,"Павленко О.В., Н. Сидоренко",.,1959
158,Еврейская автономная область Хабаровского края,1959_27_79,.,.,1959,.,8281,человек,.,1.03,село,.,.,.,.,.,.,,,,сельское,.,.,.,.,.,.,,,,.,Всесоюзная перепись населения 1959 года. Таблица 4. http://demoscope.ru/weekly/ssp/census.php?cy=2,.,18-180,"Павленко О.В., Н. Сидоренко",.,1959
10,Ненецкий национальный округ Архангельской области,1959_29_83,.,.,1959,.,2060890,человек,.,1.03,село,.,.,.,.,.,.,,,,сельское,.,.,.,.,.,.,,,,.,Всесоюзная перепись населения 1959 года. Таблица 4. http://demoscope.ru/weekly/ssp/census.php?cy=2,.,18-32,"Павленко О.В., Н. Сидоренко",.,1959
9,Ненецкий национальный округ Архангельской области,1959_29_83,.,.,1959,.,1280719,человек,.,1.03,город,.,.,.,.,.,.,,,,городское,.,.,.,.,.,.,,,,.,Всесоюзная перепись населения 1959 года. Таблица 4. http://demoscope.ru/weekly/ssp/census.php?cy=2,.,18-31,"Павленко О.В., Н. Сидоренко",.,1959
37,Усть-Ордынский Бурятский национальный округ Иркутской области,1959_38_85,.,.,1959,.,787456,человек,.,1.03,город,.,.,.,.,.,.,,,,городское,.,.,.,.,.,.,,,,.,Всесоюзная перепись населения 1959 года. Таблица 4. http://demoscope.ru/weekly/ssp/census.php?cy=2,.,18-59,"Павленко О.В., Н. Сидоренко",.,1959
38,Усть-Ордынский Бурятский национальный округ Иркутской области,1959_38_85,.,.,1959,.,1019331,человек,.,1.03,село,.,.,.,.,.,.,,,,сельское,.,.,.,.,.,.,,,,.,Всесоюзная перепись населения 1959 года. Таблица 4. http://demoscope.ru/weekly/ssp/census.php?cy=2,.,18-60,"Павленко О.В., Н. Сидоренко",.,1959
52,Корякский национальный округ Камчатской области,1959_41_82,.,.,1959,.,330813,человек,.,1.03,село,.,.,.,.,.,.,,,,сельское,.,.,.,.,.,.,,,,.,Всесоюзная перепись населения 1959 года. Таблица 4. http://demoscope.ru/weekly/ssp/census.php?cy=2,.,18-74,"Павленко О.В., Н. Сидоренко",.,1959
51,Корякский национальный округ Камчатской области,1959_41_82,.,.,1959,.,475386,человек,.,1.03,город,.,.,.,.,.,.,,,,городское,.,.,.,.,.,.,,,,.,Всесоюзная перепись населения 1959 года. Таблица 4. http://demoscope.ru/weekly/ssp/census.php?cy=2,.,18-73,"Павленко О.В., Н. Сидоренко",.,1959
87,Чукотский национальный округ Магаданской области,1959_49_87,.,.,1959,.,220397,человек,.,1.03,город,.,.,.,.,.,.,,,,городское,.,.,.,.,.,.,,,,.,Всесоюзная перепись населения 1959 года. Таблица 4. http://demoscope.ru/weekly/ssp/census.php?cy=2,.,18-109,"Павленко О.В., Н. Сидоренко",.,1959
88,Чукотский национальный округ Магаданской области,1959_49_87,.,.,1959,.,708616,человек,.,1.03,село,.,.,.,.,.,.,,,,сельское,.,.,.,.,.,.,,,,.,Всесоюзная перепись населения 1959 года. Таблица 4. http://demoscope.ru/weekly/ssp/census.php?cy=2,.,18-110,"Павленко О.В., Н. Сидоренко",.,1959
111,Коми-Пермяцкий национальный округ Пермской области,1959_59_81,.,.,1959,.,587369,человек,.,1.03,город,.,.,.,.,.,.,,,,городское,.,.,.,.,.,.,,,,.,Всесоюзная перепись населения 1959 года. Таблица 4. http://demoscope.ru/weekly/ssp/census.php?cy=2,.,18-133,"Павленко О.В., Н. Сидоренко",.,1959
112,Коми-Пермяцкий национальный округ Пермской области,1959_59_81,.,.,1959,.,1295542,человек,.,1.03,село,.,.,.,.,.,.,,,,сельское,.,.,.,.,.,.,,,,.,Всесоюзная перепись населения 1959 года. Таблица 4. http://demoscope.ru/weekly/ssp/census.php?cy=2,.,18-134,"Павленко О.В., Н. Сидоренко",.,1959
148,Ханты-Мансийский национальный округ Тюменской области,1959_72_86,.,.,1959,.,113201,человек,.,1.03,село,.,.,.,.,.,.,,,,сельское,.,.,.,.,.,.,,,,.,Всесоюзная перепись населения 1959 года. Таблица 4. http://demoscope.ru/weekly/ssp/census.php?cy=2,.,18-170,"Павленко О.В., Н. Сидоренко",.,1959
147,Ханты-Мансийский национальный округ Тюменской области,1959_72_86,.,.,1959,.,19870,человек,.,1.03,город,.,.,.,.,.,.,,,,городское,.,.,.,.,.,.,,,,.,Всесоюзная перепись населения 1959 года. Таблица 4. http://demoscope.ru/weekly/ssp/census.php?cy=2,.,18-169,"Павленко О.В., Н. Сидоренко",.,1959
149,Ямало-Ненецкий национальный округ Тюменской области,1959_72_89,.,.,1959,.,6138,человек,.,1.03,город,.,.,.,.,.,.,,,,городское,.,.,.,.,.,.,,,,.,Всесоюзная перепись населения 1959 года. Таблица 4. http://demoscope.ru/weekly/ssp/census.php?cy=2,.,18-171,"Павленко О.В., Н. Сидоренко",.,1959
150,Ямало-Ненецкий национальный округ Тюменской области,1959_72_89,.,.,1959,.,21387,человек,.,1.03,село,.,.,.,.,.,.,,,,сельское,.,.,.,.,.,.,,,,.,Всесоюзная перепись населения 1959 года. Таблица 4. http://demoscope.ru/weekly/ssp/census.php?cy=2,.,18-172,"Павленко О.В., Н. Сидоренко",.,1959
165,Агинский Бурятский национальный округ Читинской области,1959_75_80,.,.,1959,.,33464,человек,.,1.03,город,.,.,.,.,.,.,,,,городское,.,.,.,.,.,.,,,,.,Всесоюзная перепись населения 1959 года. Таблица 4. http://demoscope.ru/weekly/ssp/census.php?cy=2,.,18-187,"Павленко О.В., Н. Сидоренко",.,1959
166,Агинский Бурятский национальный округ Читинской области,1959_75_80,.,.,1959,.,90462,человек,.,1.03,село,.,.,.,.,.,.,,,,сельское,.,.,.,.,.,.,,,,.,Всесоюзная перепись населения 1959 года. Таблица 4. http://demoscope.ru/weekly/ssp/census.php?cy=2,.,18-188,"Павленко О.В., Н. Сидоренко",.,1959
