ID,TERRITORY,TER_CODE,TOWN,DISTRICT,YEAR,MONTH,VALUE,VALUE_UNIT,VALUE_LABEL,DATATYPE,HISTCLASS1,HISTCLASS2,HISTCLASS3,HISTCLASS4,HISTCLASS5,HISTCLASS6,HISTCLASS7,HISTCLASS8,HISTCLASS9,HISTCLASS10,CLASS1,CLASS2,CLASS3,CLASS4,CLASS5,CLASS6,CLASS7,CLASS8,CLASS9,CLASS10,COMMENT_SOURCE,SOURCE,VOLUME,PAGE,NABORSHIK_ID,COMMENT_NABORSHIK,
48,Архангельская губерния,1897_04,.,.,1897,.,459,рубли,.,7.03,стоимость проданой земли,.,.,.,.,.,.,,,,.,.,.,.,.,.,.,,,,.,"Материалы по статистике движения землевладения в России. СПб.,1904. Вып 11(купля - продажа земель в европейской России в 1897). ",.,14,.,.,1897
1,Архангельская губерния,1897_04,.,.,1897,.,3,десятины,.,7.03,количество проданой земли,.,.,.,.,.,.,,,,.,.,.,.,.,.,.,,,,.,"Материалы по статистике движения землевладения в России. СПб.,1904. Вып 11(купля - продажа земель в европейской России в 1897). ",.,13,.,.,1897
95,Архангельская губерния,1897_04,.,.,1897,.,153,рубли,.,7.03,рублей за десятину,.,.,.,.,.,.,,,,.,.,.,.,.,.,.,,,,.,"Материалы по статистике движения землевладения в России. СПб.,1904. Вып 11(купля - продажа земель в европейской России в 1897). ",.,14,.,.,1897
96,Астраханская губерния,1897_05,.,.,1897,.,20.680393912264996,рубли,.,7.03,рублей за десятину,.,.,.,.,.,.,,,,.,.,.,.,.,.,.,,,,.,"Материалы по статистике движения землевладения в России. СПб.,1904. Вып 11(купля - продажа земель в европейской России в 1897). ",.,14,.,.,1897
49,Астраханская губерния,1897_05,.,.,1897,.,103950,рубли,.,7.03,стоимость проданой земли,.,.,.,.,.,.,,,,.,.,.,.,.,.,.,,,,.,"Материалы по статистике движения землевладения в России. СПб.,1904. Вып 11(купля - продажа земель в европейской России в 1897). ",.,14,.,.,1897
2,Астраханская губерния,1897_05,.,.,1897,.,5026.5,десятины,.,7.03,количество проданой земли,.,.,.,.,.,.,,,,.,.,.,.,.,.,.,,,,.,"Материалы по статистике движения землевладения в России. СПб.,1904. Вып 11(купля - продажа земель в европейской России в 1897). ",.,13,.,.,1897
97,Бессарабская губерния,1897_07,.,.,1897,.,124.6178116239743,рубли,.,7.03,рублей за десятину,.,.,.,.,.,.,,,,.,.,.,.,.,.,.,,,,.,"Материалы по статистике движения землевладения в России. СПб.,1904. Вып 11(купля - продажа земель в европейской России в 1897). ",.,14,.,.,1897
50,Бессарабская губерния,1897_07,.,.,1897,.,7686140,рубли,.,7.03,стоимость проданой земли,.,.,.,.,.,.,,,,.,.,.,.,.,.,.,,,,.,"Материалы по статистике движения землевладения в России. СПб.,1904. Вып 11(купля - продажа земель в европейской России в 1897). ",.,14,.,.,1897
3,Бессарабская губерния,1897_07,.,.,1897,.,61677.7,десятины,.,7.03,количество проданой земли,.,.,.,.,.,.,,,,.,.,.,.,.,.,.,,,,.,"Материалы по статистике движения землевладения в России. СПб.,1904. Вып 11(купля - продажа земель в европейской России в 1897). ",.,13,.,.,1897
4,Виленская губерния,1897_10,.,.,1897,.,48357.5,десятины,.,7.03,количество проданой земли,.,.,.,.,.,.,,,,.,.,.,.,.,.,.,,,,.,"Материалы по статистике движения землевладения в России. СПб.,1904. Вып 11(купля - продажа земель в европейской России в 1897). ",.,13,.,.,1897
51,Виленская губерния,1897_10,.,.,1897,.,2521839,рубли,.,7.03,стоимость проданой земли,.,.,.,.,.,.,,,,.,.,.,.,.,.,.,,,,.,"Материалы по статистике движения землевладения в России. СПб.,1904. Вып 11(купля - продажа земель в европейской России в 1897). ",.,14,.,.,1897
98,Виленская губерния,1897_10,.,.,1897,.,52.149904358165742,рубли,.,7.03,рублей за десятину,.,.,.,.,.,.,,,,.,.,.,.,.,.,.,,,,.,"Материалы по статистике движения землевладения в России. СПб.,1904. Вып 11(купля - продажа земель в европейской России в 1897). ",.,14,.,.,1897
99,Витебская губерния,1897_11,.,.,1897,.,34.512209817581102,рубли,.,7.03,рублей за десятину,.,.,.,.,.,.,,,,.,.,.,.,.,.,.,,,,.,"Материалы по статистике движения землевладения в России. СПб.,1904. Вып 11(купля - продажа земель в европейской России в 1897). ",.,14,.,.,1897
52,Витебская губерния,1897_11,.,.,1897,.,2262548,рубли,.,7.03,стоимость проданой земли,.,.,.,.,.,.,,,,.,.,.,.,.,.,.,,,,.,"Материалы по статистике движения землевладения в России. СПб.,1904. Вып 11(купля - продажа земель в европейской России в 1897). ",.,14,.,.,1897
5,Витебская губерния,1897_11,.,.,1897,.,65557.899999999994,десятины,.,7.03,количество проданой земли,.,.,.,.,.,.,,,,.,.,.,.,.,.,.,,,,.,"Материалы по статистике движения землевладения в России. СПб.,1904. Вып 11(купля - продажа земель в европейской России в 1897). ",.,13,.,.,1897
53,Владимирская губерния,1897_12,.,.,1897,.,2105500,рубли,.,7.03,стоимость проданой земли,.,.,.,.,.,.,,,,.,.,.,.,.,.,.,,,,.,"Материалы по статистике движения землевладения в России. СПб.,1904. Вып 11(купля - продажа земель в европейской России в 1897). ",.,14,.,.,1897
6,Владимирская губерния,1897_12,.,.,1897,.,47605,десятины,.,7.03,количество проданой земли,.,.,.,.,.,.,,,,.,.,.,.,.,.,.,,,,.,"Материалы по статистике движения землевладения в России. СПб.,1904. Вып 11(купля - продажа земель в европейской России в 1897). ",.,13,.,.,1897
100,Владимирская губерния,1897_12,.,.,1897,.,44.228547421489338,рубли,.,7.03,рублей за десятину,.,.,.,.,.,.,,,,.,.,.,.,.,.,.,,,,.,"Материалы по статистике движения землевладения в России. СПб.,1904. Вып 11(купля - продажа земель в европейской России в 1897). ",.,14,.,.,1897
7,Земля войска Донского,1897_13,.,.,1897,.,70362.100000000006,десятины,.,7.03,количество проданой земли,.,.,.,.,.,.,,,,.,.,.,.,.,.,.,,,,.,"Материалы по статистике движения землевладения в России. СПб.,1904. Вып 11(купля - продажа земель в европейской России в 1897). ",.,13,.,.,1897
54,Земля войска Донского,1897_13,.,.,1897,.,5261874,рубли,.,7.03,стоимость проданой земли,.,.,.,.,.,.,,,,.,.,.,.,.,.,.,,,,.,"Материалы по статистике движения землевладения в России. СПб.,1904. Вып 11(купля - продажа земель в европейской России в 1897). ",.,14,.,.,1897
101,Земля войска Донского,1897_13,.,.,1897,.,74.78278789291393,рубли,.,7.03,рублей за десятину,.,.,.,.,.,.,,,,.,.,.,.,.,.,.,,,,.,"Материалы по статистике движения землевладения в России. СПб.,1904. Вып 11(купля - продажа земель в европейской России в 1897). ",.,14,.,.,1897
102,Вологодская губерния,1897_14,.,.,1897,.,10.725257541778614,рубли,.,7.03,рублей за десятину,.,.,.,.,.,.,,,,.,.,.,.,.,.,.,,,,.,"Материалы по статистике движения землевладения в России. СПб.,1904. Вып 11(купля - продажа земель в европейской России в 1897). ",.,14,.,.,1897
8,Вологодская губерния,1897_14,.,.,1897,.,86461.7,десятины,.,7.03,количество проданой земли,.,.,.,.,.,.,,,,.,.,.,.,.,.,.,,,,.,"Материалы по статистике движения землевладения в России. СПб.,1904. Вып 11(купля - продажа земель в европейской России в 1897). ",.,13,.,.,1897
55,Вологодская губерния,1897_14,.,.,1897,.,927324,рубли,.,7.03,стоимость проданой земли,.,.,.,.,.,.,,,,.,.,.,.,.,.,.,,,,.,"Материалы по статистике движения землевладения в России. СПб.,1904. Вып 11(купля - продажа земель в европейской России в 1897). ",.,14,.,.,1897
56,Волынская губерния,1897_15,.,.,1897,.,5787690,рубли,.,7.03,стоимость проданой земли,.,.,.,.,.,.,,,,.,.,.,.,.,.,.,,,,.,"Материалы по статистике движения землевладения в России. СПб.,1904. Вып 11(купля - продажа земель в европейской России в 1897). ",.,14,.,.,1897
9,Волынская губерния,1897_15,.,.,1897,.,138802.6,десятины,.,7.03,количество проданой земли,.,.,.,.,.,.,,,,.,.,.,.,.,.,.,,,,.,"Материалы по статистике движения землевладения в России. СПб.,1904. Вып 11(купля - продажа земель в европейской России в 1897). ",.,13,.,.,1897
103,Волынская губерния,1897_15,.,.,1897,.,41.69727368219327,рубли,.,7.03,рублей за десятину,.,.,.,.,.,.,,,,.,.,.,.,.,.,.,,,,.,"Материалы по статистике движения землевладения в России. СПб.,1904. Вып 11(купля - продажа земель в европейской России в 1897). ",.,14,.,.,1897
10,Воронежская губерния,1897_16,.,.,1897,.,35931.9,десятины,.,7.03,количество проданой земли,.,.,.,.,.,.,,,,.,.,.,.,.,.,.,,,,.,"Материалы по статистике движения землевладения в России. СПб.,1904. Вып 11(купля - продажа земель в европейской России в 1897). ",.,13,.,.,1897
57,Воронежская губерния,1897_16,.,.,1897,.,3018389,рубли,.,7.03,стоимость проданой земли,.,.,.,.,.,.,,,,.,.,.,.,.,.,.,,,,.,"Материалы по статистике движения землевладения в России. СПб.,1904. Вып 11(купля - продажа земель в европейской России в 1897). ",.,14,.,.,1897
104,Воронежская губерния,1897_16,.,.,1897,.,84.003044648348677,рубли,.,7.03,рублей за десятину,.,.,.,.,.,.,,,,.,.,.,.,.,.,.,,,,.,"Материалы по статистике движения землевладения в России. СПб.,1904. Вып 11(купля - продажа земель в европейской России в 1897). ",.,14,.,.,1897
58,Вятская губерния,1897_18,.,.,1897,.,286130,рубли,.,7.03,стоимость проданой земли,.,.,.,.,.,.,,,,.,.,.,.,.,.,.,,,,.,"Материалы по статистике движения землевладения в России. СПб.,1904. Вып 11(купля - продажа земель в европейской России в 1897). ",.,14,.,.,1897
11,Вятская губерния,1897_18,.,.,1897,.,15344.3,десятины,.,7.03,количество проданой земли,.,.,.,.,.,.,,,,.,.,.,.,.,.,.,,,,.,"Материалы по статистике движения землевладения в России. СПб.,1904. Вып 11(купля - продажа земель в европейской России в 1897). ",.,13,.,.,1897
105,Вятская губерния,1897_18,.,.,1897,.,18.647315289716705,рубли,.,7.03,рублей за десятину,.,.,.,.,.,.,,,,.,.,.,.,.,.,.,,,,.,"Материалы по статистике движения землевладения в России. СПб.,1904. Вып 11(купля - продажа земель в европейской России в 1897). ",.,14,.,.,1897
106,Гродненская губерния,1897_19,.,.,1897,.,43.505893149035018,рубли,.,7.03,рублей за десятину,.,.,.,.,.,.,,,,.,.,.,.,.,.,.,,,,.,"Материалы по статистике движения землевладения в России. СПб.,1904. Вып 11(купля - продажа земель в европейской России в 1897). ",.,14,.,.,1897
59,Гродненская губерния,1897_19,.,.,1897,.,2275641,рубли,.,7.03,стоимость проданой земли,.,.,.,.,.,.,,,,.,.,.,.,.,.,.,,,,.,"Материалы по статистике движения землевладения в России. СПб.,1904. Вып 11(купля - продажа земель в европейской России в 1897). ",.,14,.,.,1897
12,Гродненская губерния,1897_19,.,.,1897,.,52306.5,десятины,.,7.03,количество проданой земли,.,.,.,.,.,.,,,,.,.,.,.,.,.,.,,,,.,"Материалы по статистике движения землевладения в России. СПб.,1904. Вып 11(купля - продажа земель в европейской России в 1897). ",.,13,.,.,1897
13,Екатеринославская губерния,1897_21,.,.,1897,.,87475.9,десятины,.,7.03,количество проданой земли,.,.,.,.,.,.,,,,.,.,.,.,.,.,.,,,,.,"Материалы по статистике движения землевладения в России. СПб.,1904. Вып 11(купля - продажа земель в европейской России в 1897). ",.,13,.,.,1897
107,Екатеринославская губерния,1897_21,.,.,1897,.,103.43518614841345,рубли,.,7.03,рублей за десятину,.,.,.,.,.,.,,,,.,.,.,.,.,.,.,,,,.,"Материалы по статистике движения землевладения в России. СПб.,1904. Вып 11(купля - продажа земель в европейской России в 1897). ",.,14,.,.,1897
60,Екатеринославская губерния,1897_21,.,.,1897,.,9048086,рубли,.,7.03,стоимость проданой земли,.,.,.,.,.,.,,,,.,.,.,.,.,.,.,,,,.,"Материалы по статистике движения землевладения в России. СПб.,1904. Вып 11(купля - продажа земель в европейской России в 1897). ",.,14,.,.,1897
61,Казанская губерния,1897_27,.,.,1897,.,882037,рубли,.,7.03,стоимость проданой земли,.,.,.,.,.,.,,,,.,.,.,.,.,.,.,,,,.,"Материалы по статистике движения землевладения в России. СПб.,1904. Вып 11(купля - продажа земель в европейской России в 1897). ",.,14,.,.,1897
14,Казанская губерния,1897_27,.,.,1897,.,14736.4,десятины,.,7.03,количество проданой земли,.,.,.,.,.,.,,,,.,.,.,.,.,.,.,,,,.,"Материалы по статистике движения землевладения в России. СПб.,1904. Вып 11(купля - продажа земель в европейской России в 1897). ",.,13,.,.,1897
108,Казанская губерния,1897_27,.,.,1897,.,59.854306343476019,рубли,.,7.03,рублей за десятину,.,.,.,.,.,.,,,,.,.,.,.,.,.,.,,,,.,"Материалы по статистике движения землевладения в России. СПб.,1904. Вып 11(купля - продажа земель в европейской России в 1897). ",.,14,.,.,1897
109,Калужская губерния,1897_29,.,.,1897,.,58.679065698646845,рубли,.,7.03,рублей за десятину,.,.,.,.,.,.,,,,.,.,.,.,.,.,.,,,,.,"Материалы по статистике движения землевладения в России. СПб.,1904. Вып 11(купля - продажа земель в европейской России в 1897). ",.,14,.,.,1897
62,Калужская губерния,1897_29,.,.,1897,.,1905010,рубли,.,7.03,стоимость проданой земли,.,.,.,.,.,.,,,,.,.,.,.,.,.,.,,,,.,"Материалы по статистике движения землевладения в России. СПб.,1904. Вып 11(купля - продажа земель в европейской России в 1897). ",.,14,.,.,1897
15,Калужская губерния,1897_29,.,.,1897,.,32464.9,десятины,.,7.03,количество проданой земли,.,.,.,.,.,.,,,,.,.,.,.,.,.,.,,,,.,"Материалы по статистике движения землевладения в России. СПб.,1904. Вып 11(купля - продажа земель в европейской России в 1897). ",.,13,.,.,1897
63,Киевская губерния,1897_32,.,.,1897,.,4787611,рубли,.,7.03,стоимость проданой земли,.,.,.,.,.,.,,,,.,.,.,.,.,.,.,,,,.,"Материалы по статистике движения землевладения в России. СПб.,1904. Вып 11(купля - продажа земель в европейской России в 1897). ",.,14,.,.,1897
16,Киевская губерния,1897_32,.,.,1897,.,45536,десятины,.,7.03,количество проданой земли,.,.,.,.,.,.,,,,.,.,.,.,.,.,.,,,,.,"Материалы по статистике движения землевладения в России. СПб.,1904. Вып 11(купля - продажа земель в европейской России в 1897). ",.,13,.,.,1897
110,Киевская губерния,1897_32,.,.,1897,.,105.13903285312719,рубли,.,7.03,рублей за десятину,.,.,.,.,.,.,,,,.,.,.,.,.,.,.,,,,.,"Материалы по статистике движения землевладения в России. СПб.,1904. Вып 11(купля - продажа земель в европейской России в 1897). ",.,14,.,.,1897
17,Ковенская губерния,1897_33,.,.,1897,.,11220.2,десятины,.,7.03,количество проданой земли,.,.,.,.,.,.,,,,.,.,.,.,.,.,.,,,,.,"Материалы по статистике движения землевладения в России. СПб.,1904. Вып 11(купля - продажа земель в европейской России в 1897). ",.,13,.,.,1897
111,Ковенская губерния,1897_33,.,.,1897,.,71.010498921587839,рубли,.,7.03,рублей за десятину,.,.,.,.,.,.,,,,.,.,.,.,.,.,.,,,,.,"Материалы по статистике движения землевладения в России. СПб.,1904. Вып 11(купля - продажа земель в европейской России в 1897). ",.,14,.,.,1897
64,Ковенская губерния,1897_33,.,.,1897,.,796752,рубли,.,7.03,стоимость проданой земли,.,.,.,.,.,.,,,,.,.,.,.,.,.,.,,,,.,"Материалы по статистике движения землевладения в России. СПб.,1904. Вып 11(купля - продажа земель в европейской России в 1897). ",.,14,.,.,1897
65,Костромская губерния,1897_34,.,.,1897,.,2760094,рубли,.,7.03,стоимость проданой земли,.,.,.,.,.,.,,,,.,.,.,.,.,.,.,,,,.,"Материалы по статистике движения землевладения в России. СПб.,1904. Вып 11(купля - продажа земель в европейской России в 1897). ",.,14,.,.,1897
112,Костромская губерния,1897_34,.,.,1897,.,19.434571799143502,рубли,.,7.03,рублей за десятину,.,.,.,.,.,.,,,,.,.,.,.,.,.,.,,,,.,"Материалы по статистике движения землевладения в России. СПб.,1904. Вып 11(купля - продажа земель в европейской России в 1897). ",.,14,.,.,1897
18,Костромская губерния,1897_34,.,.,1897,.,142019.79999999999,десятины,.,7.03,количество проданой земли,.,.,.,.,.,.,,,,.,.,.,.,.,.,.,,,,.,"Материалы по статистике движения землевладения в России. СПб.,1904. Вып 11(купля - продажа земель в европейской России в 1897). ",.,13,.,.,1897
19,Курская губерния,1897_38,.,.,1897,.,39832.1,десятины,.,7.03,количество проданой земли,.,.,.,.,.,.,,,,.,.,.,.,.,.,.,,,,.,"Материалы по статистике движения землевладения в России. СПб.,1904. Вып 11(купля - продажа земель в европейской России в 1897). ",.,13,.,.,1897
113,Курская губерния,1897_38,.,.,1897,.,124.62908056567443,рубли,.,7.03,рублей за десятину,.,.,.,.,.,.,,,,.,.,.,.,.,.,.,,,,.,"Материалы по статистике движения землевладения в России. СПб.,1904. Вып 11(купля - продажа земель в европейской России в 1897). ",.,14,.,.,1897
66,Курская губерния,1897_38,.,.,1897,.,4964238,рубли,.,7.03,стоимость проданой земли,.,.,.,.,.,.,,,,.,.,.,.,.,.,.,,,,.,"Материалы по статистике движения землевладения в России. СПб.,1904. Вып 11(купля - продажа земель в европейской России в 1897). ",.,14,.,.,1897
114,Минская губерния,1897_43,.,.,1897,.,32.895726655852748,рубли,.,7.03,рублей за десятину,.,.,.,.,.,.,,,,.,.,.,.,.,.,.,,,,.,"Материалы по статистике движения землевладения в России. СПб.,1904. Вып 11(купля - продажа земель в европейской России в 1897). ",.,14,.,.,1897
20,Минская губерния,1897_43,.,.,1897,.,104618.3,десятины,.,7.03,количество проданой земли,.,.,.,.,.,.,,,,.,.,.,.,.,.,.,,,,.,"Материалы по статистике движения землевладения в России. СПб.,1904. Вып 11(купля - продажа земель в европейской России в 1897). ",.,13,.,.,1897
67,Минская губерния,1897_43,.,.,1897,.,3441495,рубли,.,7.03,стоимость проданой земли,.,.,.,.,.,.,,,,.,.,.,.,.,.,.,,,,.,"Материалы по статистике движения землевладения в России. СПб.,1904. Вып 11(купля - продажа земель в европейской России в 1897). ",.,14,.,.,1897
115,Могилевская губерния,1897_44,.,.,1897,.,43.707966967096809,рубли,.,7.03,рублей за десятину,.,.,.,.,.,.,,,,.,.,.,.,.,.,.,,,,.,"Материалы по статистике движения землевладения в России. СПб.,1904. Вып 11(купля - продажа земель в европейской России в 1897). ",.,14,.,.,1897
21,Могилевская губерния,1897_44,.,.,1897,.,50882.6,десятины,.,7.03,количество проданой земли,.,.,.,.,.,.,,,,.,.,.,.,.,.,.,,,,.,"Материалы по статистике движения землевладения в России. СПб.,1904. Вып 11(купля - продажа земель в европейской России в 1897). ",.,13,.,.,1897
68,Могилевская губерния,1897_44,.,.,1897,.,2223975,рубли,.,7.03,стоимость проданой земли,.,.,.,.,.,.,,,,.,.,.,.,.,.,.,,,,.,"Материалы по статистике движения землевладения в России. СПб.,1904. Вып 11(купля - продажа земель в европейской России в 1897). ",.,14,.,.,1897
22,Московская губерния,1897_45,.,.,1897,.,21333.7,десятины,.,7.03,количество проданой земли,.,.,.,.,.,.,,,,.,.,.,.,.,.,.,,,,.,"Материалы по статистике движения землевладения в России. СПб.,1904. Вып 11(купля - продажа земель в европейской России в 1897). ",.,13,.,.,1897
69,Московская губерния,1897_45,.,.,1897,.,3138690,рубли,.,7.03,стоимость проданой земли,.,.,.,.,.,.,,,,.,.,.,.,.,.,.,,,,.,"Материалы по статистике движения землевладения в России. СПб.,1904. Вып 11(купля - продажа земель в европейской России в 1897). ",.,14,.,.,1897
116,Московская губерния,1897_45,.,.,1897,.,147.12356506372547,рубли,.,7.03,рублей за десятину,.,.,.,.,.,.,,,,.,.,.,.,.,.,.,,,,.,"Материалы по статистике движения землевладения в России. СПб.,1904. Вып 11(купля - продажа земель в европейской России в 1897). ",.,14,.,.,1897
70,Нижегородская губерния,1897_46,.,.,1897,.,1903160,рубли,.,7.03,стоимость проданой земли,.,.,.,.,.,.,,,,.,.,.,.,.,.,.,,,,.,"Материалы по статистике движения землевладения в России. СПб.,1904. Вып 11(купля - продажа земель в европейской России в 1897). ",.,14,.,.,1897
23,Нижегородская губерния,1897_46,.,.,1897,.,42938.3,десятины,.,7.03,количество проданой земли,.,.,.,.,.,.,,,,.,.,.,.,.,.,.,,,,.,"Материалы по статистике движения землевладения в России. СПб.,1904. Вып 11(купля - продажа земель в европейской России в 1897). ",.,13,.,.,1897
117,Нижегородская губерния,1897_46,.,.,1897,.,44.323133426334991,рубли,.,7.03,рублей за десятину,.,.,.,.,.,.,,,,.,.,.,.,.,.,.,,,,.,"Материалы по статистике движения землевладения в России. СПб.,1904. Вып 11(купля - продажа земель в европейской России в 1897). ",.,14,.,.,1897
71,Новгородская губерния,1897_47,.,.,1897,.,2785833,рубли,.,7.03,стоимость проданой земли,.,.,.,.,.,.,,,,.,.,.,.,.,.,.,,,,.,"Материалы по статистике движения землевладения в России. СПб.,1904. Вып 11(купля - продажа земель в европейской России в 1897). ",.,14,.,.,1897
24,Новгородская губерния,1897_47,.,.,1897,.,227548.79999999999,десятины,.,7.03,количество проданой земли,.,.,.,.,.,.,,,,.,.,.,.,.,.,.,,,,.,"Материалы по статистике движения землевладения в России. СПб.,1904. Вып 11(купля - продажа земель в европейской России в 1897). ",.,13,.,.,1897
118,Новгородская губерния,1897_47,.,.,1897,.,12.242793633717252,рубли,.,7.03,рублей за десятину,.,.,.,.,.,.,,,,.,.,.,.,.,.,.,,,,.,"Материалы по статистике движения землевладения в России. СПб.,1904. Вып 11(купля - продажа земель в европейской России в 1897). ",.,14,.,.,1897
25,Олонецкая губерния,1897_49,.,.,1897,.,3394.6,десятины,.,7.03,количество проданой земли,.,.,.,.,.,.,,,,.,.,.,.,.,.,.,,,,.,"Материалы по статистике движения землевладения в России. СПб.,1904. Вып 11(купля - продажа земель в европейской России в 1897). ",.,13,.,.,1897
119,Олонецкая губерния,1897_49,.,.,1897,.,10.304306840275732,рубли,.,7.03,рублей за десятину,.,.,.,.,.,.,,,,.,.,.,.,.,.,.,,,,.,"Материалы по статистике движения землевладения в России. СПб.,1904. Вып 11(купля - продажа земель в европейской России в 1897). ",.,14,.,.,1897
72,Олонецкая губерния,1897_49,.,.,1897,.,34979,рубли,.,7.03,стоимость проданой земли,.,.,.,.,.,.,,,,.,.,.,.,.,.,.,,,,.,"Материалы по статистике движения землевладения в России. СПб.,1904. Вып 11(купля - продажа земель в европейской России в 1897). ",.,14,.,.,1897
26,Оренбургская губерния,1897_50,.,.,1897,.,206803.20000000001,десятины,.,7.03,количество проданой земли,.,.,.,.,.,.,,,,.,.,.,.,.,.,.,,,,.,"Материалы по статистике движения землевладения в России. СПб.,1904. Вып 11(купля - продажа земель в европейской России в 1897). ",.,13,.,.,1897
73,Оренбургская губерния,1897_50,.,.,1897,.,2631961,рубли,.,7.03,стоимость проданой земли,.,.,.,.,.,.,,,,.,.,.,.,.,.,.,,,,.,"Материалы по статистике движения землевладения в России. СПб.,1904. Вып 11(купля - продажа земель в европейской России в 1897). ",.,14,.,.,1897
120,Оренбургская губерния,1897_50,.,.,1897,.,12.726887204840157,рубли,.,7.03,рублей за десятину,.,.,.,.,.,.,,,,.,.,.,.,.,.,.,,,,.,"Материалы по статистике движения землевладения в России. СПб.,1904. Вып 11(купля - продажа земель в европейской России в 1897). ",.,14,.,.,1897
27,Орловская губерния,1897_51,.,.,1897,.,47311.5,десятины,.,7.03,количество проданой земли,.,.,.,.,.,.,,,,.,.,.,.,.,.,.,,,,.,"Материалы по статистике движения землевладения в России. СПб.,1904. Вып 11(купля - продажа земель в европейской России в 1897). ",.,13,.,.,1897
74,Орловская губерния,1897_51,.,.,1897,.,4548233,рубли,.,7.03,стоимость проданой земли,.,.,.,.,.,.,,,,.,.,.,.,.,.,.,,,,.,"Материалы по статистике движения землевладения в России. СПб.,1904. Вып 11(купля - продажа земель в европейской России в 1897). ",.,14,.,.,1897
121,Орловская губерния,1897_51,.,.,1897,.,96.133772972744467,рубли,.,7.03,рублей за десятину,.,.,.,.,.,.,,,,.,.,.,.,.,.,.,,,,.,"Материалы по статистике движения землевладения в России. СПб.,1904. Вып 11(купля - продажа земель в европейской России в 1897). ",.,14,.,.,1897
122,Пензенская губерния,1897_53,.,.,1897,.,70.780899899677053,рубли,.,7.03,рублей за десятину,.,.,.,.,.,.,,,,.,.,.,.,.,.,.,,,,.,"Материалы по статистике движения землевладения в России. СПб.,1904. Вып 11(купля - продажа земель в европейской России в 1897). ",.,14,.,.,1897
28,Пензенская губерния,1897_53,.,.,1897,.,34588.300000000003,десятины,.,7.03,количество проданой земли,.,.,.,.,.,.,,,,.,.,.,.,.,.,.,,,,.,"Материалы по статистике движения землевладения в России. СПб.,1904. Вып 11(купля - продажа земель в европейской России в 1897). ",.,13,.,.,1897
75,Пензенская губерния,1897_53,.,.,1897,.,2448191,рубли,.,7.03,стоимость проданой земли,.,.,.,.,.,.,,,,.,.,.,.,.,.,.,,,,.,"Материалы по статистике движения землевладения в России. СПб.,1904. Вып 11(купля - продажа земель в европейской России в 1897). ",.,14,.,.,1897
76,Пермская губерния,1897_54,.,.,1897,.,2986948,рубли,.,7.03,стоимость проданой земли,.,.,.,.,.,.,,,,.,.,.,.,.,.,.,,,,.,"Материалы по статистике движения землевладения в России. СПб.,1904. Вып 11(купля - продажа земель в европейской России в 1897). ",.,14,.,.,1897
29,Пермская губерния,1897_54,.,.,1897,.,132872.79999999999,десятины,.,7.03,количество проданой земли,.,.,.,.,.,.,,,,.,.,.,.,.,.,.,,,,.,"Материалы по статистике движения землевладения в России. СПб.,1904. Вып 11(купля - продажа земель в европейской России в 1897). ",.,13,.,.,1897
123,Пермская губерния,1897_54,.,.,1897,.,22.479755074025686,рубли,.,7.03,рублей за десятину,.,.,.,.,.,.,,,,.,.,.,.,.,.,.,,,,.,"Материалы по статистике движения землевладения в России. СПб.,1904. Вып 11(купля - продажа земель в европейской России в 1897). ",.,14,.,.,1897
77,Подольская губерния,1897_57,.,.,1897,.,2822168,рубли,.,7.03,стоимость проданой земли,.,.,.,.,.,.,,,,.,.,.,.,.,.,.,,,,.,"Материалы по статистике движения землевладения в России. СПб.,1904. Вып 11(купля - продажа земель в европейской России в 1897). ",.,14,.,.,1897
30,Подольская губерния,1897_57,.,.,1897,.,25991.1,десятины,.,7.03,количество проданой земли,.,.,.,.,.,.,,,,.,.,.,.,.,.,.,,,,.,"Материалы по статистике движения землевладения в России. СПб.,1904. Вып 11(купля - продажа земель в европейской России в 1897). ",.,13,.,.,1897
124,Подольская губерния,1897_57,.,.,1897,.,108.58209156211166,рубли,.,7.03,рублей за десятину,.,.,.,.,.,.,,,,.,.,.,.,.,.,.,,,,.,"Материалы по статистике движения землевладения в России. СПб.,1904. Вып 11(купля - продажа земель в европейской России в 1897). ",.,14,.,.,1897
31,Полтавская губерния,1897_58,.,.,1897,.,70607.5,десятины,.,7.03,количество проданой земли,.,.,.,.,.,.,,,,.,.,.,.,.,.,.,,,,.,"Материалы по статистике движения землевладения в России. СПб.,1904. Вып 11(купля - продажа земель в европейской России в 1897). ",.,13,.,.,1897
125,Полтавская губерния,1897_58,.,.,1897,.,105.54225825868357,рубли,.,7.03,рублей за десятину,.,.,.,.,.,.,,,,.,.,.,.,.,.,.,,,,.,"Материалы по статистике движения землевладения в России. СПб.,1904. Вып 11(купля - продажа земель в европейской России в 1897). ",.,14,.,.,1897
78,Полтавская губерния,1897_58,.,.,1897,.,7452075,рубли,.,7.03,стоимость проданой земли,.,.,.,.,.,.,,,,.,.,.,.,.,.,.,,,,.,"Материалы по статистике движения землевладения в России. СПб.,1904. Вып 11(купля - продажа земель в европейской России в 1897). ",.,14,.,.,1897
32,Псковская губерния,1897_60,.,.,1897,.,101741.6,десятины,.,7.03,количество проданой земли,.,.,.,.,.,.,,,,.,.,.,.,.,.,.,,,,.,"Материалы по статистике движения землевладения в России. СПб.,1904. Вып 11(купля - продажа земель в европейской России в 1897). ",.,13,.,.,1897
79,Псковская губерния,1897_60,.,.,1897,.,3100706,рубли,.,7.03,стоимость проданой земли,.,.,.,.,.,.,,,,.,.,.,.,.,.,.,,,,.,"Материалы по статистике движения землевладения в России. СПб.,1904. Вып 11(купля - продажа земель в европейской России в 1897). ",.,14,.,.,1897
126,Псковская губерния,1897_60,.,.,1897,.,30.47628502009011,рубли,.,7.03,рублей за десятину,.,.,.,.,.,.,,,,.,.,.,.,.,.,.,,,,.,"Материалы по статистике движения землевладения в России. СПб.,1904. Вып 11(купля - продажа земель в европейской России в 1897). ",.,14,.,.,1897
127,Рязанская губерния,1897_62,.,.,1897,.,79.26965315478644,рубли,.,7.03,рублей за десятину,.,.,.,.,.,.,,,,.,.,.,.,.,.,.,,,,.,"Материалы по статистике движения землевладения в России. СПб.,1904. Вып 11(купля - продажа земель в европейской России в 1897). ",.,14,.,.,1897
80,Рязанская губерния,1897_62,.,.,1897,.,3191856,рубли,.,7.03,стоимость проданой земли,.,.,.,.,.,.,,,,.,.,.,.,.,.,.,,,,.,"Материалы по статистике движения землевладения в России. СПб.,1904. Вып 11(купля - продажа земель в европейской России в 1897). ",.,14,.,.,1897
33,Рязанская губерния,1897_62,.,.,1897,.,40265.800000000003,десятины,.,7.03,количество проданой земли,.,.,.,.,.,.,,,,.,.,.,.,.,.,.,,,,.,"Материалы по статистике движения землевладения в России. СПб.,1904. Вып 11(купля - продажа земель в европейской России в 1897). ",.,13,.,.,1897
81,Самарская губерния,1897_64,.,.,1897,.,999948,рубли,.,7.03,стоимость проданой земли,.,.,.,.,.,.,,,,.,.,.,.,.,.,.,,,,.,"Материалы по статистике движения землевладения в России. СПб.,1904. Вып 11(купля - продажа земель в европейской России в 1897). ",.,14,.,.,1897
34,Самарская губерния,1897_64,.,.,1897,.,36089,десятины,.,7.03,количество проданой земли,.,.,.,.,.,.,,,,.,.,.,.,.,.,.,,,,.,"Материалы по статистике движения землевладения в России. СПб.,1904. Вып 11(купля - продажа земель в европейской России в 1897). ",.,13,.,.,1897
128,Самарская губерния,1897_64,.,.,1897,.,27.707833411842945,рубли,.,7.03,рублей за десятину,.,.,.,.,.,.,,,,.,.,.,.,.,.,.,,,,.,"Материалы по статистике движения землевладения в России. СПб.,1904. Вып 11(купля - продажа земель в европейской России в 1897). ",.,14,.,.,1897
129,Санкт-Петербургская губерния,1897_66,.,.,1897,.,79.543339048885457,рубли,.,7.03,рублей за десятину,.,.,.,.,.,.,,,,.,.,.,.,.,.,.,,,,.,"Материалы по статистике движения землевладения в России. СПб.,1904. Вып 11(купля - продажа земель в европейской России в 1897). ",.,14,.,.,1897
35,Санкт-Петербургская губерния,1897_66,.,.,1897,.,68584.800000000003,десятины,.,7.03,количество проданой земли,.,.,.,.,.,.,,,,.,.,.,.,.,.,.,,,,.,"Материалы по статистике движения землевладения в России. СПб.,1904. Вып 11(купля - продажа земель в европейской России в 1897). ",.,13,.,.,1897
82,Санкт-Петербургская губерния,1897_66,.,.,1897,.,5455464,рубли,.,7.03,стоимость проданой земли,.,.,.,.,.,.,,,,.,.,.,.,.,.,.,,,,.,"Материалы по статистике движения землевладения в России. СПб.,1904. Вып 11(купля - продажа земель в европейской России в 1897). ",.,14,.,.,1897
130,Саратовская губерния,1897_67,.,.,1897,.,58.406002966343976,рубли,.,7.03,рублей за десятину,.,.,.,.,.,.,,,,.,.,.,.,.,.,.,,,,.,"Материалы по статистике движения землевладения в России. СПб.,1904. Вып 11(купля - продажа земель в европейской России в 1897). ",.,14,.,.,1897
36,Саратовская губерния,1897_67,.,.,1897,.,161073.70000000001,десятины,.,7.03,количество проданой земли,.,.,.,.,.,.,,,,.,.,.,.,.,.,.,,,,.,"Материалы по статистике движения землевладения в России. СПб.,1904. Вып 11(купля - продажа земель в европейской России в 1897). ",.,13,.,.,1897
83,Саратовская губерния,1897_67,.,.,1897,.,9407671,рубли,.,7.03,стоимость проданой земли,.,.,.,.,.,.,,,,.,.,.,.,.,.,.,,,,.,"Материалы по статистике движения землевладения в России. СПб.,1904. Вып 11(купля - продажа земель в европейской России в 1897). ",.,14,.,.,1897
131,Симбирская губерния,1897_71,.,.,1897,.,61.369203009828006,рубли,.,7.03,рублей за десятину,.,.,.,.,.,.,,,,.,.,.,.,.,.,.,,,,.,"Материалы по статистике движения землевладения в России. СПб.,1904. Вып 11(купля - продажа земель в европейской России в 1897). ",.,14,.,.,1897
37,Симбирская губерния,1897_71,.,.,1897,.,46886.400000000001,десятины,.,7.03,количество проданой земли,.,.,.,.,.,.,,,,.,.,.,.,.,.,.,,,,.,"Материалы по статистике движения землевладения в России. СПб.,1904. Вып 11(купля - продажа земель в европейской России в 1897). ",.,13,.,.,1897
84,Симбирская губерния,1897_71,.,.,1897,.,2877381,рубли,.,7.03,стоимость проданой земли,.,.,.,.,.,.,,,,.,.,.,.,.,.,.,,,,.,"Материалы по статистике движения землевладения в России. СПб.,1904. Вып 11(купля - продажа земель в европейской России в 1897). ",.,14,.,.,1897
85,Смоленская губерния,1897_72,.,.,1897,.,2516303,рубли,.,7.03,стоимость проданой земли,.,.,.,.,.,.,,,,.,.,.,.,.,.,.,,,,.,"Материалы по статистике движения землевладения в России. СПб.,1904. Вып 11(купля - продажа земель в европейской России в 1897). ",.,14,.,.,1897
38,Смоленская губерния,1897_72,.,.,1897,.,66091,десятины,.,7.03,количество проданой земли,.,.,.,.,.,.,,,,.,.,.,.,.,.,.,,,,.,"Материалы по статистике движения землевладения в России. СПб.,1904. Вып 11(купля - продажа земель в европейской России в 1897). ",.,13,.,.,1897
132,Смоленская губерния,1897_72,.,.,1897,.,38.073308014706996,рубли,.,7.03,рублей за десятину,.,.,.,.,.,.,,,,.,.,.,.,.,.,.,,,,.,"Материалы по статистике движения землевладения в России. СПб.,1904. Вып 11(купля - продажа земель в европейской России в 1897). ",.,14,.,.,1897
133,Таврическая губерния,1897_77,.,.,1897,.,73.499967007335854,рубли,.,7.03,рублей за десятину,.,.,.,.,.,.,,,,.,.,.,.,.,.,.,,,,.,"Материалы по статистике движения землевладения в России. СПб.,1904. Вып 11(купля - продажа земель в европейской России в 1897). ",.,14,.,.,1897
39,Таврическая губерния,1897_77,.,.,1897,.,104568.7,десятины,.,7.03,количество проданой земли,.,.,.,.,.,.,,,,.,.,.,.,.,.,.,,,,.,"Материалы по статистике движения землевладения в России. СПб.,1904. Вып 11(купля - продажа земель в европейской России в 1897). ",.,13,.,.,1897
86,Таврическая губерния,1897_77,.,.,1897,.,7685796,рубли,.,7.03,стоимость проданой земли,.,.,.,.,.,.,,,,.,.,.,.,.,.,.,,,,.,"Материалы по статистике движения землевладения в России. СПб.,1904. Вып 11(купля - продажа земель в европейской России в 1897). ",.,14,.,.,1897
40,Тамбовская губерния,1897_78,.,.,1897,.,92591.9,десятины,.,7.03,количество проданой земли,.,.,.,.,.,.,,,,.,.,.,.,.,.,.,,,,.,"Материалы по статистике движения землевладения в России. СПб.,1904. Вып 11(купля - продажа земель в европейской России в 1897). ",.,13,.,.,1897
87,Тамбовская губерния,1897_78,.,.,1897,.,4206752,рубли,.,7.03,стоимость проданой земли,.,.,.,.,.,.,,,,.,.,.,.,.,.,.,,,,.,"Материалы по статистике движения землевладения в России. СПб.,1904. Вып 11(купля - продажа земель в европейской России в 1897). ",.,14,.,.,1897
134,Тамбовская губерния,1897_78,.,.,1897,.,45.433261440795583,рубли,.,7.03,рублей за десятину,.,.,.,.,.,.,,,,.,.,.,.,.,.,.,,,,.,"Материалы по статистике движения землевладения в России. СПб.,1904. Вып 11(купля - продажа земель в европейской России в 1897). ",.,14,.,.,1897
88,Тверская губерния,1897_79,.,.,1897,.,1975082,рубли,.,7.03,стоимость проданой земли,.,.,.,.,.,.,,,,.,.,.,.,.,.,.,,,,.,"Материалы по статистике движения землевладения в России. СПб.,1904. Вып 11(купля - продажа земель в европейской России в 1897). ",.,14,.,.,1897
41,Тверская губерния,1897_79,.,.,1897,.,63182.8,десятины,.,7.03,количество проданой земли,.,.,.,.,.,.,,,,.,.,.,.,.,.,.,,,,.,"Материалы по статистике движения землевладения в России. СПб.,1904. Вып 11(купля - продажа земель в европейской России в 1897). ",.,13,.,.,1897
135,Тверская губерния,1897_79,.,.,1897,.,31.259804883607561,рубли,.,7.03,рублей за десятину,.,.,.,.,.,.,,,,.,.,.,.,.,.,.,,,,.,"Материалы по статистике движения землевладения в России. СПб.,1904. Вып 11(купля - продажа земель в европейской России в 1897). ",.,14,.,.,1897
42,Тульская губерния,1897_84,.,.,1897,.,27942.7,десятины,.,7.03,количество проданой земли,.,.,.,.,.,.,,,,.,.,.,.,.,.,.,,,,.,"Материалы по статистике движения землевладения в России. СПб.,1904. Вып 11(купля - продажа земель в европейской России в 1897). ",.,13,.,.,1897
89,Тульская губерния,1897_84,.,.,1897,.,2790481,рубли,.,7.03,стоимость проданой земли,.,.,.,.,.,.,,,,.,.,.,.,.,.,.,,,,.,"Материалы по статистике движения землевладения в России. СПб.,1904. Вып 11(купля - продажа земель в европейской России в 1897). ",.,14,.,.,1897
136,Тульская губерния,1897_84,.,.,1897,.,99.864401077920164,рубли,.,7.03,рублей за десятину,.,.,.,.,.,.,,,,.,.,.,.,.,.,.,,,,.,"Материалы по статистике движения землевладения в России. СПб.,1904. Вып 11(купля - продажа земель в европейской России в 1897). ",.,14,.,.,1897
90,Уфимская губерния,1897_88,.,.,1897,.,1416159,рубли,.,7.03,стоимость проданой земли,.,.,.,.,.,.,,,,.,.,.,.,.,.,.,,,,.,"Материалы по статистике движения землевладения в России. СПб.,1904. Вып 11(купля - продажа земель в европейской России в 1897). ",.,14,.,.,1897
43,Уфимская губерния,1897_88,.,.,1897,.,76514.600000000006,десятины,.,7.03,количество проданой земли,.,.,.,.,.,.,,,,.,.,.,.,.,.,.,,,,.,"Материалы по статистике движения землевладения в России. СПб.,1904. Вып 11(купля - продажа земель в европейской России в 1897). ",.,13,.,.,1897
137,Уфимская губерния,1897_88,.,.,1897,.,18.50835004038445,рубли,.,7.03,рублей за десятину,.,.,.,.,.,.,,,,.,.,.,.,.,.,.,,,,.,"Материалы по статистике движения землевладения в России. СПб.,1904. Вып 11(купля - продажа земель в европейской России в 1897). ",.,14,.,.,1897
138,Харьковская губерния,1897_90,.,.,1897,.,95.443049963161002,рубли,.,7.03,рублей за десятину,.,.,.,.,.,.,,,,.,.,.,.,.,.,.,,,,.,"Материалы по статистике движения землевладения в России. СПб.,1904. Вып 11(купля - продажа земель в европейской России в 1897). ",.,14,.,.,1897
44,Харьковская губерния,1897_90,.,.,1897,.,71798.899999999994,десятины,.,7.03,количество проданой земли,.,.,.,.,.,.,,,,.,.,.,.,.,.,.,,,,.,"Материалы по статистике движения землевладения в России. СПб.,1904. Вып 11(купля - продажа земель в европейской России в 1897). ",.,13,.,.,1897
91,Харьковская губерния,1897_90,.,.,1897,.,6852706,рубли,.,7.03,стоимость проданой земли,.,.,.,.,.,.,,,,.,.,.,.,.,.,.,,,,.,"Материалы по статистике движения землевладения в России. СПб.,1904. Вып 11(купля - продажа земель в европейской России в 1897). ",.,14,.,.,1897
45,Херсонская губерния,1897_91,.,.,1897,.,122954.4,десятины,.,7.03,количество проданой земли,.,.,.,.,.,.,,,,.,.,.,.,.,.,.,,,,.,"Материалы по статистике движения землевладения в России. СПб.,1904. Вып 11(купля - продажа земель в европейской России в 1897). ",.,13,.,.,1897
92,Херсонская губерния,1897_91,.,.,1897,.,13836893,рубли,.,7.03,стоимость проданой земли,.,.,.,.,.,.,,,,.,.,.,.,.,.,.,,,,.,"Материалы по статистике движения землевладения в России. СПб.,1904. Вып 11(купля - продажа земель в европейской России в 1897). ",.,14,.,.,1897
139,Херсонская губерния,1897_91,.,.,1897,.,112.53678599545849,рубли,.,7.03,рублей за десятину,.,.,.,.,.,.,,,,.,.,.,.,.,.,.,,,,.,"Материалы по статистике движения землевладения в России. СПб.,1904. Вып 11(купля - продажа земель в европейской России в 1897). ",.,14,.,.,1897
46,Черниговская губерния,1897_92,.,.,1897,.,49593.8,десятины,.,7.03,количество проданой земли,.,.,.,.,.,.,,,,.,.,.,.,.,.,.,,,,.,"Материалы по статистике движения землевладения в России. СПб.,1904. Вып 11(купля - продажа земель в европейской России в 1897). ",.,13,.,.,1897
140,Черниговская губерния,1897_92,.,.,1897,.,104.32374611342546,рубли,.,7.03,рублей за десятину,.,.,.,.,.,.,,,,.,.,.,.,.,.,.,,,,.,"Материалы по статистике движения землевладения в России. СПб.,1904. Вып 11(купля - продажа земель в европейской России в 1897). ",.,14,.,.,1897
93,Черниговская губерния,1897_92,.,.,1897,.,5173811,рубли,.,7.03,стоимость проданой земли,.,.,.,.,.,.,,,,.,.,.,.,.,.,.,,,,.,"Материалы по статистике движения землевладения в России. СПб.,1904. Вып 11(купля - продажа земель в европейской России в 1897). ",.,14,.,.,1897
47,Ярославская губерния,1897_97,.,.,1897,.,41869,десятины,.,7.03,количество проданой земли,.,.,.,.,.,.,,,,.,.,.,.,.,.,.,,,,.,"Материалы по статистике движения землевладения в России. СПб.,1904. Вып 11(купля - продажа земель в европейской России в 1897). ",.,13,.,.,1897
141,Ярославская губерния,1897_97,.,.,1897,.,40.060116076333323,рубли,.,7.03,рублей за десятину,.,.,.,.,.,.,,,,.,.,.,.,.,.,.,,,,.,"Материалы по статистике движения землевладения в России. СПб.,1904. Вып 11(купля - продажа земель в европейской России в 1897). ",.,14,.,.,1897
94,Ярославская губерния,1897_97,.,.,1897,.,1677277,рубли,.,7.03,стоимость проданой земли,.,.,.,.,.,.,,,,.,.,.,.,.,.,.,,,,.,"Материалы по статистике движения землевладения в России. СПб.,1904. Вып 11(купля - продажа земель в европейской России в 1897). ",.,14,.,.,1897
