ID,TERRITORY,TER_CODE,TOWN,DISTRICT,YEAR,MONTH,VALUE,VALUE_UNIT,VALUE_LABEL,DATATYPE,HISTCLASS1,HISTCLASS2,HISTCLASS3,HISTCLASS4,HISTCLASS5,HISTCLASS6,HISTCLASS7,HISTCLASS8,HISTCLASS9,HISTCLASS10,CLASS1,CLASS2,CLASS3,CLASS4,CLASS5,CLASS6,CLASS7,CLASS8,CLASS9,CLASS10,COMMENT_SOURCE,SOURCE,VOLUME,PAGE,NABORSHIK_ID,COMMENT_NABORSHIK,
20,Башкирская АССР,1959_02,.,.,1959,.,41054,число,.,1.08,число браков,.,.,.,.,.,.,,,,число браков,.,.,.,.,.,.,,,,.,"Ф. 1562 оп. 27 д. 814 Годовые сводки общих итогов естественного движения населения по автономным республикам, областям…. (в границах переписи 1959 г. т.1.) крайняя дата дела 1959. Общие итоги естественного движения населения за 1959 г. (в границах переписи 1959 г.) ф. № 1а",.,11,"Павленко О.В., Н. Сидоренко",.,1959
32,Бурятская АССР,1959_03,.,.,1959,.,7745,число,.,1.08,число браков,.,.,.,.,.,.,,,,число браков,.,.,.,.,.,.,,,,.,"Ф. 1562 оп. 27 д. 814 Годовые сводки общих итогов естественного движения населения по автономным республикам, областям…. (в границах переписи 1959 г. т.1.) крайняя дата дела 1959. Общие итоги естественного движения населения за 1959 г. (в границах переписи 1959 г.) ф. № 1а",.,11,"Павленко О.В., Н. Сидоренко",.,1959
56,Дагестанская АССР,1959_05,.,.,1959,.,14409,число,.,1.08,число браков,.,.,.,.,.,.,,,,число браков,.,.,.,.,.,.,,,,.,"Ф. 1562 оп. 27 д. 814 Годовые сводки общих итогов естественного движения населения по автономным республикам, областям…. (в границах переписи 1959 г. т.1.) крайняя дата дела 1959. Общие итоги естественного движения населения за 1959 г. (в границах переписи 1959 г.) ф. № 1а",.,11,"Павленко О.В., Н. Сидоренко",.,1959
268,Чечено-Ингушская АССР,1959_06,.,.,1959,.,10098,число,.,1.08,число браков,.,.,.,.,.,.,,,,число браков,.,.,.,.,.,.,,,,.,"Ф. 1562 оп. 27 д. 814 Годовые сводки общих итогов естественного движения населения по автономным республикам, областям…. (в границах переписи 1959 г. т.1.) крайняя дата дела 1959. Общие итоги естественного движения населения за 1959 г. (в границах переписи 1959 г.) ф. № 1а",.,13,"Павленко О.В., Н. Сидоренко",.,1959
68,Кабардино-Балкарская АССР,1959_07,.,.,1959,.,6078,число,.,1.08,число браков,.,.,.,.,.,.,,,,число браков,.,.,.,.,.,.,,,,.,"Ф. 1562 оп. 27 д. 814 Годовые сводки общих итогов естественного движения населения по автономным республикам, областям…. (в границах переписи 1959 г. т.1.) крайняя дата дела 1959. Общие итоги естественного движения населения за 1959 г. (в границах переписи 1959 г.) ф. № 1а",.,11,"Павленко О.В., Н. Сидоренко",.,1959
80,Калмыцкая АССР,1959_08,.,.,1959,.,2296,число,.,1.08,число браков,.,.,.,.,.,.,,,,число браков,.,.,.,.,.,.,,,,.,"Ф. 1562 оп. 27 д. 814 Годовые сводки общих итогов естественного движения населения по автономным республикам, областям…. (в границах переписи 1959 г. т.1.) крайняя дата дела 1959. Общие итоги естественного движения населения за 1959 г. (в границах переписи 1959 г.) ф. № 1а",.,11,"Павленко О.В., Н. Сидоренко",.,1959
92,Карельская АССР,1959_10,.,.,1959,.,9261,число,.,1.08,число браков,.,.,.,.,.,.,,,,число браков,.,.,.,.,.,.,,,,.,"Ф. 1562 оп. 27 д. 814 Годовые сводки общих итогов естественного движения населения по автономным республикам, областям…. (в границах переписи 1959 г. т.1.) крайняя дата дела 1959. Общие итоги естественного движения населения за 1959 г. (в границах переписи 1959 г.) ф. № 1а",.,12,"Павленко О.В., Н. Сидоренко",.,1959
104,Коми АССР,1959_11,.,.,1959,.,11277,число,.,1.08,число браков,.,.,.,.,.,.,,,,число браков,.,.,.,.,.,.,,,,.,"Ф. 1562 оп. 27 д. 814 Годовые сводки общих итогов естественного движения населения по автономным республикам, областям…. (в границах переписи 1959 г. т.1.) крайняя дата дела 1959. Общие итоги естественного движения населения за 1959 г. (в границах переписи 1959 г.) ф. № 1а",.,12,"Павленко О.В., Н. Сидоренко",.,1959
144,Марийская АССР,1959_12,.,.,1959,.,7045,число,.,1.08,число браков,.,.,.,.,.,.,,,,число браков,.,.,.,.,.,.,,,,.,"Ф. 1562 оп. 27 д. 814 Годовые сводки общих итогов естественного движения населения по автономным республикам, областям…. (в границах переписи 1959 г. т.1.) крайняя дата дела 1959. Общие итоги естественного движения населения за 1959 г. (в границах переписи 1959 г.) ф. № 1а",.,12,"Павленко О.В., Н. Сидоренко",.,1959
148,Мордовская АССР,1959_13,.,.,1959,.,9944,число,.,1.08,число браков,.,.,.,.,.,.,,,,число браков,.,.,.,.,.,.,,,,.,"Ф. 1562 оп. 27 д. 814 Годовые сводки общих итогов естественного движения населения по автономным республикам, областям…. (в границах переписи 1959 г. т.1.) крайняя дата дела 1959. Общие итоги естественного движения населения за 1959 г. (в границах переписи 1959 г.) ф. № 1а",.,12,"Павленко О.В., Н. Сидоренко",.,1959
280,Якутская АССР,1959_14,.,.,1959,.,5351,число,.,1.08,число браков,.,.,.,.,.,.,,,,число браков,.,.,.,.,.,.,,,,.,"Ф. 1562 оп. 27 д. 814 Годовые сводки общих итогов естественного движения населения по автономным республикам, областям…. (в границах переписи 1959 г. т.1.) крайняя дата дела 1959. Общие итоги естественного движения населения за 1959 г. (в границах переписи 1959 г.) ф. № 1а",.,13,"Павленко О.В., Н. Сидоренко",.,1959
216,Северо-Осетинская АССР,1959_15,.,.,1959,.,5363,число,.,1.08,число браков,.,.,.,.,.,.,,,,число браков,.,.,.,.,.,.,,,,.,"Ф. 1562 оп. 27 д. 814 Годовые сводки общих итогов естественного движения населения по автономным республикам, областям…. (в границах переписи 1959 г. т.1.) крайняя дата дела 1959. Общие итоги естественного движения населения за 1959 г. (в границах переписи 1959 г.) ф. № 1а",.,12,"Павленко О.В., Н. Сидоренко",.,1959
232,Татарская АССР,1959_16,.,.,1959,.,32808,число,.,1.08,число браков,.,.,.,.,.,.,,,,число браков,.,.,.,.,.,.,,,,.,"Ф. 1562 оп. 27 д. 814 Годовые сводки общих итогов естественного движения населения по автономным республикам, областям…. (в границах переписи 1959 г. т.1.) крайняя дата дела 1959. Общие итоги естественного движения населения за 1959 г. (в границах переписи 1959 г.) ф. № 1а",.,12,"Павленко О.В., Н. Сидоренко",.,1959
240,Тувинская автономная область,1959_17,.,.,1959,.,1780,число,.,1.08,число браков,.,.,.,.,.,.,,,,число браков,.,.,.,.,.,.,,,,.,"Ф. 1562 оп. 27 д. 814 Годовые сводки общих итогов естественного движения населения по автономным республикам, областям…. (в границах переписи 1959 г. т.1.) крайняя дата дела 1959. Общие итоги естественного движения населения за 1959 г. (в границах переписи 1959 г.) ф. № 1а",.,9,"Павленко О.В., Н. Сидоренко",.,1959
252,Удмуртская АССР,1959_18,.,.,1959,.,16253,число,.,1.08,число браков,.,.,.,.,.,.,,,,число браков,.,.,.,.,.,.,,,,.,"Ф. 1562 оп. 27 д. 814 Годовые сводки общих итогов естественного движения населения по автономным республикам, областям…. (в границах переписи 1959 г. т.1.) крайняя дата дела 1959. Общие итоги естественного движения населения за 1959 г. (в границах переписи 1959 г.) ф. № 1а",.,13,"Павленко О.В., Н. Сидоренко",.,1959
276,Чувашская АССР,1959_21,.,.,1959,.,11404,число,.,1.08,число браков,.,.,.,.,.,.,,,,число браков,.,.,.,.,.,.,,,,.,"Ф. 1562 оп. 27 д. 814 Годовые сводки общих итогов естественного движения населения по автономным республикам, областям…. (в границах переписи 1959 г. т.1.) крайняя дата дела 1959. Общие итоги естественного движения населения за 1959 г. (в границах переписи 1959 г.) ф. № 1а",.,13,"Павленко О.В., Н. Сидоренко",.,1959
4,Алтайский край вкл. Горно-Алтайскую АО,1959_22,.,.,1959,.,32544,число,.,1.08,число браков,.,.,.,.,.,.,,,,число браков,.,.,.,.,.,.,,,,.,"Ф. 1562 оп. 27 д. 814 Годовые сводки общих итогов естественного движения населения по автономным республикам, областям…. (в границах переписи 1959 г. т.1.) крайняя дата дела 1959. Общие итоги естественного движения населения за 1959 г. (в границах переписи 1959 г.) ф. № 1а",.,1,"Павленко О.В., Н. Сидоренко",.,1959
112,Краснодарский край вкл. Адыгейскую АО,1959_23,.,.,1959,.,49980,число,.,1.08,число браков,.,.,.,.,.,.,,,,число браков,.,.,.,.,.,.,,,,.,"Ф. 1562 оп. 27 д. 814 Годовые сводки общих итогов естественного движения населения по автономным республикам, областям…. (в границах переписи 1959 г. т.1.) крайняя дата дела 1959. Общие итоги естественного движения населения за 1959 г. (в границах переписи 1959 г.) ф. № 1а",.,1,"Павленко О.В., Н. Сидоренко",.,1959
116,Красноярский край вкл. Хакасскую АО,1959_24,.,.,1959,.,35039,число,.,1.08,число браков,.,.,.,.,.,.,,,,число браков,.,.,.,.,.,.,,,,.,"Ф. 1562 оп. 27 д. 814 Годовые сводки общих итогов естественного движения населения по автономным республикам, областям…. (в границах переписи 1959 г. т.1.) крайняя дата дела 1959. Общие итоги естественного движения населения за 1959 г. (в границах переписи 1959 г.) ф. № 1а",.,1,"Павленко О.В., Н. Сидоренко",.,1959
188,Приморский край,1959_25,.,.,1959,.,20214,число,.,1.08,число браков,.,.,.,.,.,.,,,,число браков,.,.,.,.,.,.,,,,.,"Ф. 1562 оп. 27 д. 814 Годовые сводки общих итогов естественного движения населения по автономным республикам, областям…. (в границах переписи 1959 г. т.1.) крайняя дата дела 1959. Общие итоги естественного движения населения за 1959 г. (в границах переписи 1959 г.) ф. № 1а",.,1,"Павленко О.В., Н. Сидоренко",.,1959
224,Ставропольский край вкл. Карачаево-Черкесской АО,1959_26,.,.,1959,.,25403,число,.,1.08,число браков,.,.,.,.,.,.,,,,число браков,.,.,.,.,.,.,,,,.,"Ф. 1562 оп. 27 д. 814 Годовые сводки общих итогов естественного движения населения по автономным республикам, областям…. (в границах переписи 1959 г. т.1.) крайняя дата дела 1959. Общие итоги естественного движения населения за 1959 г. (в границах переписи 1959 г.) ф. № 1а",.,2,"Павленко О.В., Н. Сидоренко",.,1959
260,Хабаровский край вкл. Еврейскую АО,1959_27,.,.,1959,.,16106,число,.,1.08,число браков,.,.,.,.,.,.,,,,число браков,.,.,.,.,.,.,,,,.,"Ф. 1562 оп. 27 д. 814 Годовые сводки общих итогов естественного движения населения по автономным республикам, областям…. (в границах переписи 1959 г. т.1.) крайняя дата дела 1959. Общие итоги естественного движения населения за 1959 г. (в границах переписи 1959 г.) ф. № 1а",.,2,"Павленко О.В., Н. Сидоренко",.,1959
8,Амурская область,1959_28,.,.,1959,.,9293,число,.,1.08,число браков,.,.,.,.,.,.,,,,число браков,.,.,.,.,.,.,,,,.,"Ф. 1562 оп. 27 д. 814 Годовые сводки общих итогов естественного движения населения по автономным республикам, областям…. (в границах переписи 1959 г. т.1.) крайняя дата дела 1959. Общие итоги естественного движения населения за 1959 г. (в границах переписи 1959 г.) ф. № 1а",.,2,"Павленко О.В., Н. Сидоренко",.,1959
12,Архангельская область,1959_29,.,.,1959,.,14753,число,.,1.08,число браков,.,.,.,.,.,.,,,,число браков,.,.,.,.,.,.,,,,.,"Ф. 1562 оп. 27 д. 814 Годовые сводки общих итогов естественного движения населения по автономным республикам, областям…. (в границах переписи 1959 г. т.1.) крайняя дата дела 1959. Общие итоги естественного движения населения за 1959 г. (в границах переписи 1959 г.) ф. № 1а",.,2,"Павленко О.В., Н. Сидоренко",.,1959
16,Астраханская область,1959_30,.,.,1959,.,8641,число,.,1.08,число браков,.,.,.,.,.,.,,,,число браков,.,.,.,.,.,.,,,,.,"Ф. 1562 оп. 27 д. 814 Годовые сводки общих итогов естественного движения населения по автономным республикам, областям…. (в границах переписи 1959 г. т.1.) крайняя дата дела 1959. Общие итоги естественного движения населения за 1959 г. (в границах переписи 1959 г.) ф. № 1а",.,3,"Павленко О.В., Н. Сидоренко",.,1959
24,Белгородская область,1959_31,.,.,1959,.,13581,число,.,1.08,число браков,.,.,.,.,.,.,,,,число браков,.,.,.,.,.,.,,,,.,"Ф. 1562 оп. 27 д. 814 Годовые сводки общих итогов естественного движения населения по автономным республикам, областям…. (в границах переписи 1959 г. т.1.) крайняя дата дела 1959. Общие итоги естественного движения населения за 1959 г. (в границах переписи 1959 г.) ф. № 1а",.,3,"Павленко О.В., Н. Сидоренко",.,1959
28,Брянская область,1959_32,.,.,1959,.,16934,число,.,1.08,число браков,.,.,.,.,.,.,,,,число браков,.,.,.,.,.,.,,,,.,"Ф. 1562 оп. 27 д. 814 Годовые сводки общих итогов естественного движения населения по автономным республикам, областям…. (в границах переписи 1959 г. т.1.) крайняя дата дела 1959. Общие итоги естественного движения населения за 1959 г. (в границах переписи 1959 г.) ф. № 1а",.,3,"Павленко О.В., Н. Сидоренко",.,1959
36,Владимирская область,1959_33,.,.,1959,.,16369,число,.,1.08,число браков,.,.,.,.,.,.,,,,число браков,.,.,.,.,.,.,,,,.,"Ф. 1562 оп. 27 д. 814 Годовые сводки общих итогов естественного движения населения по автономным республикам, областям…. (в границах переписи 1959 г. т.1.) крайняя дата дела 1959. Общие итоги естественного движения населения за 1959 г. (в границах переписи 1959 г.) ф. № 1а",.,3,"Павленко О.В., Н. Сидоренко",.,1959
40,Сталинградская область,1959_34,.,.,1959,.,67677,число,.,1.08,число браков,.,.,.,.,.,.,,,,число браков,.,.,.,.,.,.,,,,.,"Ф. 1562 оп. 27 д. 814 Годовые сводки общих итогов естественного движения населения по автономным республикам, областям…. (в границах переписи 1959 г. т.1.) крайняя дата дела 1959. Общие итоги естественного движения населения за 1959 г. (в границах переписи 1959 г.) ф. № 1а",.,15,"Павленко О.В., Н. Сидоренко",.,1959
44,Вологодская область,1959_35,.,.,1959,.,13743,число,.,1.08,число браков,.,.,.,.,.,.,,,,число браков,.,.,.,.,.,.,,,,.,"Ф. 1562 оп. 27 д. 814 Годовые сводки общих итогов естественного движения населения по автономным республикам, областям…. (в границах переписи 1959 г. т.1.) крайняя дата дела 1959. Общие итоги естественного движения населения за 1959 г. (в границах переписи 1959 г.) ф. № 1а",.,3,"Павленко О.В., Н. Сидоренко",.,1959
48,Воронежская область,1959_36,.,.,1959,.,27073,число,.,1.08,число браков,.,.,.,.,.,.,,,,число браков,.,.,.,.,.,.,,,,.,"Ф. 1562 оп. 27 д. 814 Годовые сводки общих итогов естественного движения населения по автономным республикам, областям…. (в границах переписи 1959 г. т.1.) крайняя дата дела 1959. Общие итоги естественного движения населения за 1959 г. (в границах переписи 1959 г.) ф. № 1а",.,3,"Павленко О.В., Н. Сидоренко",.,1959
60,Ивановская область,1959_37,.,.,1959,.,15180,число,.,1.08,число браков,.,.,.,.,.,.,,,,число браков,.,.,.,.,.,.,,,,.,"Ф. 1562 оп. 27 д. 814 Годовые сводки общих итогов естественного движения населения по автономным республикам, областям…. (в границах переписи 1959 г. т.1.) крайняя дата дела 1959. Общие итоги естественного движения населения за 1959 г. (в границах переписи 1959 г.) ф. № 1а",.,4,"Павленко О.В., Н. Сидоренко",.,1959
64,Иркутская область,1959_38,.,.,1959,.,26019,число,.,1.08,число браков,.,.,.,.,.,.,,,,число браков,.,.,.,.,.,.,,,,.,"Ф. 1562 оп. 27 д. 814 Годовые сводки общих итогов естественного движения населения по автономным республикам, областям…. (в границах переписи 1959 г. т.1.) крайняя дата дела 1959. Общие итоги естественного движения населения за 1959 г. (в границах переписи 1959 г.) ф. № 1а",.,4,"Павленко О.В., Н. Сидоренко",.,1959
72,Калининградская область,1959_39,.,.,1959,.,8787,число,.,1.08,число браков,.,.,.,.,.,.,,,,число браков,.,.,.,.,.,.,,,,.,"Ф. 1562 оп. 27 д. 814 Годовые сводки общих итогов естественного движения населения по автономным республикам, областям…. (в границах переписи 1959 г. т.1.) крайняя дата дела 1959. Общие итоги естественного движения населения за 1959 г. (в границах переписи 1959 г.) ф. № 1а",.,4,"Павленко О.В., Н. Сидоренко",.,1959
84,Калужская область,1959_40,.,.,1959,.,10547,число,.,1.08,число браков,.,.,.,.,.,.,,,,число браков,.,.,.,.,.,.,,,,.,"Ф. 1562 оп. 27 д. 814 Годовые сводки общих итогов естественного движения населения по автономным республикам, областям…. (в границах переписи 1959 г. т.1.) крайняя дата дела 1959. Общие итоги естественного движения населения за 1959 г. (в границах переписи 1959 г.) ф. № 1а",.,.,"Павленко О.В., Н. Сидоренко",.,1959
88,Камчатская область,1959_41,.,.,1959,.,4100,число,.,1.08,число браков,.,.,.,.,.,.,,,,число браков,.,.,.,.,.,.,,,,.,"Ф. 1562 оп. 27 д. 814 Годовые сводки общих итогов естественного движения населения по автономным республикам, областям…. (в границах переписи 1959 г. т.1.) крайняя дата дела 1959. Общие итоги естественного движения населения за 1959 г. (в границах переписи 1959 г.) ф. № 1а",.,4,"Павленко О.В., Н. Сидоренко",.,1959
96,Кемеровская область,1959_42,.,.,1959,.,37191,число,.,1.08,число браков,.,.,.,.,.,.,,,,число браков,.,.,.,.,.,.,,,,.,"Ф. 1562 оп. 27 д. 814 Годовые сводки общих итогов естественного движения населения по автономным республикам, областям…. (в границах переписи 1959 г. т.1.) крайняя дата дела 1959. Общие итоги естественного движения населения за 1959 г. (в границах переписи 1959 г.) ф. № 1а",.,5,"Павленко О.В., Н. Сидоренко",.,1959
100,Кировская область,1959_43,.,.,1959,.,20727,число,.,1.08,число браков,.,.,.,.,.,.,,,,число браков,.,.,.,.,.,.,,,,.,"Ф. 1562 оп. 27 д. 814 Годовые сводки общих итогов естественного движения населения по автономным республикам, областям…. (в границах переписи 1959 г. т.1.) крайняя дата дела 1959. Общие итоги естественного движения населения за 1959 г. (в границах переписи 1959 г.) ф. № 1а",.,5,"Павленко О.В., Н. Сидоренко",.,1959
108,Костромская область,1959_44,.,.,1959,.,10586,число,.,1.08,число браков,.,.,.,.,.,.,,,,число браков,.,.,.,.,.,.,,,,.,"Ф. 1562 оп. 27 д. 814 Годовые сводки общих итогов естественного движения населения по автономным республикам, областям…. (в границах переписи 1959 г. т.1.) крайняя дата дела 1959. Общие итоги естественного движения населения за 1959 г. (в границах переписи 1959 г.) ф. № 1а",.,5,"Павленко О.В., Н. Сидоренко",.,1959
124,Курганская область,1959_45,.,.,1959,.,10827,число,.,1.08,число браков,.,.,.,.,.,.,,,,число браков,.,.,.,.,.,.,,,,.,"Ф. 1562 оп. 27 д. 814 Годовые сводки общих итогов естественного движения населения по автономным республикам, областям…. (в границах переписи 1959 г. т.1.) крайняя дата дела 1959. Общие итоги естественного движения населения за 1959 г. (в границах переписи 1959 г.) ф. № 1а",.,5,"Павленко О.В., Н. Сидоренко",.,1959
128,Курская область,1959_46,.,.,1959,.,16868,число,.,1.08,число браков,.,.,.,.,.,.,,,,число браков,.,.,.,.,.,.,,,,.,"Ф. 1562 оп. 27 д. 814 Годовые сводки общих итогов естественного движения населения по автономным республикам, областям…. (в границах переписи 1959 г. т.1.) крайняя дата дела 1959. Общие итоги естественного движения населения за 1959 г. (в границах переписи 1959 г.) ф. № 1а",.,5,"Павленко О.В., Н. Сидоренко",.,1959
132,Ленинградская область,1959_47,.,.,1959,.,14822,число,.,1.08,число браков,.,.,.,.,.,.,,,,число браков,.,.,.,.,.,.,,,,.,"Ф. 1562 оп. 27 д. 814 Годовые сводки общих итогов естественного движения населения по автономным республикам, областям…. (в границах переписи 1959 г. т.1.) крайняя дата дела 1959. Общие итоги естественного движения населения за 1959 г. (в границах переписи 1959 г.) ф. № 1а",.,6,"Павленко О.В., Н. Сидоренко",.,1959
136,Липецкая область,1959_48,.,.,1959,.,13489,число,.,1.08,число браков,.,.,.,.,.,.,,,,число браков,.,.,.,.,.,.,,,,.,"Ф. 1562 оп. 27 д. 814 Годовые сводки общих итогов естественного движения населения по автономным республикам, областям…. (в границах переписи 1959 г. т.1.) крайняя дата дела 1959. Общие итоги естественного движения населения за 1959 г. (в границах переписи 1959 г.) ф. № 1а",.,6,"Павленко О.В., Н. Сидоренко",.,1959
140,Магаданская область вкл. Чукотский НО,1959_49,.,.,1959,.,3915,число,.,1.08,число браков,.,.,.,.,.,.,,,,число браков,.,.,.,.,.,.,,,,.,"Ф. 1562 оп. 27 д. 814 Годовые сводки общих итогов естественного движения населения по автономным республикам, областям…. (в границах переписи 1959 г. т.1.) крайняя дата дела 1959. Общие итоги естественного движения населения за 1959 г. (в границах переписи 1959 г.) ф. № 1а",.,6,"Павленко О.В., Н. Сидоренко",.,1959
152,Московская область,1959_50,.,.,1959,.,136871,число,.,1.08,число браков,.,.,.,.,.,.,,,,число браков,.,.,.,.,.,.,,,,.,"Ф. 1562 оп. 27 д. 814 Годовые сводки общих итогов естественного движения населения по автономным республикам, областям…. (в границах переписи 1959 г. т.1.) крайняя дата дела 1959. Общие итоги естественного движения населения за 1959 г. (в границах переписи 1959 г.) ф. № 1а",.,12,"Павленко О.В., Н. Сидоренко",.,1959
156,Мурманская область,1959_51,.,.,1959,.,8388,число,.,1.08,число браков,.,.,.,.,.,.,,,,число браков,.,.,.,.,.,.,,,,.,"Ф. 1562 оп. 27 д. 814 Годовые сводки общих итогов естественного движения населения по автономным республикам, областям…. (в границах переписи 1959 г. т.1.) крайняя дата дела 1959. Общие итоги естественного движения населения за 1959 г. (в границах переписи 1959 г.) ф. № 1а",.,6,"Павленко О.В., Н. Сидоренко",.,1959
52,Горьковская область,1959_52,.,.,1959,.,42400,число,.,1.08,число браков,.,.,.,.,.,.,,,,число браков,.,.,.,.,.,.,,,,.,"Ф. 1562 оп. 27 д. 814 Годовые сводки общих итогов естественного движения населения по автономным республикам, областям…. (в границах переписи 1959 г. т.1.) крайняя дата дела 1959. Общие итоги естественного движения населения за 1959 г. (в границах переписи 1959 г.) ф. № 1а",.,4,"Павленко О.В., Н. Сидоренко",.,1959
160,Новгородская область,1959_53,.,.,1959,.,8524,число,.,1.08,число браков,.,.,.,.,.,.,,,,число браков,.,.,.,.,.,.,,,,.,"Ф. 1562 оп. 27 д. 814 Годовые сводки общих итогов естественного движения населения по автономным республикам, областям…. (в границах переписи 1959 г. т.1.) крайняя дата дела 1959. Общие итоги естественного движения населения за 1959 г. (в границах переписи 1959 г.) ф. № 1а",.,7,"Павленко О.В., Н. Сидоренко",.,1959
164,Новосибирская область,1959_54,.,.,1959,.,29071,число,.,1.08,число браков,.,.,.,.,.,.,,,,число браков,.,.,.,.,.,.,,,,.,"Ф. 1562 оп. 27 д. 814 Годовые сводки общих итогов естественного движения населения по автономным республикам, областям…. (в границах переписи 1959 г. т.1.) крайняя дата дела 1959. Общие итоги естественного движения населения за 1959 г. (в границах переписи 1959 г.) ф. № 1а",.,7,"Павленко О.В., Н. Сидоренко",.,1959
168,Омская область,1959_55,.,.,1959,.,20706,число,.,1.08,число браков,.,.,.,.,.,.,,,,число браков,.,.,.,.,.,.,,,,.,"Ф. 1562 оп. 27 д. 814 Годовые сводки общих итогов естественного движения населения по автономным республикам, областям…. (в границах переписи 1959 г. т.1.) крайняя дата дела 1959. Общие итоги естественного движения населения за 1959 г. (в границах переписи 1959 г.) ф. № 1а",.,7,"Павленко О.В., Н. Сидоренко",.,1959
172,Оренбургская область,1959_56,.,.,1959,.,23063,число,.,1.08,число браков,.,.,.,.,.,.,,,,число браков,.,.,.,.,.,.,,,,.,"Ф. 1562 оп. 27 д. 814 Годовые сводки общих итогов естественного движения населения по автономным республикам, областям…. (в границах переписи 1959 г. т.1.) крайняя дата дела 1959. Общие итоги естественного движения населения за 1959 г. (в границах переписи 1959 г.) ф. № 1а",.,7,"Павленко О.В., Н. Сидоренко",.,1959
176,Орловская область,1959_57,.,.,1959,.,10405,число,.,1.08,число браков,.,.,.,.,.,.,,,,число браков,.,.,.,.,.,.,,,,.,"Ф. 1562 оп. 27 д. 814 Годовые сводки общих итогов естественного движения населения по автономным республикам, областям…. (в границах переписи 1959 г. т.1.) крайняя дата дела 1959. Общие итоги естественного движения населения за 1959 г. (в границах переписи 1959 г.) ф. № 1а",.,7,"Павленко О.В., Н. Сидоренко",.,1959
180,Пензенская область,1959_58,.,.,1959,.,17354,число,.,1.08,число браков,.,.,.,.,.,.,,,,число браков,.,.,.,.,.,.,,,,.,"Ф. 1562 оп. 27 д. 814 Годовые сводки общих итогов естественного движения населения по автономным республикам, областям…. (в границах переписи 1959 г. т.1.) крайняя дата дела 1959. Общие итоги естественного движения населения за 1959 г. (в границах переписи 1959 г.) ф. № 1а",.,7,"Павленко О.В., Н. Сидоренко",.,1959
184,Пермская область,1959_59,.,.,1959,.,33934,число,.,1.08,число браков,.,.,.,.,.,.,,,,число браков,.,.,.,.,.,.,,,,.,"Ф. 1562 оп. 27 д. 814 Годовые сводки общих итогов естественного движения населения по автономным республикам, областям…. (в границах переписи 1959 г. т.1.) крайняя дата дела 1959. Общие итоги естественного движения населения за 1959 г. (в границах переписи 1959 г.) ф. № 1а",.,8,"Павленко О.В., Н. Сидоренко",.,1959
192,Псковская область,1959_60,.,.,1959,.,10380,число,.,1.08,число браков,.,.,.,.,.,.,,,,число браков,.,.,.,.,.,.,,,,.,"Ф. 1562 оп. 27 д. 814 Годовые сводки общих итогов естественного движения населения по автономным республикам, областям…. (в границах переписи 1959 г. т.1.) крайняя дата дела 1959. Общие итоги естественного движения населения за 1959 г. (в границах переписи 1959 г.) ф. № 1а",.,8,"Павленко О.В., Н. Сидоренко",.,1959
196,Ростовская область,1959_61,.,.,1959,.,46949,число,.,1.08,число браков,.,.,.,.,.,.,,,,число браков,.,.,.,.,.,.,,,,.,"Ф. 1562 оп. 27 д. 814 Годовые сводки общих итогов естественного движения населения по автономным республикам, областям…. (в границах переписи 1959 г. т.1.) крайняя дата дела 1959. Общие итоги естественного движения населения за 1959 г. (в границах переписи 1959 г.) ф. № 1а",.,8,"Павленко О.В., Н. Сидоренко",.,1959
200,Рязанская область,1959_62,.,.,1959,.,15746,число,.,1.08,число браков,.,.,.,.,.,.,,,,число браков,.,.,.,.,.,.,,,,.,"Ф. 1562 оп. 27 д. 814 Годовые сводки общих итогов естественного движения населения по автономным республикам, областям…. (в границах переписи 1959 г. т.1.) крайняя дата дела 1959. Общие итоги естественного движения населения за 1959 г. (в границах переписи 1959 г.) ф. № 1а",.,8,"Павленко О.В., Н. Сидоренко",.,1959
120,Куйбышевская область,1959_63,.,.,1959,.,28244,число,.,1.08,число браков,.,.,.,.,.,.,,,,число браков,.,.,.,.,.,.,,,,.,"Ф. 1562 оп. 27 д. 814 Годовые сводки общих итогов естественного движения населения по автономным республикам, областям…. (в границах переписи 1959 г. т.1.) крайняя дата дела 1959. Общие итоги естественного движения населения за 1959 г. (в границах переписи 1959 г.) ф. № 1а",.,5,"Павленко О.В., Н. Сидоренко",.,1959
204,Саратовская область,1959_64,.,.,1959,.,27917,число,.,1.08,число браков,.,.,.,.,.,.,,,,число браков,.,.,.,.,.,.,,,,.,"Ф. 1562 оп. 27 д. 814 Годовые сводки общих итогов естественного движения населения по автономным республикам, областям…. (в границах переписи 1959 г. т.1.) крайняя дата дела 1959. Общие итоги естественного движения населения за 1959 г. (в границах переписи 1959 г.) ф. № 1а",.,8,"Павленко О.В., Н. Сидоренко",.,1959
208,Сахалинская область,1959_65,.,.,1959,.,8694,число,.,1.08,число браков,.,.,.,.,.,.,,,,число браков,.,.,.,.,.,.,,,,.,"Ф. 1562 оп. 27 д. 814 Годовые сводки общих итогов естественного движения населения по автономным республикам, областям…. (в границах переписи 1959 г. т.1.) крайняя дата дела 1959. Общие итоги естественного движения населения за 1959 г. (в границах переписи 1959 г.) ф. № 1а",.,8,"Павленко О.В., Н. Сидоренко",.,1959
212,Свердловская область,1959_66,.,.,1959,.,51714,число,.,1.08,число браков,.,.,.,.,.,.,,,,число браков,.,.,.,.,.,.,,,,.,"Ф. 1562 оп. 27 д. 814 Годовые сводки общих итогов естественного движения населения по автономным республикам, областям…. (в границах переписи 1959 г. т.1.) крайняя дата дела 1959. Общие итоги естественного движения населения за 1959 г. (в границах переписи 1959 г.) ф. № 1а",.,9,"Павленко О.В., Н. Сидоренко",.,1959
220,Смоленская область,1959_67,.,.,1959,.,12157,число,.,1.08,число браков,.,.,.,.,.,.,,,,число браков,.,.,.,.,.,.,,,,.,"Ф. 1562 оп. 27 д. 814 Годовые сводки общих итогов естественного движения населения по автономным республикам, областям…. (в границах переписи 1959 г. т.1.) крайняя дата дела 1959. Общие итоги естественного движения населения за 1959 г. (в границах переписи 1959 г.) ф. № 1а",.,9,"Павленко О.В., Н. Сидоренко",.,1959
228,Тамбовская область,1959_68,.,.,1959,.,16981,число,.,1.08,число браков,.,.,.,.,.,.,,,,число браков,.,.,.,.,.,.,,,,.,"Ф. 1562 оп. 27 д. 814 Годовые сводки общих итогов естественного движения населения по автономным республикам, областям…. (в границах переписи 1959 г. т.1.) крайняя дата дела 1959. Общие итоги естественного движения населения за 1959 г. (в границах переписи 1959 г.) ф. № 1а",.,9,"Павленко О.В., Н. Сидоренко",.,1959
76,Калининская область,1959_69,.,.,1959,.,19990,число,.,1.08,число браков,.,.,.,.,.,.,,,,число браков,.,.,.,.,.,.,,,,.,"Ф. 1562 оп. 27 д. 814 Годовые сводки общих итогов естественного движения населения по автономным республикам, областям…. (в границах переписи 1959 г. т.1.) крайняя дата дела 1959. Общие итоги естественного движения населения за 1959 г. (в границах переписи 1959 г.) ф. № 1а",.,4,"Павленко О.В., Н. Сидоренко",.,1959
236,Томская область,1959_70,.,.,1959,.,9220,число,.,1.08,число браков,.,.,.,.,.,.,,,,число браков,.,.,.,.,.,.,,,,.,"Ф. 1562 оп. 27 д. 814 Годовые сводки общих итогов естественного движения населения по автономным республикам, областям…. (в границах переписи 1959 г. т.1.) крайняя дата дела 1959. Общие итоги естественного движения населения за 1959 г. (в границах переписи 1959 г.) ф. № 1а",.,9,"Павленко О.В., Н. Сидоренко",.,1959
244,Тульская область,1959_71,.,.,1959,.,23038,число,.,1.08,число браков,.,.,.,.,.,.,,,,число браков,.,.,.,.,.,.,,,,.,"Ф. 1562 оп. 27 д. 814 Годовые сводки общих итогов естественного движения населения по автономным республикам, областям…. (в границах переписи 1959 г. т.1.) крайняя дата дела 1959. Общие итоги естественного движения населения за 1959 г. (в границах переписи 1959 г.) ф. № 1а",.,10,"Павленко О.В., Н. Сидоренко",.,1959
248,Тюменская область,1959_72,.,.,1959,.,12209,число,.,1.08,число браков,.,.,.,.,.,.,,,,число браков,.,.,.,.,.,.,,,,.,"Ф. 1562 оп. 27 д. 814 Годовые сводки общих итогов естественного движения населения по автономным республикам, областям…. (в границах переписи 1959 г. т.1.) крайняя дата дела 1959. Общие итоги естественного движения населения за 1959 г. (в границах переписи 1959 г.) ф. № 1а",.,10,"Павленко О.В., Н. Сидоренко",.,1959
256,Ульяновская область,1959_73,.,.,1959,.,12516,число,.,1.08,число браков,.,.,.,.,.,.,,,,число браков,.,.,.,.,.,.,,,,.,"Ф. 1562 оп. 27 д. 814 Годовые сводки общих итогов естественного движения населения по автономным республикам, областям…. (в границах переписи 1959 г. т.1.) крайняя дата дела 1959. Общие итоги естественного движения населения за 1959 г. (в границах переписи 1959 г.) ф. № 1а",.,10,"Павленко О.В., Н. Сидоренко",.,1959
264,Челябинская область,1959_74,.,.,1959,.,39993,число,.,1.08,число браков,.,.,.,.,.,.,,,,число браков,.,.,.,.,.,.,,,,.,"Ф. 1562 оп. 27 д. 814 Годовые сводки общих итогов естественного движения населения по автономным республикам, областям…. (в границах переписи 1959 г. т.1.) крайняя дата дела 1959. Общие итоги естественного движения населения за 1959 г. (в границах переписи 1959 г.) ф. № 1а",.,10,"Павленко О.В., Н. Сидоренко",.,1959
272,Читинская область,1959_75,.,.,1959,.,13131,число,.,1.08,число браков,.,.,.,.,.,.,,,,число браков,.,.,.,.,.,.,,,,.,"Ф. 1562 оп. 27 д. 814 Годовые сводки общих итогов естественного движения населения по автономным республикам, областям…. (в границах переписи 1959 г. т.1.) крайняя дата дела 1959. Общие итоги естественного движения населения за 1959 г. (в границах переписи 1959 г.) ф. № 1а",.,10,"Павленко О.В., Н. Сидоренко",.,1959
284,Ярославская область,1959_76,.,.,1959,.,15474,число,.,1.08,число браков,.,.,.,.,.,.,,,,число браков,.,.,.,.,.,.,,,,.,"Ф. 1562 оп. 27 д. 814 Годовые сводки общих итогов естественного движения населения по автономным республикам, областям…. (в границах переписи 1959 г. т.1.) крайняя дата дела 1959. Общие итоги естественного движения населения за 1959 г. (в границах переписи 1959 г.) ф. № 1а",.,11,"Павленко О.В., Н. Сидоренко",.,1959
