ID,TERRITORY,TER_CODE,TOWN,DISTRICT,YEAR,MONTH,VALUE,VALUE_UNIT,VALUE_LABEL,DATATYPE,HISTCLASS1,HISTCLASS2,HISTCLASS3,HISTCLASS4,HISTCLASS5,HISTCLASS6,HISTCLASS7,HISTCLASS8,HISTCLASS9,HISTCLASS10,CLASS1,CLASS2,CLASS3,CLASS4,CLASS5,CLASS6,CLASS7,CLASS8,CLASS9,CLASS10,COMMENT_SOURCE,SOURCE,VOLUME,PAGE,NABORSHIK_ID,COMMENT_NABORSHIK,
30,Республика Адыгея,2002_01,.,.,2002,.,4561,человек,.,1.06,родившиеся,.,.,.,.,.,.,,,,число рождений,.,.,.,.,.,.,,,,.,"Регионы России. Социально-экономические показатели. 2003: Стат. сб. / Госкомстат России. − М., 2003, 56-57 http://www.gks.ru/bgd/regl/B03_14/IssWWW.exe/Stg/d010/i010160r.htm",.,56-57 ,Sidorenko,"Value calculated from coefficient, rounded off to nearest integer",2002
43,Республика Башкортостан,2002_02,.,.,2002,.,45558,человек,.,1.06,родившиеся,.,.,.,.,.,.,,,,число рождений,.,.,.,.,.,.,,,,.,"Регионы России. Социально-экономические показатели. 2003: Стат. сб. / Госкомстат России. − М., 2003, 56-57 http://www.gks.ru/bgd/regl/B03_14/IssWWW.exe/Stg/d010/i010160r.htm",.,56-57 ,Sidorenko,"Value calculated from coefficient, rounded off to nearest integer",2002
65,Республика Бурятия,2002_03,.,.,2002,.,12364,человек,.,1.06,родившиеся,.,.,.,.,.,.,,,,число рождений,.,.,.,.,.,.,,,,.,"Регионы России. Социально-экономические показатели. 2003: Стат. сб. / Госкомстат России. − М., 2003, 56-57 http://www.gks.ru/bgd/regl/B03_14/IssWWW.exe/Stg/d010/i010160r.htm",.,56-57 ,Sidorenko,"Value calculated from coefficient, rounded off to nearest integer",2002
64,Республика Алтай,2002_04,.,.,2002,.,3207,человек,.,1.06,родившиеся,.,.,.,.,.,.,,,,число рождений,.,.,.,.,.,.,,,,.,"Регионы России. Социально-экономические показатели. 2003: Стат. сб. / Госкомстат России. − М., 2003, 56-57 http://www.gks.ru/bgd/regl/B03_14/IssWWW.exe/Stg/d010/i010160r.htm",.,56-57 ,Sidorenko,"Value calculated from coefficient, rounded off to nearest integer",2002
31,Республика Дагестан,2002_05,.,.,2002,.,48439,человек,.,1.06,родившиеся,.,.,.,.,.,.,,,,число рождений,.,.,.,.,.,.,,,,.,"Регионы России. Социально-экономические показатели. 2003: Стат. сб. / Госкомстат России. − М., 2003, 56-57 http://www.gks.ru/bgd/regl/B03_14/IssWWW.exe/Stg/d010/i010160r.htm",.,56-57 ,Sidorenko,"Value calculated from coefficient, rounded off to nearest integer",2002
32,Республика Ингушетия,2002_06,.,.,2002,.,7523,человек,.,1.06,родившиеся,.,.,.,.,.,.,,,,число рождений,.,.,.,.,.,.,,,,.,"Регионы России. Социально-экономические показатели. 2003: Стат. сб. / Госкомстат России. − М., 2003, 56-57 http://www.gks.ru/bgd/regl/B03_14/IssWWW.exe/Stg/d010/i010160r.htm",.,56-57 ,Sidorenko,"Value calculated from coefficient, rounded off to nearest integer",2002
33,Кабардино-Балкарская Республика,2002_07,.,.,2002,.,10457,человек,.,1.06,родившиеся,.,.,.,.,.,.,,,,число рождений,.,.,.,.,.,.,,,,.,"Регионы России. Социально-экономические показатели. 2003: Стат. сб. / Госкомстат России. − М., 2003, 56-57 http://www.gks.ru/bgd/regl/B03_14/IssWWW.exe/Stg/d010/i010160r.htm",.,56-57 ,Sidorenko,"Value calculated from coefficient, rounded off to nearest integer",2002
34,Республика Калмыкия,2002_08,.,.,2002,.,3597,человек,.,1.06,родившиеся,.,.,.,.,.,.,,,,число рождений,.,.,.,.,.,.,,,,.,"Регионы России. Социально-экономические показатели. 2003: Стат. сб. / Госкомстат России. − М., 2003, 56-57 http://www.gks.ru/bgd/regl/B03_14/IssWWW.exe/Stg/d010/i010160r.htm",.,56-57 ,Sidorenko,"Value calculated from coefficient, rounded off to nearest integer",2002
35,Карачаево-Черкесская Республика,2002_09,.,.,2002,.,5054,человек,.,1.06,родившиеся,.,.,.,.,.,.,,,,число рождений,.,.,.,.,.,.,,,,.,"Регионы России. Социально-экономические показатели. 2003: Стат. сб. / Госкомстат России. − М., 2003, 56-57 http://www.gks.ru/bgd/regl/B03_14/IssWWW.exe/Stg/d010/i010160r.htm",.,56-57 ,Sidorenko,"Value calculated from coefficient, rounded off to nearest integer",2002
19,Республика Карелия,2002_10,.,.,2002,.,6876,человек,.,1.06,родившиеся,.,.,.,.,.,.,,,,число рождений,.,.,.,.,.,.,,,,.,"Регионы России. Социально-экономические показатели. 2003: Стат. сб. / Госкомстат России. − М., 2003, 56-57 http://www.gks.ru/bgd/regl/B03_14/IssWWW.exe/Stg/d010/i010160r.htm",.,56-57 ,Sidorenko,"Value calculated from coefficient, rounded off to nearest integer",2002
20,Республика Коми,2002_11,.,.,2002,.,10289,человек,.,1.06,родившиеся,.,.,.,.,.,.,,,,число рождений,.,.,.,.,.,.,,,,.,"Регионы России. Социально-экономические показатели. 2003: Стат. сб. / Госкомстат России. − М., 2003, 56-57 http://www.gks.ru/bgd/regl/B03_14/IssWWW.exe/Stg/d010/i010160r.htm",.,56-57 ,Sidorenko,"Value calculated from coefficient, rounded off to nearest integer",2002
44,Республика Марий Эл,2002_12,.,.,2002,.,7134,человек,.,1.06,родившиеся,.,.,.,.,.,.,,,,число рождений,.,.,.,.,.,.,,,,.,"Регионы России. Социально-экономические показатели. 2003: Стат. сб. / Госкомстат России. − М., 2003, 56-57 http://www.gks.ru/bgd/regl/B03_14/IssWWW.exe/Stg/d010/i010160r.htm",.,56-57 ,Sidorenko,"Value calculated from coefficient, rounded off to nearest integer",2002
45,Республика Мордовия,2002_13,.,.,2002,.,7021,человек,.,1.06,родившиеся,.,.,.,.,.,.,,,,число рождений,.,.,.,.,.,.,,,,.,"Регионы России. Социально-экономические показатели. 2003: Стат. сб. / Госкомстат России. − М., 2003, 56-57 http://www.gks.ru/bgd/regl/B03_14/IssWWW.exe/Stg/d010/i010160r.htm",.,56-57 ,Sidorenko,"Value calculated from coefficient, rounded off to nearest integer",2002
80,Республика Саха (Якутия),2002_14,.,.,2002,.,13575,человек,.,1.06,родившиеся,.,.,.,.,.,.,,,,число рождений,.,.,.,.,.,.,,,,.,"Регионы России. Социально-экономические показатели. 2003: Стат. сб. / Госкомстат России. − М., 2003, 56-57 http://www.gks.ru/bgd/regl/B03_14/IssWWW.exe/Stg/d010/i010160r.htm",.,56-57 ,Sidorenko,"Value calculated from coefficient, rounded off to nearest integer",2002
36,Республика Северная Осетия – Алания,2002_15,.,.,2002,.,8239,человек,.,1.06,родившиеся,.,.,.,.,.,.,,,,число рождений,.,.,.,.,.,.,,,,.,"Регионы России. Социально-экономические показатели. 2003: Стат. сб. / Госкомстат России. − М., 2003, 56-57 http://www.gks.ru/bgd/regl/B03_14/IssWWW.exe/Stg/d010/i010160r.htm",.,56-57 ,Sidorenko,"Value calculated from coefficient, rounded off to nearest integer",2002
46,Республика Татарстан,2002_16,.,.,2002,.,38549,человек,.,1.06,родившиеся,.,.,.,.,.,.,,,,число рождений,.,.,.,.,.,.,,,,.,"Регионы России. Социально-экономические показатели. 2003: Стат. сб. / Госкомстат России. − М., 2003, 56-57 http://www.gks.ru/bgd/regl/B03_14/IssWWW.exe/Stg/d010/i010160r.htm",.,56-57 ,Sidorenko,"Value calculated from coefficient, rounded off to nearest integer",2002
66,Республика Тыва,2002_17,.,.,2002,.,5621,человек,.,1.06,родившиеся,.,.,.,.,.,.,,,,число рождений,.,.,.,.,.,.,,,,.,"Регионы России. Социально-экономические показатели. 2003: Стат. сб. / Госкомстат России. − М., 2003, 56-57 http://www.gks.ru/bgd/regl/B03_14/IssWWW.exe/Stg/d010/i010160r.htm",.,56-57 ,Sidorenko,"Value calculated from coefficient, rounded off to nearest integer",2002
47,Удмуртская Республика,2002_18,.,.,2002,.,17273,человек,.,1.06,родившиеся,.,.,.,.,.,.,,,,число рождений,.,.,.,.,.,.,,,,.,"Регионы России. Социально-экономические показатели. 2003: Стат. сб. / Госкомстат России. − М., 2003, 56-57 http://www.gks.ru/bgd/regl/B03_14/IssWWW.exe/Stg/d010/i010160r.htm",.,56-57 ,Sidorenko,"Value calculated from coefficient, rounded off to nearest integer",2002
67,Республика Хакасия,2002_19,.,.,2002,.,5788,человек,.,1.06,родившиеся,.,.,.,.,.,.,,,,число рождений,.,.,.,.,.,.,,,,.,"Регионы России. Социально-экономические показатели. 2003: Стат. сб. / Госкомстат России. − М., 2003, 56-57 http://www.gks.ru/bgd/regl/B03_14/IssWWW.exe/Stg/d010/i010160r.htm",.,56-57 ,Sidorenko,"Value calculated from coefficient, rounded off to nearest integer",2002
37,Чеченская республика,2002_20,.,.,2002,.,0,человек,.,1.06,родившиеся,.,.,.,.,.,.,,,,число рождений,.,.,.,.,.,.,,,,.,"Регионы России. Социально-экономические показатели. 2003: Стат. сб. / Госкомстат России. − М., 2003, 56-57 http://www.gks.ru/bgd/regl/B03_14/IssWWW.exe/Stg/d010/i010160r.htm",.,56-57 ,Sidorenko,"Value calculated from coefficient, rounded off to nearest integer",2002
48,Чувашская Республика – Чувашия,2002_21,.,.,2002,.,12743,человек,.,1.06,родившиеся,.,.,.,.,.,.,,,,число рождений,.,.,.,.,.,.,,,,.,"Регионы России. Социально-экономические показатели. 2003: Стат. сб. / Госкомстат России. − М., 2003, 56-57 http://www.gks.ru/bgd/regl/B03_14/IssWWW.exe/Stg/d010/i010160r.htm",.,56-57 ,Sidorenko,"Value calculated from coefficient, rounded off to nearest integer",2002
68,Алтайский край,2002_22,.,.,2002,.,26856,человек,.,1.06,родившиеся,.,.,.,.,.,.,,,,число рождений,.,.,.,.,.,.,,,,.,"Регионы России. Социально-экономические показатели. 2003: Стат. сб. / Госкомстат России. − М., 2003, 56-57 http://www.gks.ru/bgd/regl/B03_14/IssWWW.exe/Stg/d010/i010160r.htm",.,56-57 ,Sidorenko,"Value calculated from coefficient, rounded off to nearest integer",2002
38,Краснодарский край,2002_23,.,.,2002,.,51765,человек,.,1.06,родившиеся,.,.,.,.,.,.,,,,число рождений,.,.,.,.,.,.,,,,.,"Регионы России. Социально-экономические показатели. 2003: Стат. сб. / Госкомстат России. − М., 2003, 56-57 http://www.gks.ru/bgd/regl/B03_14/IssWWW.exe/Stg/d010/i010160r.htm",.,56-57 ,Sidorenko,"Value calculated from coefficient, rounded off to nearest integer",2002
69,Красноярский край,2002_24,.,.,2002,.,31440,человек,.,1.06,родившиеся,.,.,.,.,.,.,,,,число рождений,.,.,.,.,.,.,,,,.,"Регионы России. Социально-экономические показатели. 2003: Стат. сб. / Госкомстат России. − М., 2003, 56-57 http://www.gks.ru/bgd/regl/B03_14/IssWWW.exe/Stg/d010/i010160r.htm",.,56-57 ,Sidorenko,"Value calculated from coefficient, rounded off to nearest integer",2002
81,Приморский край,2002_25,.,.,2002,.,20298,человек,.,1.06,родившиеся,.,.,.,.,.,.,,,,число рождений,.,.,.,.,.,.,,,,.,"Регионы России. Социально-экономические показатели. 2003: Стат. сб. / Госкомстат России. − М., 2003, 56-57 http://www.gks.ru/bgd/regl/B03_14/IssWWW.exe/Stg/d010/i010160r.htm",.,56-57 ,Sidorenko,"Value calculated from coefficient, rounded off to nearest integer",2002
39,Ставропольский край,2002_26,.,.,2002,.,27078,человек,.,1.06,родившиеся,.,.,.,.,.,.,,,,число рождений,.,.,.,.,.,.,,,,.,"Регионы России. Социально-экономические показатели. 2003: Стат. сб. / Госкомстат России. − М., 2003, 56-57 http://www.gks.ru/bgd/regl/B03_14/IssWWW.exe/Stg/d010/i010160r.htm",.,56-57 ,Sidorenko,"Value calculated from coefficient, rounded off to nearest integer",2002
82,Хабаровский край,2002_27,.,.,2002,.,13935,человек,.,1.06,родившиеся,.,.,.,.,.,.,,,,число рождений,.,.,.,.,.,.,,,,.,"Регионы России. Социально-экономические показатели. 2003: Стат. сб. / Госкомстат России. − М., 2003, 56-57 http://www.gks.ru/bgd/regl/B03_14/IssWWW.exe/Stg/d010/i010160r.htm",.,56-57 ,Sidorenko,"Value calculated from coefficient, rounded off to nearest integer",2002
83,Амурская область,2002_28,.,.,2002,.,9570,человек,.,1.06,родившиеся,.,.,.,.,.,.,,,,число рождений,.,.,.,.,.,.,,,,.,"Регионы России. Социально-экономические показатели. 2003: Стат. сб. / Госкомстат России. − М., 2003, 56-57 http://www.gks.ru/bgd/regl/B03_14/IssWWW.exe/Stg/d010/i010160r.htm",.,56-57 ,Sidorenko,"Value calculated from coefficient, rounded off to nearest integer",2002
21,Архангельская область,2002_29,.,.,2002,.,13098,человек,.,1.06,родившиеся,.,.,.,.,.,.,,,,число рождений,.,.,.,.,.,.,,,,.,"Регионы России. Социально-экономические показатели. 2003: Стат. сб. / Госкомстат России. − М., 2003, 56-57 http://www.gks.ru/bgd/regl/B03_14/IssWWW.exe/Stg/d010/i010160r.htm",.,56-57 ,Sidorenko,"Value calculated from coefficient, rounded off to nearest integer",2002
40,Астраханская область,2002_30,.,.,2002,.,11561,человек,.,1.06,родившиеся,.,.,.,.,.,.,,,,число рождений,.,.,.,.,.,.,,,,.,"Регионы России. Социально-экономические показатели. 2003: Стат. сб. / Госкомстат России. − М., 2003, 56-57 http://www.gks.ru/bgd/regl/B03_14/IssWWW.exe/Stg/d010/i010160r.htm",.,56-57 ,Sidorenko,"Value calculated from coefficient, rounded off to nearest integer",2002
1,Белгородская область,2002_31,.,.,2002,.,13151,человек,.,1.06,родившиеся,.,.,.,.,.,.,,,,число рождений,.,.,.,.,.,.,,,,.,"Регионы России. Социально-экономические показатели. 2003: Стат. сб. / Госкомстат России. − М., 2003, 56-57 http://www.gks.ru/bgd/regl/B03_14/IssWWW.exe/Stg/d010/i010160r.htm",.,56-57 ,Sidorenko,"Value calculated from coefficient, rounded off to nearest integer",2002
2,Брянская область,2002_32,.,.,2002,.,11721,человек,.,1.06,родившиеся,.,.,.,.,.,.,,,,число рождений,.,.,.,.,.,.,,,,.,"Регионы России. Социально-экономические показатели. 2003: Стат. сб. / Госкомстат России. − М., 2003, 56-57 http://www.gks.ru/bgd/regl/B03_14/IssWWW.exe/Stg/d010/i010160r.htm",.,56-57 ,Sidorenko,"Value calculated from coefficient, rounded off to nearest integer",2002
3,Владимирская область,2002_33,.,.,2002,.,12802,человек,.,1.06,родившиеся,.,.,.,.,.,.,,,,число рождений,.,.,.,.,.,.,,,,.,"Регионы России. Социально-экономические показатели. 2003: Стат. сб. / Госкомстат России. − М., 2003, 56-57 http://www.gks.ru/bgd/regl/B03_14/IssWWW.exe/Stg/d010/i010160r.htm",.,56-57 ,Sidorenko,"Value calculated from coefficient, rounded off to nearest integer",2002
41,Волгоградская область,2002_34,.,.,2002,.,25373,человек,.,1.06,родившиеся,.,.,.,.,.,.,,,,число рождений,.,.,.,.,.,.,,,,.,"Регионы России. Социально-экономические показатели. 2003: Стат. сб. / Госкомстат России. − М., 2003, 56-57 http://www.gks.ru/bgd/regl/B03_14/IssWWW.exe/Stg/d010/i010160r.htm",.,56-57 ,Sidorenko,"Value calculated from coefficient, rounded off to nearest integer",2002
23,Вологодская область,2002_35,.,.,2002,.,12442,человек,.,1.06,родившиеся,.,.,.,.,.,.,,,,число рождений,.,.,.,.,.,.,,,,.,"Регионы России. Социально-экономические показатели. 2003: Стат. сб. / Госкомстат России. − М., 2003, 56-57 http://www.gks.ru/bgd/regl/B03_14/IssWWW.exe/Stg/d010/i010160r.htm",.,56-57 ,Sidorenko,"Value calculated from coefficient, rounded off to nearest integer",2002
4,Воронежская область,2002_36,.,.,2002,.,18793,человек,.,1.06,родившиеся,.,.,.,.,.,.,,,,число рождений,.,.,.,.,.,.,,,,.,"Регионы России. Социально-экономические показатели. 2003: Стат. сб. / Госкомстат России. − М., 2003, 56-57 http://www.gks.ru/bgd/regl/B03_14/IssWWW.exe/Stg/d010/i010160r.htm",.,56-57 ,Sidorenko,"Value calculated from coefficient, rounded off to nearest integer",2002
5,Ивановская область,2002_37,.,.,2002,.,9301,человек,.,1.06,родившиеся,.,.,.,.,.,.,,,,число рождений,.,.,.,.,.,.,,,,.,"Регионы России. Социально-экономические показатели. 2003: Стат. сб. / Госкомстат России. − М., 2003, 56-57 http://www.gks.ru/bgd/regl/B03_14/IssWWW.exe/Stg/d010/i010160r.htm",.,56-57 ,Sidorenko,"Value calculated from coefficient, rounded off to nearest integer",2002
72,Иркутская область,2002_38,.,.,2002,.,28915,человек,.,1.06,родившиеся,.,.,.,.,.,.,,,,число рождений,.,.,.,.,.,.,,,,.,"Регионы России. Социально-экономические показатели. 2003: Стат. сб. / Госкомстат России. − М., 2003, 56-57 http://www.gks.ru/bgd/regl/B03_14/IssWWW.exe/Stg/d010/i010160r.htm",.,56-57 ,Sidorenko,"Value calculated from coefficient, rounded off to nearest integer",2002
24,Калининградская область,2002_39,.,.,2002,.,8598,человек,.,1.06,родившиеся,.,.,.,.,.,.,,,,число рождений,.,.,.,.,.,.,,,,.,"Регионы России. Социально-экономические показатели. 2003: Стат. сб. / Госкомстат России. − М., 2003, 56-57 http://www.gks.ru/bgd/regl/B03_14/IssWWW.exe/Stg/d010/i010160r.htm",.,56-57 ,Sidorenko,"Value calculated from coefficient, rounded off to nearest integer",2002
6,Калужская область,2002_40,.,.,2002,.,8646,человек,.,1.06,родившиеся,.,.,.,.,.,.,,,,число рождений,.,.,.,.,.,.,,,,.,"Регионы России. Социально-экономические показатели. 2003: Стат. сб. / Госкомстат России. − М., 2003, 56-57 http://www.gks.ru/bgd/regl/B03_14/IssWWW.exe/Stg/d010/i010160r.htm",.,56-57 ,Sidorenko,"Value calculated from coefficient, rounded off to nearest integer",2002
84,Камчатская область,2002_41,.,.,2002,.,3732,человек,.,1.06,родившиеся,.,.,.,.,.,.,,,,число рождений,.,.,.,.,.,.,,,,.,"Регионы России. Социально-экономические показатели. 2003: Стат. сб. / Госкомстат России. − М., 2003, 56-57 http://www.gks.ru/bgd/regl/B03_14/IssWWW.exe/Stg/d010/i010160r.htm",.,56-57 ,Sidorenko,"Value calculated from coefficient, rounded off to nearest integer",2002
74,Кемеровская область,2002_42,.,.,2002,.,28991,человек,.,1.06,родившиеся,.,.,.,.,.,.,,,,число рождений,.,.,.,.,.,.,,,,.,"Регионы России. Социально-экономические показатели. 2003: Стат. сб. / Госкомстат России. − М., 2003, 56-57 http://www.gks.ru/bgd/regl/B03_14/IssWWW.exe/Stg/d010/i010160r.htm",.,56-57 ,Sidorenko,"Value calculated from coefficient, rounded off to nearest integer",2002
49,Кировская область,2002_43,.,.,2002,.,13231,человек,.,1.06,родившиеся,.,.,.,.,.,.,,,,число рождений,.,.,.,.,.,.,,,,.,"Регионы России. Социально-экономические показатели. 2003: Стат. сб. / Госкомстат России. − М., 2003, 56-57 http://www.gks.ru/bgd/regl/B03_14/IssWWW.exe/Stg/d010/i010160r.htm",.,56-57 ,Sidorenko,"Value calculated from coefficient, rounded off to nearest integer",2002
7,Костромская область,2002_44,.,.,2002,.,6630,человек,.,1.06,родившиеся,.,.,.,.,.,.,,,,число рождений,.,.,.,.,.,.,,,,.,"Регионы России. Социально-экономические показатели. 2003: Стат. сб. / Госкомстат России. − М., 2003, 56-57 http://www.gks.ru/bgd/regl/B03_14/IssWWW.exe/Stg/d010/i010160r.htm",.,56-57 ,Sidorenko,"Value calculated from coefficient, rounded off to nearest integer",2002
58,Курганская область,2002_45,.,.,2002,.,10195,человек,.,1.06,родившиеся,.,.,.,.,.,.,,,,число рождений,.,.,.,.,.,.,,,,.,"Регионы России. Социально-экономические показатели. 2003: Стат. сб. / Госкомстат России. − М., 2003, 56-57 http://www.gks.ru/bgd/regl/B03_14/IssWWW.exe/Stg/d010/i010160r.htm",.,56-57 ,Sidorenko,"Value calculated from coefficient, rounded off to nearest integer",2002
8,Курская область,2002_46,.,.,2002,.,10128,человек,.,1.06,родившиеся,.,.,.,.,.,.,,,,число рождений,.,.,.,.,.,.,,,,.,"Регионы России. Социально-экономические показатели. 2003: Стат. сб. / Госкомстат России. − М., 2003, 56-57 http://www.gks.ru/bgd/regl/B03_14/IssWWW.exe/Stg/d010/i010160r.htm",.,56-57 ,Sidorenko,"Value calculated from coefficient, rounded off to nearest integer",2002
25,Ленинградская область,2002_47,.,.,2002,.,13020,человек,.,1.06,родившиеся,.,.,.,.,.,.,,,,число рождений,.,.,.,.,.,.,,,,.,"Регионы России. Социально-экономические показатели. 2003: Стат. сб. / Госкомстат России. − М., 2003, 56-57 http://www.gks.ru/bgd/regl/B03_14/IssWWW.exe/Stg/d010/i010160r.htm",.,56-57 ,Sidorenko,"Value calculated from coefficient, rounded off to nearest integer",2002
9,Липецкая область,2002_48,.,.,2002,.,10436,человек,.,1.06,родившиеся,.,.,.,.,.,.,,,,число рождений,.,.,.,.,.,.,,,,.,"Регионы России. Социально-экономические показатели. 2003: Стат. сб. / Госкомстат России. − М., 2003, 56-57 http://www.gks.ru/bgd/regl/B03_14/IssWWW.exe/Stg/d010/i010160r.htm",.,56-57 ,Sidorenko,"Value calculated from coefficient, rounded off to nearest integer",2002
86,Магаданская область,2002_49,.,.,2002,.,1645,человек,.,1.06,родившиеся,.,.,.,.,.,.,,,,число рождений,.,.,.,.,.,.,,,,.,"Регионы России. Социально-экономические показатели. 2003: Стат. сб. / Госкомстат России. − М., 2003, 56-57 http://www.gks.ru/bgd/regl/B03_14/IssWWW.exe/Stg/d010/i010160r.htm",.,56-57 ,Sidorenko,"Value calculated from coefficient, rounded off to nearest integer",2002
10,Московская область,2002_50,.,.,2002,.,55596,человек,.,1.06,родившиеся,.,.,.,.,.,.,,,,число рождений,.,.,.,.,.,.,,,,.,"Регионы России. Социально-экономические показатели. 2003: Стат. сб. / Госкомстат России. − М., 2003, 56-57 http://www.gks.ru/bgd/regl/B03_14/IssWWW.exe/Stg/d010/i010160r.htm",.,56-57 ,Sidorenko,"Value calculated from coefficient, rounded off to nearest integer",2002
26,Мурманская область,2002_51,.,.,2002,.,8211,человек,.,1.06,родившиеся,.,.,.,.,.,.,,,,число рождений,.,.,.,.,.,.,,,,.,"Регионы России. Социально-экономические показатели. 2003: Стат. сб. / Госкомстат России. − М., 2003, 56-57 http://www.gks.ru/bgd/regl/B03_14/IssWWW.exe/Stg/d010/i010160r.htm",.,56-57 ,Sidorenko,"Value calculated from coefficient, rounded off to nearest integer",2002
50,Нижегородская область,2002_52,.,.,2002,.,28192,человек,.,1.06,родившиеся,.,.,.,.,.,.,,,,число рождений,.,.,.,.,.,.,,,,.,"Регионы России. Социально-экономические показатели. 2003: Стат. сб. / Госкомстат России. − М., 2003, 56-57 http://www.gks.ru/bgd/regl/B03_14/IssWWW.exe/Stg/d010/i010160r.htm",.,56-57 ,Sidorenko,"Value calculated from coefficient, rounded off to nearest integer",2002
27,Новгородская область,2002_53,.,.,2002,.,6110,человек,.,1.06,родившиеся,.,.,.,.,.,.,,,,число рождений,.,.,.,.,.,.,,,,.,"Регионы России. Социально-экономические показатели. 2003: Стат. сб. / Госкомстат России. − М., 2003, 56-57 http://www.gks.ru/bgd/regl/B03_14/IssWWW.exe/Stg/d010/i010160r.htm",.,56-57 ,Sidorenko,"Value calculated from coefficient, rounded off to nearest integer",2002
75,Новосибирская область,2002_54,.,.,2002,.,26653,человек,.,1.06,родившиеся,.,.,.,.,.,.,,,,число рождений,.,.,.,.,.,.,,,,.,"Регионы России. Социально-экономические показатели. 2003: Стат. сб. / Госкомстат России. − М., 2003, 56-57 http://www.gks.ru/bgd/regl/B03_14/IssWWW.exe/Stg/d010/i010160r.htm",.,56-57 ,Sidorenko,"Value calculated from coefficient, rounded off to nearest integer",2002
76,Омская область,2002_55,.,.,2002,.,19961,человек,.,1.06,родившиеся,.,.,.,.,.,.,,,,число рождений,.,.,.,.,.,.,,,,.,"Регионы России. Социально-экономические показатели. 2003: Стат. сб. / Госкомстат России. − М., 2003, 56-57 http://www.gks.ru/bgd/regl/B03_14/IssWWW.exe/Stg/d010/i010160r.htm",.,56-57 ,Sidorenko,"Value calculated from coefficient, rounded off to nearest integer",2002
51,Оренбургская область,2002_56,.,.,2002,.,23321,человек,.,1.06,родившиеся,.,.,.,.,.,.,,,,число рождений,.,.,.,.,.,.,,,,.,"Регионы России. Социально-экономические показатели. 2003: Стат. сб. / Госкомстат России. − М., 2003, 56-57 http://www.gks.ru/bgd/regl/B03_14/IssWWW.exe/Stg/d010/i010160r.htm",.,56-57 ,Sidorenko,"Value calculated from coefficient, rounded off to nearest integer",2002
11,Орловская область,2002_57,.,.,2002,.,7226,человек,.,1.06,родившиеся,.,.,.,.,.,.,,,,число рождений,.,.,.,.,.,.,,,,.,"Регионы России. Социально-экономические показатели. 2003: Стат. сб. / Госкомстат России. − М., 2003, 56-57 http://www.gks.ru/bgd/regl/B03_14/IssWWW.exe/Stg/d010/i010160r.htm",.,56-57 ,Sidorenko,"Value calculated from coefficient, rounded off to nearest integer",2002
52,Пензенская область,2002_58,.,.,2002,.,11333,человек,.,1.06,родившиеся,.,.,.,.,.,.,,,,число рождений,.,.,.,.,.,.,,,,.,"Регионы России. Социально-экономические показатели. 2003: Стат. сб. / Госкомстат России. − М., 2003, 56-57 http://www.gks.ru/bgd/regl/B03_14/IssWWW.exe/Stg/d010/i010160r.htm",.,56-57 ,Sidorenko,"Value calculated from coefficient, rounded off to nearest integer",2002
53,Пермская область,2002_59,.,.,2002,.,30168,человек,.,1.06,родившиеся,.,.,.,.,.,.,,,,число рождений,.,.,.,.,.,.,,,,.,"Регионы России. Социально-экономические показатели. 2003: Стат. сб. / Госкомстат России. − М., 2003, 56-57 http://www.gks.ru/bgd/regl/B03_14/IssWWW.exe/Stg/d010/i010160r.htm",.,56-57 ,Sidorenko,"Value calculated from coefficient, rounded off to nearest integer",2002
28,Псковская область,2002_60,.,.,2002,.,6391,человек,.,1.06,родившиеся,.,.,.,.,.,.,,,,число рождений,.,.,.,.,.,.,,,,.,"Регионы России. Социально-экономические показатели. 2003: Стат. сб. / Госкомстат России. − М., 2003, 56-57 http://www.gks.ru/bgd/regl/B03_14/IssWWW.exe/Stg/d010/i010160r.htm",.,56-57 ,Sidorenko,"Value calculated from coefficient, rounded off to nearest integer",2002
42,Ростовская область,2002_61,.,.,2002,.,39636,человек,.,1.06,родившиеся,.,.,.,.,.,.,,,,число рождений,.,.,.,.,.,.,,,,.,"Регионы России. Социально-экономические показатели. 2003: Стат. сб. / Госкомстат России. − М., 2003, 56-57 http://www.gks.ru/bgd/regl/B03_14/IssWWW.exe/Stg/d010/i010160r.htm",.,56-57 ,Sidorenko,"Value calculated from coefficient, rounded off to nearest integer",2002
12,Рязанская область,2002_62,.,.,2002,.,9455,человек,.,1.06,родившиеся,.,.,.,.,.,.,,,,число рождений,.,.,.,.,.,.,,,,.,"Регионы России. Социально-экономические показатели. 2003: Стат. сб. / Госкомстат России. − М., 2003, 56-57 http://www.gks.ru/bgd/regl/B03_14/IssWWW.exe/Stg/d010/i010160r.htm",.,56-57 ,Sidorenko,"Value calculated from coefficient, rounded off to nearest integer",2002
55,Самарская область,2002_63,.,.,2002,.,29806,человек,.,1.06,родившиеся,.,.,.,.,.,.,,,,число рождений,.,.,.,.,.,.,,,,.,"Регионы России. Социально-экономические показатели. 2003: Стат. сб. / Госкомстат России. − М., 2003, 56-57 http://www.gks.ru/bgd/regl/B03_14/IssWWW.exe/Stg/d010/i010160r.htm",.,56-57 ,Sidorenko,"Value calculated from coefficient, rounded off to nearest integer",2002
56,Саратовская область,2002_64,.,.,2002,.,23214,человек,.,1.06,родившиеся,.,.,.,.,.,.,,,,число рождений,.,.,.,.,.,.,,,,.,"Регионы России. Социально-экономические показатели. 2003: Стат. сб. / Госкомстат России. − М., 2003, 56-57 http://www.gks.ru/bgd/regl/B03_14/IssWWW.exe/Stg/d010/i010160r.htm",.,56-57 ,Sidorenko,"Value calculated from coefficient, rounded off to nearest integer",2002
87,Сахалинская область,2002_65,.,.,2002,.,5248,человек,.,1.06,родившиеся,.,.,.,.,.,.,,,,число рождений,.,.,.,.,.,.,,,,.,"Регионы России. Социально-экономические показатели. 2003: Стат. сб. / Госкомстат России. − М., 2003, 56-57 http://www.gks.ru/bgd/regl/B03_14/IssWWW.exe/Stg/d010/i010160r.htm",.,56-57 ,Sidorenko,"Value calculated from coefficient, rounded off to nearest integer",2002
59,Свердловская область,2002_66,.,.,2002,.,43965,человек,.,1.06,родившиеся,.,.,.,.,.,.,,,,число рождений,.,.,.,.,.,.,,,,.,"Регионы России. Социально-экономические показатели. 2003: Стат. сб. / Госкомстат России. − М., 2003, 56-57 http://www.gks.ru/bgd/regl/B03_14/IssWWW.exe/Stg/d010/i010160r.htm",.,56-57 ,Sidorenko,"Value calculated from coefficient, rounded off to nearest integer",2002
13,Смоленская область,2002_67,.,.,2002,.,8292,человек,.,1.06,родившиеся,.,.,.,.,.,.,,,,число рождений,.,.,.,.,.,.,,,,.,"Регионы России. Социально-экономические показатели. 2003: Стат. сб. / Госкомстат России. − М., 2003, 56-57 http://www.gks.ru/bgd/regl/B03_14/IssWWW.exe/Stg/d010/i010160r.htm",.,56-57 ,Sidorenko,"Value calculated from coefficient, rounded off to nearest integer",2002
14,Тамбовская область,2002_68,.,.,2002,.,9192,человек,.,1.06,родившиеся,.,.,.,.,.,.,,,,число рождений,.,.,.,.,.,.,,,,.,"Регионы России. Социально-экономические показатели. 2003: Стат. сб. / Госкомстат России. − М., 2003, 56-57 http://www.gks.ru/bgd/regl/B03_14/IssWWW.exe/Stg/d010/i010160r.htm",.,56-57 ,Sidorenko,"Value calculated from coefficient, rounded off to nearest integer",2002
15,Тверская область,2002_69,.,.,2002,.,12213,человек,.,1.06,родившиеся,.,.,.,.,.,.,,,,число рождений,.,.,.,.,.,.,,,,.,"Регионы России. Социально-экономические показатели. 2003: Стат. сб. / Госкомстат России. − М., 2003, 56-57 http://www.gks.ru/bgd/regl/B03_14/IssWWW.exe/Stg/d010/i010160r.htm",.,56-57 ,Sidorenko,"Value calculated from coefficient, rounded off to nearest integer",2002
77,Томская область,2002_70,.,.,2002,.,10879,человек,.,1.06,родившиеся,.,.,.,.,.,.,,,,число рождений,.,.,.,.,.,.,,,,.,"Регионы России. Социально-экономические показатели. 2003: Стат. сб. / Госкомстат России. − М., 2003, 56-57 http://www.gks.ru/bgd/regl/B03_14/IssWWW.exe/Stg/d010/i010160r.htm",.,56-57 ,Sidorenko,"Value calculated from coefficient, rounded off to nearest integer",2002
16,Тульская область,2002_71,.,.,2002,.,12401,человек,.,1.06,родившиеся,.,.,.,.,.,.,,,,число рождений,.,.,.,.,.,.,,,,.,"Регионы России. Социально-экономические показатели. 2003: Стат. сб. / Госкомстат России. − М., 2003, 56-57 http://www.gks.ru/bgd/regl/B03_14/IssWWW.exe/Stg/d010/i010160r.htm",.,56-57 ,Sidorenko,"Value calculated from coefficient, rounded off to nearest integer",2002
60,Тюменская область,2002_72,.,.,2002,.,40484,человек,.,1.06,родившиеся,.,.,.,.,.,.,,,,число рождений,.,.,.,.,.,.,,,,.,"Регионы России. Социально-экономические показатели. 2003: Стат. сб. / Госкомстат России. − М., 2003, 56-57 http://www.gks.ru/bgd/regl/B03_14/IssWWW.exe/Stg/d010/i010160r.htm",.,56-57 ,Sidorenko,"Value calculated from coefficient, rounded off to nearest integer",2002
57,Ульяновская область,2002_73,.,.,2002,.,11754,человек,.,1.06,родившиеся,.,.,.,.,.,.,,,,число рождений,.,.,.,.,.,.,,,,.,"Регионы России. Социально-экономические показатели. 2003: Стат. сб. / Госкомстат России. − М., 2003, 56-57 http://www.gks.ru/bgd/regl/B03_14/IssWWW.exe/Stg/d010/i010160r.htm",.,56-57 ,Sidorenko,"Value calculated from coefficient, rounded off to nearest integer",2002
63,Челябинская область,2002_74,.,.,2002,.,36394,человек,.,1.06,родившиеся,.,.,.,.,.,.,,,,число рождений,.,.,.,.,.,.,,,,.,"Регионы России. Социально-экономические показатели. 2003: Стат. сб. / Госкомстат России. − М., 2003, 56-57 http://www.gks.ru/bgd/regl/B03_14/IssWWW.exe/Stg/d010/i010160r.htm",.,56-57 ,Sidorenko,"Value calculated from coefficient, rounded off to nearest integer",2002
78,Читинская область,2002_75,.,.,2002,.,14211,человек,.,1.06,родившиеся,.,.,.,.,.,.,,,,число рождений,.,.,.,.,.,.,,,,.,"Регионы России. Социально-экономические показатели. 2003: Стат. сб. / Госкомстат России. − М., 2003, 56-57 http://www.gks.ru/bgd/regl/B03_14/IssWWW.exe/Stg/d010/i010160r.htm",.,56-57 ,Sidorenko,"Value calculated from coefficient, rounded off to nearest integer",2002
17,Ярославская область,2002_76,.,.,2002,.,11623,человек,.,1.06,родившиеся,.,.,.,.,.,.,,,,число рождений,.,.,.,.,.,.,,,,.,"Регионы России. Социально-экономические показатели. 2003: Стат. сб. / Госкомстат России. − М., 2003, 56-57 http://www.gks.ru/bgd/regl/B03_14/IssWWW.exe/Stg/d010/i010160r.htm",.,56-57 ,Sidorenko,"Value calculated from coefficient, rounded off to nearest integer",2002
18,г. Москва,2002_77,.,.,2002,.,97598,человек,.,1.06,родившиеся,.,.,.,.,.,.,,,,число рождений,.,.,.,.,.,.,,,,.,"Регионы России. Социально-экономические показатели. 2003: Стат. сб. / Госкомстат России. − М., 2003, 56-57 http://www.gks.ru/bgd/regl/B03_14/IssWWW.exe/Stg/d010/i010160r.htm",.,56-57 ,Sidorenko,"Value calculated from coefficient, rounded off to nearest integer",2002
29,г. Санкт-Петербург,2002_78,.,.,2002,.,37756,человек,.,1.06,родившиеся,.,.,.,.,.,.,,,,число рождений,.,.,.,.,.,.,,,,.,"Регионы России. Социально-экономические показатели. 2003: Стат. сб. / Госкомстат России. − М., 2003, 56-57 http://www.gks.ru/bgd/regl/B03_14/IssWWW.exe/Stg/d010/i010160r.htm",.,56-57 ,Sidorenko,"Value calculated from coefficient, rounded off to nearest integer",2002
88,Еврейская автономная область,2002_79,.,.,2002,.,2119,человек,.,1.06,родившиеся,.,.,.,.,.,.,,,,число рождений,.,.,.,.,.,.,,,,.,"Регионы России. Социально-экономические показатели. 2003: Стат. сб. / Госкомстат России. − М., 2003, 56-57 http://www.gks.ru/bgd/regl/B03_14/IssWWW.exe/Stg/d010/i010160r.htm",.,56-57 ,Sidorenko,"Value calculated from coefficient, rounded off to nearest integer",2002
79,Агинский Бурятский автономный округ,2002_80,.,.,2002,.,1090,человек,.,1.06,родившиеся,.,.,.,.,.,.,,,,число рождений,.,.,.,.,.,.,,,,.,"Регионы России. Социально-экономические показатели. 2003: Стат. сб. / Госкомстат России. − М., 2003, 56-57 http://www.gks.ru/bgd/regl/B03_14/IssWWW.exe/Stg/d010/i010160r.htm",.,56-57 ,Sidorenko,"Value calculated from coefficient, rounded off to nearest integer",2002
54,Коми-Пермяцкий автономный округ,2002_81,.,.,2002,.,1565,человек,.,1.06,родившиеся,.,.,.,.,.,.,,,,число рождений,.,.,.,.,.,.,,,,.,"Регионы России. Социально-экономические показатели. 2003: Стат. сб. / Госкомстат России. − М., 2003, 56-57 http://www.gks.ru/bgd/regl/B03_14/IssWWW.exe/Stg/d010/i010160r.htm",.,56-57 ,Sidorenko,"Value calculated from coefficient, rounded off to nearest integer",2002
85,Корякский автономный округ,2002_82,.,.,2002,.,284,человек,.,1.06,родившиеся,.,.,.,.,.,.,,,,число рождений,.,.,.,.,.,.,,,,.,"Регионы России. Социально-экономические показатели. 2003: Стат. сб. / Госкомстат России. − М., 2003, 56-57 http://www.gks.ru/bgd/regl/B03_14/IssWWW.exe/Stg/d010/i010160r.htm",.,56-57 ,Sidorenko,"Value calculated from coefficient, rounded off to nearest integer",2002
22,Ненецкий автономный округ,2002_83,.,.,2002,.,544,человек,.,1.06,родившиеся,.,.,.,.,.,.,,,,число рождений,.,.,.,.,.,.,,,,.,"Регионы России. Социально-экономические показатели. 2003: Стат. сб. / Госкомстат России. − М., 2003, 56-57 http://www.gks.ru/bgd/regl/B03_14/IssWWW.exe/Stg/d010/i010160r.htm",.,56-57 ,Sidorenko,"Value calculated from coefficient, rounded off to nearest integer",2002
70,Таймырский (Долгано-Ненецкий) автономный округ,2002_84,.,.,2002,.,553,человек,.,1.06,родившиеся,.,.,.,.,.,.,,,,число рождений,.,.,.,.,.,.,,,,.,"Регионы России. Социально-экономические показатели. 2003: Стат. сб. / Госкомстат России. − М., 2003, 56-57 http://www.gks.ru/bgd/regl/B03_14/IssWWW.exe/Stg/d010/i010160r.htm",.,56-57 ,Sidorenko,"Value calculated from coefficient, rounded off to nearest integer",2002
73,Усть-Ордынский Бурятский автономный округ,2002_85,.,.,2002,.,1908,человек,.,1.06,родившиеся,.,.,.,.,.,.,,,,число рождений,.,.,.,.,.,.,,,,.,"Регионы России. Социально-экономические показатели. 2003: Стат. сб. / Госкомстат России. − М., 2003, 56-57 http://www.gks.ru/bgd/regl/B03_14/IssWWW.exe/Stg/d010/i010160r.htm",.,56-57 ,Sidorenko,"Value calculated from coefficient, rounded off to nearest integer",2002
61,Ханты-Мансийский автономный округ,2002_86,.,.,2002,.,19200,человек,.,1.06,родившиеся,.,.,.,.,.,.,,,,число рождений,.,.,.,.,.,.,,,,.,"Регионы России. Социально-экономические показатели. 2003: Стат. сб. / Госкомстат России. − М., 2003, 56-57 http://www.gks.ru/bgd/regl/B03_14/IssWWW.exe/Stg/d010/i010160r.htm",.,56-57 ,Sidorenko,"Value calculated from coefficient, rounded off to nearest integer",2002
89,Чукотский автономный округ,2002_87,.,.,2002,.,527,человек,.,1.06,родившиеся,.,.,.,.,.,.,,,,число рождений,.,.,.,.,.,.,,,,.,"Регионы России. Социально-экономические показатели. 2003: Стат. сб. / Госкомстат России. − М., 2003, 56-57 http://www.gks.ru/bgd/regl/B03_14/IssWWW.exe/Stg/d010/i010160r.htm",.,56-57 ,Sidorenko,"Value calculated from coefficient, rounded off to nearest integer",2002
71,Эвенкийский автономный округ,2002_88,.,.,2002,.,264,человек,.,1.06,родившиеся,.,.,.,.,.,.,,,,число рождений,.,.,.,.,.,.,,,,.,"Регионы России. Социально-экономические показатели. 2003: Стат. сб. / Госкомстат России. − М., 2003, 56-57 http://www.gks.ru/bgd/regl/B03_14/IssWWW.exe/Stg/d010/i010160r.htm",.,56-57 ,Sidorenko,"Value calculated from coefficient, rounded off to nearest integer",2002
62,Ямало-Ненецкий автономный округ,2002_89,.,.,2002,.,6692,человек,.,1.06,родившиеся,.,.,.,.,.,.,,,,число рождений,.,.,.,.,.,.,,,,.,"Регионы России. Социально-экономические показатели. 2003: Стат. сб. / Госкомстат России. − М., 2003, 56-57 http://www.gks.ru/bgd/regl/B03_14/IssWWW.exe/Stg/d010/i010160r.htm",.,56-57 ,Sidorenko,"Value calculated from coefficient, rounded off to nearest integer",2002
