ID,TERRITORY,TER_CODE,TOWN,DISTRICT,YEAR,MONTH,VALUE,VALUE_UNIT,VALUE_LABEL,DATATYPE,HISTCLASS1,HISTCLASS2,HISTCLASS3,HISTCLASS4,HISTCLASS5,HISTCLASS6,HISTCLASS7,HISTCLASS8,HISTCLASS9,HISTCLASS10,CLASS1,CLASS2,CLASS3,CLASS4,CLASS5,CLASS6,CLASS7,CLASS8,CLASS9,CLASS10,COMMENT_SOURCE,SOURCE,VOLUME,PAGE,NABORSHIK_ID,COMMENT_NABORSHIK,
182,Акмолинская область,1897_02,.,.,1897,.,38704,рубли,OUTPUT AGRICULTURE,4.01,валовый доход,.,.,леса казенные,.,.,.,,,,.,.,.,.,.,.,.,,,,.,ОР2,.,86,Павленко О.В.,.,1897
3,Акмолинская область,1897_02,.,.,1897,.,.,рубли,OUTPUT AGRICULTURE,4.01,добыто на сумму,рыболовство,.,.,.,.,.,,,,.,.,.,.,.,.,.,,,,.,"Ежегодник Министерства Финансов. Выпуск 1901 года. СПб.,1902. Вып. 31",.,677,Павленко О.В.,.,1897
266,Акмолинская область,1897_02,.,.,1897,.,50855,рубли,OUTPUT AGRICULTURE,4.01,произведено расходов,.,.,леса казенные,.,.,.,,,,.,.,.,.,.,.,.,,,,.,ОР2,.,86,Павленко О.В.,.,1897
92,Акмолинская область,1897_02,.,.,1897,.,.,рубли,OUTPUT AGRICULTURE,4.01,доход от рыбной торговли,рыболовство,.,.,.,.,.,,,,.,.,.,.,.,.,.,,,,.,.,.,.,Павленко О.В.,.,1897
4,Амурская область,1897_03,.,.,1897,.,250000,рубли,OUTPUT AGRICULTURE,4.01,добыто на сумму,рыболовство,.,.,.,.,.,,,,.,.,.,.,.,.,.,,,,.,"Ежегодник Министерства Финансов. Выпуск 1901 года. СПб.,1902. Вып. 31",.,677,Павленко О.В.,.,1897
93,Амурская область,1897_03,.,.,1897,.,126083,рубли,OUTPUT AGRICULTURE,4.01,доход от рыбной торговли,рыболовство,.,.,.,.,.,,,,.,.,.,.,.,.,.,,,,.,"Обзор Амурской области за 1897 г. Благовещенск,1899",.,15,Павленко О.В.,.,1897
94,Архангельская губерния,1897_04,.,.,1897,.,1134983,рубли,OUTPUT AGRICULTURE,4.01,доход от рыбной торговли,рыболовство,.,.,.,.,.,,,,.,.,.,.,.,.,.,,,,"различная рыба, акулий жир, тресковая печень - доход от всех ","Обзор Архангельской губернии за 1897г. Архангельск, 1898",.,16,Павленко О.В.,.,1897
5,Архангельская губерния,1897_04,.,.,1897,.,1133648,рубли,OUTPUT AGRICULTURE,4.01,добыто на сумму,рыболовство,.,.,.,.,.,,,,.,.,.,.,.,.,.,,,,.,"Ежегодник Министерства Финансов. Выпуск 1901 года. СПб.,1902. Вып. 31",.,677,Павленко О.В.,доход от рыбы и икры,1897
267,Архангельская губерния,1897_04,.,.,1897,.,184475,рубли,OUTPUT AGRICULTURE,4.01,произведено расходов,.,.,леса казенные,.,.,.,,,,.,.,.,.,.,.,.,,,,.,ОР2,.,82,Павленко О.В.,.,1897
183,Архангельская губерния,1897_04,.,.,1897,.,1774661,рубли,OUTPUT AGRICULTURE,4.01,валовый доход,.,.,леса казенные,.,.,.,,,,.,.,.,.,.,.,.,,,,.,ОР2,.,82,Павленко О.В.,.,1897
6,Астраханская губерния,1897_05,.,.,1897,.,.,рубли,OUTPUT AGRICULTURE,4.01,добыто на сумму,рыболовство,.,.,.,.,.,,,,.,.,.,.,.,.,.,,,,.,"Ежегодник Министерства Финансов. Выпуск 1901 года. СПб.,1902. Вып. 31",.,677,Павленко О.В.,.,1897
95,Астраханская губерния,1897_05,.,.,1897,.,1309478.67,рубли,OUTPUT AGRICULTURE,4.01,доход от рыбной торговли,рыболовство,.,.,.,.,.,,,,.,.,.,.,.,.,.,,,,всего по Управлению рыбных и тюленьих промыслов,"Статистический обзор Астраханской губернии за 1897г. Астрахань, 1899",.,17,Павленко О.В.,.,1897
184,Астраханская губерния,1897_05,.,.,1897,.,22036,рубли,OUTPUT AGRICULTURE,4.01,валовый доход,.,.,леса казенные,.,.,.,,,,.,.,.,.,.,.,.,,,,.,ОР2,.,82,Павленко О.В.,.,1897
268,Астраханская губерния,1897_05,.,.,1897,.,30223,рубли,OUTPUT AGRICULTURE,4.01,произведено расходов,.,.,леса казенные,.,.,.,,,,.,.,.,.,.,.,.,,,,.,ОР2,.,82,Павленко О.В.,.,1897
7,Бакинская губерния,1897_06,.,.,1897,.,.,рубли,OUTPUT AGRICULTURE,4.01,добыто на сумму,рыболовство,.,.,.,.,.,,,,.,.,.,.,.,.,.,,,,.,"Ежегодник Министерства Финансов. Выпуск 1901 года. СПб.,1902. Вып. 31",.,677,Павленко О.В.,.,1897
96,Бакинская губерния,1897_06,.,.,1897,.,.,рубли,OUTPUT AGRICULTURE,4.01,доход от рыбной торговли,рыболовство,.,.,.,.,.,,,,.,.,.,.,.,.,.,,,,.,.,.,.,Павленко О.В.,.,1897
185,Бакинская губерния,1897_06,.,.,1897,.,50269,рубли,OUTPUT AGRICULTURE,4.01,валовый доход,.,.,леса казенные,.,.,.,,,,.,.,.,.,.,.,.,,,,.,ОР2,.,85,Павленко О.В.,.,1897
269,Бакинская губерния,1897_06,.,.,1897,.,38681,рубли,OUTPUT AGRICULTURE,4.01,произведено расходов,.,.,леса казенные,.,.,.,,,,.,.,.,.,.,.,.,,,,.,ОР2,.,85,Павленко О.В.,.,1897
186,Бессарабская губерния,1897_07,.,.,1897,.,46794,рубли,OUTPUT AGRICULTURE,4.01,валовый доход,.,.,леса казенные,.,.,.,,,,.,.,.,.,.,.,.,,,,.,ОР2,.,82,Павленко О.В.,.,1897
270,Бессарабская губерния,1897_07,.,.,1897,.,22158,рубли,OUTPUT AGRICULTURE,4.01,произведено расходов,.,.,леса казенные,.,.,.,,,,.,.,.,.,.,.,.,,,,.,ОР2,.,82,Павленко О.В.,.,1897
97,Бессарабская губерния,1897_07,.,.,1897,.,.,рубли,OUTPUT AGRICULTURE,4.01,доход от рыбной торговли,рыболовство,.,.,.,.,.,,,,.,.,.,.,.,.,.,,,,.,.,.,.,Павленко О.В.,.,1897
8,Бессарабская губерния,1897_07,.,.,1897,.,526400,рубли,OUTPUT AGRICULTURE,4.01,добыто на сумму,рыболовство,.,.,.,.,.,,,,.,.,.,.,.,.,.,,,,63 рыбных завода,"Ежегодник Министерства Финансов. Выпуск 1901 года. СПб.,1902. Вып. 31",.,677,Павленко О.В.,.,1897
187,Варшавская губерния,1897_09,.,.,1897,.,418310,рубли,OUTPUT AGRICULTURE,4.01,валовый доход,.,.,леса казенные,.,.,.,,,,.,.,.,.,.,.,.,,,,.,ОР2,.,82,Павленко О.В.,.,1897
98,Варшавская губерния,1897_09,.,.,1897,.,.,рубли,OUTPUT AGRICULTURE,4.01,доход от рыбной торговли,рыболовство,.,.,.,.,.,,,,.,.,.,.,.,.,.,,,,.,.,.,.,Павленко О.В.,.,1897
9,Варшавская губерния,1897_09,.,.,1897,.,.,рубли,OUTPUT AGRICULTURE,4.01,добыто на сумму,рыболовство,.,.,.,.,.,,,,.,.,.,.,.,.,.,,,,.,"Ежегодник Министерства Финансов. Выпуск 1901 года. СПб.,1902. Вып. 31",.,677,Павленко О.В.,.,1897
271,Варшавская губерния,1897_09,.,.,1897,.,49010,рубли,OUTPUT AGRICULTURE,4.01,произведено расходов,.,.,леса казенные,.,.,.,,,,.,.,.,.,.,.,.,,,,.,ОР2,.,82,Павленко О.В.,.,1897
272,Виленская губерния,1897_10,.,.,1897,.,68445,рубли,OUTPUT AGRICULTURE,4.01,произведено расходов,.,.,леса казенные,.,.,.,,,,.,.,.,.,.,.,.,,,,.,ОР2,.,82,Павленко О.В.,.,1897
188,Виленская губерния,1897_10,.,.,1897,.,371821,рубли,OUTPUT AGRICULTURE,4.01,валовый доход,.,.,леса казенные,.,.,.,,,,.,.,.,.,.,.,.,,,,.,ОР2,.,82,Павленко О.В.,.,1897
99,Виленская губерния,1897_10,.,.,1897,.,.,рубли,OUTPUT AGRICULTURE,4.01,доход от рыбной торговли,рыболовство,.,.,.,.,.,,,,.,.,.,.,.,.,.,,,,.,.,.,.,Павленко О.В.,.,1897
10,Виленская губерния,1897_10,.,.,1897,.,.,рубли,OUTPUT AGRICULTURE,4.01,добыто на сумму,рыболовство,.,.,.,.,.,,,,.,.,.,.,.,.,.,,,,.,"Ежегодник Министерства Финансов. Выпуск 1901 года. СПб.,1902. Вып. 31",.,677,Павленко О.В.,.,1897
100,Витебская губерния,1897_11,.,.,1897,.,.,рубли,OUTPUT AGRICULTURE,4.01,доход от рыбной торговли,рыболовство,.,.,.,.,.,,,,.,.,.,.,.,.,.,,,,.,.,.,.,Павленко О.В.,.,1897
273,Витебская губерния,1897_11,.,.,1897,.,106762,рубли,OUTPUT AGRICULTURE,4.01,произведено расходов,.,.,леса казенные,.,.,.,,,,.,.,.,.,.,.,.,,,,.,ОР2,.,82,Павленко О.В.,.,1897
189,Витебская губерния,1897_11,.,.,1897,.,830578,рубли,OUTPUT AGRICULTURE,4.01,валовый доход,.,.,леса казенные,.,.,.,,,,.,.,.,.,.,.,.,,,,.,ОР2,.,82,Павленко О.В.,.,1897
11,Витебская губерния,1897_11,.,.,1897,.,139519,рубли,OUTPUT AGRICULTURE,4.01,добыто на сумму,рыболовство,.,.,.,.,.,,,,.,.,.,.,.,.,.,,,,частиковая рыба,"Ежегодник Министерства Финансов. Выпуск 1901 года. СПб.,1902. Вып. 31",.,677,Павленко О.В.,доход от рыбы и икры,1897
190,Владимирская губерния,1897_12,.,.,1897,.,658317,рубли,OUTPUT AGRICULTURE,4.01,валовый доход,.,.,леса казенные,.,.,.,,,,.,.,.,.,.,.,.,,,,.,ОР2,.,82,Павленко О.В.,.,1897
274,Владимирская губерния,1897_12,.,.,1897,.,117885,рубли,OUTPUT AGRICULTURE,4.01,произведено расходов,.,.,леса казенные,.,.,.,,,,.,.,.,.,.,.,.,,,,.,ОР2,.,82,Павленко О.В.,.,1897
12,Владимирская губерния,1897_12,.,.,1897,.,.,рубли,OUTPUT AGRICULTURE,4.01,добыто на сумму,рыболовство,.,.,.,.,.,,,,.,.,.,.,.,.,.,,,,.,"Ежегодник Министерства Финансов. Выпуск 1901 года. СПб.,1902. Вып. 31",.,677,Павленко О.В.,.,1897
101,Владимирская губерния,1897_12,.,.,1897,.,.,рубли,OUTPUT AGRICULTURE,4.01,доход от рыбной торговли,рыболовство,.,.,.,.,.,,,,.,.,.,.,.,.,.,,,,.,.,.,.,Павленко О.В.,.,1897
13,Земля войска Донского,1897_13,.,.,1897,.,.,рубли,OUTPUT AGRICULTURE,4.01,добыто на сумму,рыболовство,.,.,.,.,.,,,,.,.,.,.,.,.,.,,,,.,"Ежегодник Министерства Финансов. Выпуск 1901 года. СПб.,1902. Вып. 31",.,677,Павленко О.В.,.,1897
346,Земля войска Донского,1897_13,.,.,1897,.,40351.019151846784,рубли,OUTPUT AGRICULTURE,4.01,произведено расходов,.,.,леса казенные,.,.,.,,,,.,.,.,.,.,.,.,,,,.,ОР2,.,82,Павленко О.В.,"в источнике данные приведены вместе для екатеринославской губернии и области войска донского. Разделил между губерниями, используя данные о занятости в лесной отрасли из таблицы 20 переписи 1897 г.",1897
102,Земля войска Донского,1897_13,.,.,1897,.,1858502,рубли,OUTPUT AGRICULTURE,4.01,доход от рыбной торговли,рыболовство,.,.,.,.,.,,,,.,.,.,.,.,.,.,,,,.,"Всеподданнейший отчет войскового наказного атамана о состоянии области Войска Донского за 1897 год. Новочерскасск, Б.г. Ч. 2. Гражданская ",.,43,Павленко О.В.,.,1897
263,Земля войска Донского,1897_13,.,.,1897,.,54728.761969904241,рубли,OUTPUT AGRICULTURE,4.01,валовый доход ,.,.,леса казенные,.,.,.,,,,.,.,.,.,.,.,.,,,,.,ОР2,.,82,Павленко О.В.,"в источнике данные приведены вместе для екатеринославской губернии и области войска донского. Разделил между губерниями, используя данные о занятости в лесной отрасли из таблицы 20 переписи 1897 г.",1897
275,Вологодская губерния,1897_14,.,.,1897,.,359372,рубли,OUTPUT AGRICULTURE,4.01,произведено расходов,.,.,леса казенные,.,.,.,,,,.,.,.,.,.,.,.,,,,.,ОР2,.,82,Павленко О.В.,.,1897
191,Вологодская губерния,1897_14,.,.,1897,.,1877051,рубли,OUTPUT AGRICULTURE,4.01,валовый доход,.,.,леса казенные,.,.,.,,,,.,.,.,.,.,.,.,,,,.,ОР2,.,82,Павленко О.В.,.,1897
14,Вологодская губерния,1897_14,.,.,1897,.,66000,рубли,OUTPUT AGRICULTURE,4.01,добыто на сумму,рыболовство,.,.,.,.,.,,,,.,.,.,.,.,.,.,,,,красная и частиковая рыба,"Ежегодник Министерства Финансов. Выпуск 1901 года. СПб.,1902. Вып. 31",.,677,Павленко О.В.,доход от рыбы и икры,1897
103,Вологодская губерния,1897_14,.,.,1897,.,7000,рубли,OUTPUT AGRICULTURE,4.01,доход от рыбной торговли,рыболовство,.,.,.,.,.,,,,.,.,.,.,.,.,.,,,,.,"Обзор Вологодской губернии за 1897 г.  Вологда,1899",.,9,Павленко О.В.,"рассматривается как местный промысел, указан приблизительный заработок местного насления только для Устьсясольского уезда, еще для двух доход от рыбольовства дан в совокупности с охотой",1897
104,Волынская губерния,1897_15,.,.,1897,.,.,рубли,OUTPUT AGRICULTURE,4.01,доход от рыбной торговли,рыболовство,.,.,.,.,.,,,,.,.,.,.,.,.,.,,,,.,.,.,.,Павленко О.В.,.,1897
15,Волынская губерния,1897_15,.,.,1897,.,.,рубли,OUTPUT AGRICULTURE,4.01,добыто на сумму,рыболовство,.,.,.,.,.,,,,.,.,.,.,.,.,.,,,,.,"Ежегодник Министерства Финансов. Выпуск 1901 года. СПб.,1902. Вып. 31",.,677,Павленко О.В.,.,1897
192,Волынская губерния,1897_15,.,.,1897,.,1327747,рубли,OUTPUT AGRICULTURE,4.01,валовый доход,.,.,леса казенные,.,.,.,,,,.,.,.,.,.,.,.,,,,.,ОР2,.,82,Павленко О.В.,.,1897
276,Волынская губерния,1897_15,.,.,1897,.,124125,рубли,OUTPUT AGRICULTURE,4.01,произведено расходов,.,.,леса казенные,.,.,.,,,,.,.,.,.,.,.,.,,,,.,ОР2,.,82,Павленко О.В.,.,1897
277,Воронежская губерния,1897_16,.,.,1897,.,95431,рубли,OUTPUT AGRICULTURE,4.01,произведено расходов,.,.,леса казенные,.,.,.,,,,.,.,.,.,.,.,.,,,,.,ОР2,.,82,Павленко О.В.,.,1897
193,Воронежская губерния,1897_16,.,.,1897,.,741116,рубли,OUTPUT AGRICULTURE,4.01,валовый доход,.,.,леса казенные,.,.,.,,,,.,.,.,.,.,.,.,,,,.,ОР2,.,82,Павленко О.В.,.,1897
16,Воронежская губерния,1897_16,.,.,1897,.,.,рубли,OUTPUT AGRICULTURE,4.01,добыто на сумму,рыболовство,.,.,.,.,.,,,,.,.,.,.,.,.,.,,,,.,"Ежегодник Министерства Финансов. Выпуск 1901 года. СПб.,1902. Вып. 31",.,677,Павленко О.В.,.,1897
105,Воронежская губерния,1897_16,.,.,1897,.,.,рубли,OUTPUT AGRICULTURE,4.01,доход от рыбной торговли,рыболовство,.,.,.,.,.,,,,.,.,.,.,.,.,.,,,,.,.,.,.,Павленко О.В.,.,1897
1,Выборгская губерния,1897_17,.,.,1897,.,31017,марки,OUTPUT AGRICULTURE,4.01,валовый доход,рыболовство,.,.,.,.,.,,,,.,.,.,.,.,.,.,,,,.,"Отчет о состоянии Выборгской губернии за 1897 г. // Kansallissarkisto (Национальный архив Финляндии). KKK (Kenraalikuvernöörinkanslia), 69(I-IV)/1897",.,.,Павленко О.В.,.,1897
264,Выборгская губерния,1897_17,.,.,1897,.,66656.837863000008,марки,OUTPUT AGRICULTURE,4.01,произведено расходов,.,.,леса казенные,.,.,.,,,,.,.,.,.,.,.,.,,,,.,"Статистический ежегодник Финляндии за 1900. Гельсингфорс,1900",.,.,Павленко О.В.,"в источнике дана площадь лесов для выборгской и санкт-михельськой губ вместе. Разделил между губерниями, используя данные о площади губерний из стрельбицкого ",1897
2,Выборгская губерния,1897_17,.,.,1897,.,.,марки,OUTPUT AGRICULTURE,4.01,добыто на сумму,рыболовство,.,.,.,.,.,,,,.,.,.,.,.,.,.,,,,.,"Ежегодник Министерства Финансов. Выпуск 1901 года. СПб.,1902. Вып. 31",.,677,Павленко О.В.,.,1897
181,Выборгская губерния,1897_17,.,.,1897,.,118229.694558,марки,OUTPUT AGRICULTURE,4.01,валовый доход,.,.,леса казенные,.,.,.,,,,.,.,.,.,.,.,.,,,,.,"Статистический ежегодник Финляндии за 1900. Гельсингфорс,1900",.,.,Павленко О.В.,"в источнике дана площадь лесов для выборгской и санкт-михельськой губ вместе. Разделил между губерниями, используя данные о площади губерний из стрельбицкого ",1897
17,Вятская губерния,1897_18,.,.,1897,.,.,рубли,OUTPUT AGRICULTURE,4.01,добыто на сумму,рыболовство,.,.,.,.,.,,,,.,.,.,.,.,.,.,,,,.,"Ежегодник Министерства Финансов. Выпуск 1901 года. СПб.,1902. Вып. 31",.,677,Павленко О.В.,.,1897
106,Вятская губерния,1897_18,.,.,1897,.,.,рубли,OUTPUT AGRICULTURE,4.01,доход от рыбной торговли,рыболовство,.,.,.,.,.,,,,.,.,.,.,.,.,.,,,,.,.,.,.,Павленко О.В.,.,1897
194,Вятская губерния,1897_18,.,.,1897,.,1863286,рубли,OUTPUT AGRICULTURE,4.01,валовый доход,.,.,леса казенные,.,.,.,,,,.,.,.,.,.,.,.,,,,.,ОР2,.,82,Павленко О.В.,.,1897
278,Вятская губерния,1897_18,.,.,1897,.,338288,рубли,OUTPUT AGRICULTURE,4.01,произведено расходов,.,.,леса казенные,.,.,.,,,,.,.,.,.,.,.,.,,,,.,ОР2,.,82,Павленко О.В.,.,1897
279,Гродненская губерния,1897_19,.,.,1897,.,122431,рубли,OUTPUT AGRICULTURE,4.01,произведено расходов,.,.,леса казенные,.,.,.,,,,.,.,.,.,.,.,.,,,,.,ОР2,.,82,Павленко О.В.,.,1897
107,Гродненская губерния,1897_19,.,.,1897,.,.,рубли,OUTPUT AGRICULTURE,4.01,доход от рыбной торговли,рыболовство,.,.,.,.,.,,,,.,.,.,.,.,.,.,,,,.,.,.,.,Павленко О.В.,.,1897
18,Гродненская губерния,1897_19,.,.,1897,.,.,рубли,OUTPUT AGRICULTURE,4.01,добыто на сумму,рыболовство,.,.,.,.,.,,,,.,.,.,.,.,.,.,,,,.,"Ежегодник Министерства Финансов. Выпуск 1901 года. СПб.,1902. Вып. 31",.,677,Павленко О.В.,.,1897
195,Гродненская губерния,1897_19,.,.,1897,.,1375048,рубли,OUTPUT AGRICULTURE,4.01,валовый доход,.,.,леса казенные,.,.,.,,,,.,.,.,.,.,.,.,,,,.,ОР2,.,82,Павленко О.В.,.,1897
108,Дагестанская область,1897_20,.,.,1897,.,126120,рубли,OUTPUT AGRICULTURE,4.01,доход от рыбной торговли,рыболовство,.,.,.,.,.,,,,.,.,.,.,.,.,.,,,,.,"Обзор о состоянии Дагестанской области за 1897 г.Темир-Хан-Шура, Б.г.",.,37,Павленко О.В.,в т.ч. доход от добытой икры  ( 14800 р. ),1897
19,Дагестанская область,1897_20,.,.,1897,.,.,рубли,OUTPUT AGRICULTURE,4.01,добыто на сумму,рыболовство,.,.,.,.,.,,,,.,.,.,.,.,.,.,,,,.,"Ежегодник Министерства Финансов. Выпуск 1901 года. СПб.,1902. Вып. 31",.,677,Павленко О.В.,доход от рыбы и икры,1897
196,Дагестанская область,1897_20,.,.,1897,.,9399,рубли,OUTPUT AGRICULTURE,4.01,валовый доход,.,.,леса казенные,.,.,.,,,,.,.,.,.,.,.,.,,,,.,ОР2,.,82,Павленко О.В.,.,1897
280,Дагестанская область,1897_20,.,.,1897,.,16154,рубли,OUTPUT AGRICULTURE,4.01,произведено расходов,.,.,леса казенные,.,.,.,,,,.,.,.,.,.,.,.,,,,.,ОР2,.,82,Павленко О.В.,.,1897
109,Екатеринославская губерния,1897_21,.,.,1897,.,.,рубли,OUTPUT AGRICULTURE,4.01,доход от рыбной торговли,рыболовство,.,.,.,.,.,,,,.,.,.,.,.,.,.,,,,.,.,.,.,Павленко О.В.,.,1897
281,Екатеринославская губерния,1897_21,.,.,1897,.,42737.980848153216,рубли,OUTPUT AGRICULTURE,4.01,произведено расходов,.,.,леса казенные,.,.,.,,,,.,.,.,.,.,.,.,,,,.,ОР2,.,82,Павленко О.В.,.,1897
197,Екатеринославская губерния,1897_21,.,.,1897,.,57966.238030095759,рубли,OUTPUT AGRICULTURE,4.01,валовый доход,.,.,леса казенные,.,.,.,,,,.,.,.,.,.,.,.,,,,.,ОР2,.,82,Павленко О.В.,"в источнике данные приведены вместе для екатеринославской губернии и области войска донского. Разделил между губерниями, используя данные о занятости в лесной отрасли из таблицы 20 переписи 1897 г.",1897
20,Екатеринославская губерния,1897_21,.,.,1897,.,.,рубли,OUTPUT AGRICULTURE,4.01,добыто на сумму,рыболовство,.,.,.,.,.,,,,.,.,.,.,.,.,.,,,,.,"Ежегодник Министерства Финансов. Выпуск 1901 года. СПб.,1902. Вып. 31",.,677,Павленко О.В.,.,1897
21,Елисаветпольская губерния,1897_22,.,.,1897,.,.,рубли,OUTPUT AGRICULTURE,4.01,добыто на сумму,рыболовство,.,.,.,.,.,,,,.,.,.,.,.,.,.,,,,.,"Ежегодник Министерства Финансов. Выпуск 1901 года. СПб.,1902. Вып. 31",.,677,Павленко О.В.,.,1897
110,Елисаветпольская губерния,1897_22,.,.,1897,.,.,рубли,OUTPUT AGRICULTURE,4.01,доход от рыбной торговли,рыболовство,.,.,.,.,.,,,,.,.,.,.,.,.,.,,,,.,.,.,.,Павленко О.В.,.,1897
198,Елисаветпольская губерния,1897_22,.,.,1897,.,108083,рубли,OUTPUT AGRICULTURE,4.01,валовый доход,.,.,леса казенные,.,.,.,,,,.,.,.,.,.,.,.,,,,.,ОР2,.,85,Павленко О.В.,.,1897
282,Елисаветпольская губерния,1897_22,.,.,1897,.,60812,рубли,OUTPUT AGRICULTURE,4.01,произведено расходов,.,.,леса казенные,.,.,.,,,,.,.,.,.,.,.,.,,,,.,ОР2,.,85,Павленко О.В.,"в источнике данные приведены вместе для екатеринославской губернии и области войска донского. Разделил между губерниями, используя данные о занятости в лесной отрасли из таблицы 20 переписи 1897 г.",1897
111,Енисейская губерния,1897_23,.,.,1897,.,90135.7,рубли,OUTPUT AGRICULTURE,4.01,доход от рыбной торговли,рыболовство,.,.,.,.,.,,,,.,.,.,.,.,.,.,,,,В губернии за исключением Туруханского края,"Статистический обзор Енисейской губернии за 1897г. Красноярск,1898",.,11,Павленко О.В.,сумма выловленной рыбы и добытой икры.,1897
283,Енисейская губерния,1897_23,.,.,1897,.,24809,рубли,OUTPUT AGRICULTURE,4.01,произведено расходов,.,.,леса казенные,.,.,.,,,,.,.,.,.,.,.,.,,,,.,ОР2,.,86,Павленко О.В.,.,1897
199,Енисейская губерния,1897_23,.,.,1897,.,72702,рубли,OUTPUT AGRICULTURE,4.01,валовый доход,.,.,леса казенные,.,.,.,,,,.,.,.,.,.,.,.,,,,.,ОР2,.,86,Павленко О.В.,.,1897
22,Енисейская губерния,1897_23,.,.,1897,.,139171,рубли,OUTPUT AGRICULTURE,4.01,добыто на сумму,рыболовство,.,.,.,.,.,,,,.,.,.,.,.,.,.,,,,.,"Ежегодник Министерства Финансов. Выпуск 1901 года. СПб.,1902. Вып. 31",.,677,Павленко О.В.,.,1897
284,Забайкальская область,1897_24,.,.,1897,.,41419.410000000003,рубли,OUTPUT AGRICULTURE,4.01,произведено расходов,.,.,леса казенные,.,.,.,,,,.,.,.,.,.,.,.,,,,.,"Обзор Забайкальской области за 1897 г. Чита.,1898",.,17,Павленко О.В.,.,1897
261,Забайкальская область,1897_24,.,.,1897,.,61935.74,рубли,OUTPUT AGRICULTURE,4.01,валовый доход ,.,.,леса казенные,.,.,.,,,,.,.,.,.,.,.,.,,,,.,"Обзор Забайкальской области за 1897 г. Чита.,1898",.,17,Павленко О.В.,.,1897
23,Забайкальская область,1897_24,.,.,1897,.,800000,рубли,OUTPUT AGRICULTURE,4.01,добыто на сумму,рыболовство,.,.,.,.,.,,,,.,.,.,.,.,.,.,,,,.,"Ежегодник Министерства Финансов. Выпуск 1901 года. СПб.,1902. Вып. 31",.,677,Павленко О.В.,.,1897
112,Забайкальская область,1897_24,.,.,1897,.,200000,рубли,OUTPUT AGRICULTURE,4.01,доход от рыбной торговли,рыболовство,.,.,.,.,.,,,,.,.,.,.,.,.,.,,,,кроме вылова омуля,"Обзор Забайкальской области за 1897 г. Чита.,1898",.,7,Павленко О.В.,.,1897
265,Закаспийская область,1897_25,.,.,1897,.,24832.86,рубли,OUTPUT AGRICULTURE,4.01,произведено расходов,.,.,леса казенные,.,.,.,,,,.,.,.,.,.,.,.,,,,.,Обзор Закаспийской области за 1897 г. ,.,Ведомость №6,Павленко О.В.,.,1897
113,Закаспийская область,1897_25,.,.,1897,.,.,рубли,OUTPUT AGRICULTURE,4.01,доход от рыбной торговли,рыболовство,.,.,.,.,.,,,,.,.,.,.,.,.,.,,,,.,.,.,.,Павленко О.В.,.,1897
260,Закаспийская область,1897_25,.,.,1897,.,29399.26,рубли,OUTPUT AGRICULTURE,4.01,валовый доход ,.,.,леса казенные,.,.,.,,,,.,.,.,.,.,.,.,,,,.,Обзор Закаспийской области за 1897 г. ,.,Ведомость №6,Павленко О.В.,.,1897
24,Закаспийская область,1897_25,.,.,1897,.,.,рубли,OUTPUT AGRICULTURE,4.01,добыто на сумму,рыболовство,.,.,.,.,.,,,,.,.,.,.,.,.,.,,,,.,"Ежегодник Министерства Финансов. Выпуск 1901 года. СПб.,1902. Вып. 31",.,677,Павленко О.В.,.,1897
285,Иркутская губерния,1897_26,.,.,1897,.,28768,рубли,OUTPUT AGRICULTURE,4.01,произведено расходов,.,.,леса казенные,.,.,.,,,,.,.,.,.,.,.,.,,,,.,ОР2,.,86,Павленко О.В.,.,1897
200,Иркутская губерния,1897_26,.,.,1897,.,59140,рубли,OUTPUT AGRICULTURE,4.01,валовый доход,.,.,леса казенные,.,.,.,,,,.,.,.,.,.,.,.,,,,.,ОР2,.,86,Павленко О.В.,.,1897
114,Иркутская губерния,1897_26,.,.,1897,.,25000,рубли,OUTPUT AGRICULTURE,4.01,доход от рыбной торговли,рыболовство,.,.,.,.,.,,,,.,.,.,.,.,.,.,,,,.,"Обзор Иркутской губернии за 1896 г. Иркутск,1897 ",.,.,Павленко О.В.,.,1897
25,Иркутская губерния,1897_26,.,.,1897,.,69000,рубли,OUTPUT AGRICULTURE,4.01,добыто на сумму,рыболовство,.,.,.,.,.,,,,.,.,.,.,.,.,.,,,,.,"Ежегодник Министерства Финансов. Выпуск 1901 года. СПб.,1902. Вып. 31",.,677,Павленко О.В.,.,1897
201,Казанская губерния,1897_27,.,.,1897,.,2278635,рубли,OUTPUT AGRICULTURE,4.01,валовый доход,.,.,леса казенные,.,.,.,,,,.,.,.,.,.,.,.,,,,.,ОР2,.,83,Павленко О.В.,.,1897
26,Казанская губерния,1897_27,.,.,1897,.,80836,рубли,OUTPUT AGRICULTURE,4.01,добыто на сумму,рыболовство,.,.,.,.,.,,,,.,.,.,.,.,.,.,,,,красная и частиковая рыба,"Ежегодник Министерства Финансов. Выпуск 1901 года. СПб.,1902. Вып. 31",.,677,Павленко О.В.,доход от рыбы и икры,1897
115,Казанская губерния,1897_27,.,.,1897,.,.,рубли,OUTPUT AGRICULTURE,4.01,доход от рыбной торговли,рыболовство,.,.,.,.,.,,,,.,.,.,.,.,.,.,,,,.,.,.,.,Павленко О.В.,.,1897
286,Казанская губерния,1897_27,.,.,1897,.,292729,рубли,OUTPUT AGRICULTURE,4.01,произведено расходов,.,.,леса казенные,.,.,.,,,,.,.,.,.,.,.,.,,,,.,ОР2,.,83,Павленко О.В.,.,1897
287,Калишская губерния,1897_28,.,.,1897,.,14197,рубли,OUTPUT AGRICULTURE,4.01,произведено расходов,.,.,леса казенные,.,.,.,,,,.,.,.,.,.,.,.,,,,.,ОР2,.,83,Павленко О.В.,.,1897
27,Калишская губерния,1897_28,.,.,1897,.,80836,рубли,OUTPUT AGRICULTURE,4.01,добыто на сумму,рыболовство,.,.,.,.,.,,,,.,.,.,.,.,.,.,,,,красная рыба и частиковая,"Ежегодник Министерства Финансов. Выпуск 1901 года. СПб.,1902. Вып. 31",.,677,Павленко О.В.,.,1897
202,Калишская губерния,1897_28,.,.,1897,.,131329,рубли,OUTPUT AGRICULTURE,4.01,валовый доход,.,.,леса казенные,.,.,.,,,,.,.,.,.,.,.,.,,,,.,ОР2,.,83,Павленко О.В.,.,1897
116,Калишская губерния,1897_28,.,.,1897,.,.,рубли,OUTPUT AGRICULTURE,4.01,доход от рыбной торговли,рыболовство,.,.,.,.,.,,,,.,.,.,.,.,.,.,,,,.,.,.,.,Павленко О.В.,.,1897
28,Калужская губерния,1897_29,.,.,1897,.,.,рубли,OUTPUT AGRICULTURE,4.01,добыто на сумму,рыболовство,.,.,.,.,.,,,,.,.,.,.,.,.,.,,,,.,"Ежегодник Министерства Финансов. Выпуск 1901 года. СПб.,1902. Вып. 31",.,677,Павленко О.В.,.,1897
288,Калужская губерния,1897_29,.,.,1897,.,65236,рубли,OUTPUT AGRICULTURE,4.01,произведено расходов,.,.,леса казенные,.,.,.,,,,.,.,.,.,.,.,.,,,,.,ОР2,.,83,Павленко О.В.,.,1897
203,Калужская губерния,1897_29,.,.,1897,.,340046,рубли,OUTPUT AGRICULTURE,4.01,валовый доход,.,.,леса казенные,.,.,.,,,,.,.,.,.,.,.,.,,,,.,ОР2,.,83,Павленко О.В.,.,1897
117,Калужская губерния,1897_29,.,.,1897,.,.,рубли,OUTPUT AGRICULTURE,4.01,доход от рыбной торговли,рыболовство,.,.,.,.,.,,,,.,.,.,.,.,.,.,,,,.,.,.,.,Павленко О.В.,.,1897
29,Карская губерния,1897_30,.,.,1897,.,.,рубли,OUTPUT AGRICULTURE,4.01,добыто на сумму,рыболовство,.,.,.,.,.,,,,.,.,.,.,.,.,.,,,,.,"Ежегодник Министерства Финансов. Выпуск 1901 года. СПб.,1902. Вып. 31",.,677,Павленко О.В.,.,1897
289,Карская губерния,1897_30,.,.,1897,.,38535,рубли,OUTPUT AGRICULTURE,4.01,произведено расходов,.,.,леса казенные,.,.,.,,,,.,.,.,.,.,.,.,,,,.,ОР2,.,85,Павленко О.В.,.,1897
204,Карская губерния,1897_30,.,.,1897,.,108173,рубли,OUTPUT AGRICULTURE,4.01,валовый доход,.,.,леса казенные,.,.,.,,,,.,.,.,.,.,.,.,,,,.,ОР2,.,85,Павленко О.В.,.,1897
118,Карская губерния,1897_30,.,.,1897,.,.,рубли,OUTPUT AGRICULTURE,4.01,доход от рыбной торговли,рыболовство,.,.,.,.,.,,,,.,.,.,.,.,.,.,,,,.,.,.,.,Павленко О.В.,.,1897
119,Келецкая губерния,1897_31,.,.,1897,.,.,рубли,OUTPUT AGRICULTURE,4.01,доход от рыбной торговли,рыболовство,.,.,.,.,.,,,,.,.,.,.,.,.,.,,,,.,.,.,.,Павленко О.В.,.,1897
30,Келецкая губерния,1897_31,.,.,1897,.,.,рубли,OUTPUT AGRICULTURE,4.01,добыто на сумму,рыболовство,.,.,.,.,.,,,,.,.,.,.,.,.,.,,,,.,"Ежегодник Министерства Финансов. Выпуск 1901 года. СПб.,1902. Вып. 31",.,677,Павленко О.В.,.,1897
205,Келецкая губерния,1897_31,.,.,1897,.,414725,рубли,OUTPUT AGRICULTURE,4.01,валовый доход,.,.,леса казенные,.,.,.,,,,.,.,.,.,.,.,.,,,,.,ОР2,.,83,Павленко О.В.,.,1897
290,Келецкая губерния,1897_31,.,.,1897,.,56797,рубли,OUTPUT AGRICULTURE,4.01,произведено расходов,.,.,леса казенные,.,.,.,,,,.,.,.,.,.,.,.,,,,.,ОР2,.,83,Павленко О.В.,.,1897
206,Киевская губерния,1897_32,.,.,1897,.,1153139,рубли,OUTPUT AGRICULTURE,4.01,валовый доход,.,.,леса казенные,.,.,.,,,,.,.,.,.,.,.,.,,,,.,ОР2,.,83,Павленко О.В.,.,1897
120,Киевская губерния,1897_32,.,.,1897,.,.,рубли,OUTPUT AGRICULTURE,4.01,доход от рыбной торговли,рыболовство,.,.,.,.,.,,,,.,.,.,.,.,.,.,,,,.,.,.,.,Павленко О.В.,.,1897
31,Киевская губерния,1897_32,.,.,1897,.,.,рубли,OUTPUT AGRICULTURE,4.01,добыто на сумму,рыболовство,.,.,.,.,.,,,,.,.,.,.,.,.,.,,,,.,"Ежегодник Министерства Финансов. Выпуск 1901 года. СПб.,1902. Вып. 31",.,677,Павленко О.В.,.,1897
291,Киевская губерния,1897_32,.,.,1897,.,136202,рубли,OUTPUT AGRICULTURE,4.01,произведено расходов,.,.,леса казенные,.,.,.,,,,.,.,.,.,.,.,.,,,,.,ОР2,.,83,Павленко О.В.,.,1897
292,Ковенская губерния,1897_33,.,.,1897,.,68382,рубли,OUTPUT AGRICULTURE,4.01,произведено расходов,.,.,леса казенные,.,.,.,,,,.,.,.,.,.,.,.,,,,.,ОР2,.,83,Павленко О.В.,.,1897
207,Ковенская губерния,1897_33,.,.,1897,.,504767,рубли,OUTPUT AGRICULTURE,4.01,валовый доход,.,.,леса казенные,.,.,.,,,,.,.,.,.,.,.,.,,,,.,ОР2,.,83,Павленко О.В.,.,1897
121,Ковенская губерния,1897_33,.,.,1897,.,.,рубли,OUTPUT AGRICULTURE,4.01,доход от рыбной торговли,рыболовство,.,.,.,.,.,,,,.,.,.,.,.,.,.,,,,.,.,.,.,Павленко О.В.,.,1897
32,Ковенская губерния,1897_33,.,.,1897,.,.,рубли,OUTPUT AGRICULTURE,4.01,добыто на сумму,рыболовство,.,.,.,.,.,,,,.,.,.,.,.,.,.,,,,.,"Ежегодник Министерства Финансов. Выпуск 1901 года. СПб.,1902. Вып. 31",.,677,Павленко О.В.,.,1897
293,Костромская губерния,1897_34,.,.,1897,.,141999,рубли,OUTPUT AGRICULTURE,4.01,произведено расходов,.,.,леса казенные,.,.,.,,,,.,.,.,.,.,.,.,,,,.,ОР2,.,83,Павленко О.В.,.,1897
33,Костромская губерния,1897_34,.,.,1897,.,63346,рубли,OUTPUT AGRICULTURE,4.01,добыто на сумму,рыболовство,.,.,.,.,.,,,,.,.,.,.,.,.,.,,,,"красная рыба, частиковая рыба, клей","Ежегодник Министерства Финансов. Выпуск 1901 года. СПб.,1902. Вып. 31",.,677,Павленко О.В.,доход от рыбы и икры,1897
122,Костромская губерния,1897_34,.,.,1897,.,.,рубли,OUTPUT AGRICULTURE,4.01,доход от рыбной торговли,рыболовство,.,.,.,.,.,,,,.,.,.,.,.,.,.,,,,.,.,.,.,Павленко О.В.,.,1897
208,Костромская губерния,1897_34,.,.,1897,.,454797,рубли,OUTPUT AGRICULTURE,4.01,валовый доход,.,.,леса казенные,.,.,.,,,,.,.,.,.,.,.,.,,,,.,ОР2,.,83,Павленко О.В.,.,1897
209,Кубанская область,1897_35,.,.,1897,.,80005,рубли,OUTPUT AGRICULTURE,4.01,валовый доход,.,.,леса казенные,.,.,.,,,,.,.,.,.,.,.,.,,,,.,ОР2,.,85,Павленко О.В.,.,1897
123,Кубанская область,1897_35,.,.,1897,.,543468.4,рубли,OUTPUT AGRICULTURE,4.01,доход от рыбной торговли,рыболовство,.,.,.,.,.,,,,.,.,.,.,.,.,.,,,,.,"Отчет начальника Кубанской области и наказного атамана Кубанского казачьего войска о состоянии области и войска за 1897 год. Екатеринодар,1898",.,82,Павленко О.В.,.,1897
34,Кубанская область,1897_35,.,.,1897,.,620208,рубли,OUTPUT AGRICULTURE,4.01,добыто на сумму,рыболовство,.,.,.,.,.,,,,.,.,.,.,.,.,.,,,,.,"Ежегодник Министерства Финансов. Выпуск 1901 года. СПб.,1902. Вып. 31",.,677,Павленко О.В.,доход от рыбы и икры,1897
294,Кубанская область,1897_35,.,.,1897,.,30320,рубли,OUTPUT AGRICULTURE,4.01,произведено расходов,.,.,леса казенные,.,.,.,,,,.,.,.,.,.,.,.,,,,.,ОР2,.,85,Павленко О.В.,.,1897
295,Курляндская губерния,1897_37,.,.,1897,.,73236,рубли,OUTPUT AGRICULTURE,4.01,произведено расходов,.,.,леса казенные,.,.,.,,,,.,.,.,.,.,.,.,,,,.,ОР2,.,83,Павленко О.В.,.,1897
210,Курляндская губерния,1897_37,.,.,1897,.,1206464,рубли,OUTPUT AGRICULTURE,4.01,валовый доход,.,.,леса казенные,.,.,.,,,,.,.,.,.,.,.,.,,,,.,ОР2,.,83,Павленко О.В.,.,1897
124,Курляндская губерния,1897_37,.,.,1897,.,.,рубли,OUTPUT AGRICULTURE,4.01,доход от рыбной торговли,рыболовство,.,.,.,.,.,,,,.,.,.,.,.,.,.,,,,.,.,.,.,Павленко О.В.,.,1897
35,Курляндская губерния,1897_37,.,.,1897,.,.,рубли,OUTPUT AGRICULTURE,4.01,добыто на сумму,рыболовство,.,.,.,.,.,,,,.,.,.,.,.,.,.,,,,.,"Ежегодник Министерства Финансов. Выпуск 1901 года. СПб.,1902. Вып. 31",.,677,Павленко О.В.,.,1897
211,Курская губерния,1897_38,.,.,1897,.,259832,рубли,OUTPUT AGRICULTURE,4.01,валовый доход,.,.,леса казенные,.,.,.,,,,.,.,.,.,.,.,.,,,,.,ОР2,.,83,Павленко О.В.,.,1897
296,Курская губерния,1897_38,.,.,1897,.,70306,рубли,OUTPUT AGRICULTURE,4.01,произведено расходов,.,.,леса казенные,.,.,.,,,,.,.,.,.,.,.,.,,,,.,ОР2,.,83,Павленко О.В.,.,1897
36,Курская губерния,1897_38,.,.,1897,.,.,рубли,OUTPUT AGRICULTURE,4.01,добыто на сумму,рыболовство,.,.,.,.,.,,,,.,.,.,.,.,.,.,,,,.,"Ежегодник Министерства Финансов. Выпуск 1901 года. СПб.,1902. Вып. 31",.,677,Павленко О.В.,.,1897
125,Курская губерния,1897_38,.,.,1897,.,.,рубли,OUTPUT AGRICULTURE,4.01,доход от рыбной торговли,рыболовство,.,.,.,.,.,,,,.,.,.,.,.,.,.,,,,.,.,.,.,Павленко О.В.,.,1897
37,Кутаисская  губерния вкл. Сухумский округ,1897_39,.,.,1897,.,.,рубли,OUTPUT AGRICULTURE,4.01,добыто на сумму,рыболовство,.,.,.,.,.,,,,.,.,.,.,.,.,.,,,,.,"Ежегодник Министерства Финансов. Выпуск 1901 года. СПб.,1902. Вып. 31",.,677,Павленко О.В.,.,1897
297,Кутаисская  губерния вкл. Сухумский округ,1897_39,.,.,1897,.,83507,рубли,OUTPUT AGRICULTURE,4.01,произведено расходов,.,.,леса казенные,.,.,.,,,,.,.,.,.,.,.,.,,,,.,ОР2,.,86,Павленко О.В.,.,1897
212,Кутаисская  губерния вкл. Сухумский округ,1897_39,.,.,1897,.,103027,рубли,OUTPUT AGRICULTURE,4.01,валовый доход,.,.,леса казенные,.,.,.,,,,.,.,.,.,.,.,.,,,,.,ОР2,.,86,Павленко О.В.,.,1897
126,Кутаисская  губерния вкл. Сухумский округ,1897_39,.,.,1897,.,.,рубли,OUTPUT AGRICULTURE,4.01,доход от рыбной торговли,рыболовство,.,.,.,.,.,,,,.,.,.,.,.,.,.,,,,.,.,.,.,Павленко О.В.,.,1897
127,Лифляндская губерния,1897_40,.,.,1897,.,.,рубли,OUTPUT AGRICULTURE,4.01,доход от рыбной торговли,рыболовство,.,.,.,.,.,,,,.,.,.,.,.,.,.,,,,.,.,.,.,Павленко О.В.,.,1897
298,Лифляндская губерния,1897_40,.,.,1897,.,42621,рубли,OUTPUT AGRICULTURE,4.01,произведено расходов,.,.,леса казенные,.,.,.,,,,.,.,.,.,.,.,.,,,,.,ОР2,.,83,Павленко О.В.,"в источнике дана площадь лесов для лифляндской и эстляндской губернии вместе - 42621 руб. Разделил между губерниями, используя данные о занятости в лесном хозяйстве из таблицы 20 переписи 1897 как веса",1897
213,Лифляндская губерния,1897_40,.,.,1897,.,257836.00000000047,рубли,OUTPUT AGRICULTURE,4.01,валовый доход,.,.,леса казенные,.,.,.,,,,.,.,.,.,.,.,.,,,,.,ОР2,.,83,Павленко О.В.,.,1897
38,Лифляндская губерния,1897_40,.,.,1897,.,.,рубли,OUTPUT AGRICULTURE,4.01,добыто на сумму,рыболовство,.,.,.,.,.,,,,.,.,.,.,.,.,.,,,,.,"Ежегодник Министерства Финансов. Выпуск 1901 года. СПб.,1902. Вып. 31",.,677,Павленко О.В.,.,1897
128,Ломжинская губерния,1897_41,.,.,1897,.,.,рубли,OUTPUT AGRICULTURE,4.01,доход от рыбной торговли,рыболовство,.,.,.,.,.,,,,.,.,.,.,.,.,.,,,,.,.,.,.,Павленко О.В.,.,1897
214,Ломжинская губерния,1897_41,.,.,1897,.,440816,рубли,OUTPUT AGRICULTURE,4.01,валовый доход,.,.,леса казенные,.,.,.,,,,.,.,.,.,.,.,.,,,,.,ОР2,.,83,Павленко О.В.,.,1897
299,Ломжинская губерния,1897_41,.,.,1897,.,46558,рубли,OUTPUT AGRICULTURE,4.01,произведено расходов,.,.,леса казенные,.,.,.,,,,.,.,.,.,.,.,.,,,,.,ОР2,.,83,Павленко О.В.,.,1897
39,Ломжинская губерния,1897_41,.,.,1897,.,.,рубли,OUTPUT AGRICULTURE,4.01,добыто на сумму,рыболовство,.,.,.,.,.,,,,.,.,.,.,.,.,.,,,,.,"Ежегодник Министерства Финансов. Выпуск 1901 года. СПб.,1902. Вып. 31",.,677,Павленко О.В.,.,1897
215,Люблинская губерния,1897_42,.,.,1897,.,170849,рубли,OUTPUT AGRICULTURE,4.01,валовый доход,.,.,леса казенные,.,.,.,,,,.,.,.,.,.,.,.,,,,.,ОР2,.,83,Павленко О.В.,.,1897
40,Люблинская губерния,1897_42,.,.,1897,.,.,рубли,OUTPUT AGRICULTURE,4.01,добыто на сумму,рыболовство,.,.,.,.,.,,,,.,.,.,.,.,.,.,,,,.,"Ежегодник Министерства Финансов. Выпуск 1901 года. СПб.,1902. Вып. 31",.,677,Павленко О.В.,.,1897
300,Люблинская губерния,1897_42,.,.,1897,.,21631,рубли,OUTPUT AGRICULTURE,4.01,произведено расходов,.,.,леса казенные,.,.,.,,,,.,.,.,.,.,.,.,,,,.,ОР2,.,83,Павленко О.В.,.,1897
129,Люблинская губерния,1897_42,.,.,1897,.,.,рубли,OUTPUT AGRICULTURE,4.01,доход от рыбной торговли,рыболовство,.,.,.,.,.,,,,.,.,.,.,.,.,.,,,,.,.,.,.,Павленко О.В.,.,1897
216,Минская губерния,1897_43,.,.,1897,.,1340984,рубли,OUTPUT AGRICULTURE,4.01,валовый доход,.,.,леса казенные,.,.,.,,,,.,.,.,.,.,.,.,,,,.,ОР2,.,83,Павленко О.В.,.,1897
41,Минская губерния,1897_43,.,.,1897,.,111200,рубли,OUTPUT AGRICULTURE,4.01,добыто на сумму,рыболовство,.,.,.,.,.,,,,.,.,.,.,.,.,.,,,,.,"Ежегодник Министерства Финансов. Выпуск 1901 года. СПб.,1902. Вып. 31",.,677,Павленко О.В.,.,1897
130,Минская губерния,1897_43,.,.,1897,.,.,рубли,OUTPUT AGRICULTURE,4.01,доход от рыбной торговли,рыболовство,.,.,.,.,.,,,,.,.,.,.,.,.,.,,,,.,.,.,.,Павленко О.В.,.,1897
301,Минская губерния,1897_43,.,.,1897,.,181389,рубли,OUTPUT AGRICULTURE,4.01,произведено расходов,.,.,леса казенные,.,.,.,,,,.,.,.,.,.,.,.,,,,.,ОР2,.,83,Павленко О.В.,.,1897
42,Могилевская губерния,1897_44,.,.,1897,.,.,рубли,OUTPUT AGRICULTURE,4.01,добыто на сумму,рыболовство,.,.,.,.,.,,,,.,.,.,.,.,.,.,,,,.,"Ежегодник Министерства Финансов. Выпуск 1901 года. СПб.,1902. Вып. 31",.,677,Павленко О.В.,.,1897
302,Могилевская губерния,1897_44,.,.,1897,.,42166,рубли,OUTPUT AGRICULTURE,4.01,произведено расходов,.,.,леса казенные,.,.,.,,,,.,.,.,.,.,.,.,,,,.,ОР2,.,83,Павленко О.В.,.,1897
217,Могилевская губерния,1897_44,.,.,1897,.,275424,рубли,OUTPUT AGRICULTURE,4.01,валовый доход,.,.,леса казенные,.,.,.,,,,.,.,.,.,.,.,.,,,,.,ОР2,.,83,Павленко О.В.,.,1897
131,Могилевская губерния,1897_44,.,.,1897,.,.,рубли,OUTPUT AGRICULTURE,4.01,доход от рыбной торговли,рыболовство,.,.,.,.,.,,,,.,.,.,.,.,.,.,,,,.,.,.,.,Павленко О.В.,.,1897
218,Московская губерния,1897_45,.,.,1897,.,545246,рубли,OUTPUT AGRICULTURE,4.01,валовый доход,.,.,леса казенные,.,.,.,,,,.,.,.,.,.,.,.,,,,.,ОР2,.,83,Павленко О.В.,.,1897
303,Московская губерния,1897_45,.,.,1897,.,105352,рубли,OUTPUT AGRICULTURE,4.01,произведено расходов,.,.,леса казенные,.,.,.,,,,.,.,.,.,.,.,.,,,,.,ОР2,.,83,Павленко О.В.,.,1897
132,Московская губерния,1897_45,.,.,1897,.,.,рубли,OUTPUT AGRICULTURE,4.01,доход от рыбной торговли,рыболовство,.,.,.,.,.,,,,.,.,.,.,.,.,.,,,,.,.,.,.,Павленко О.В.,.,1897
43,Московская губерния,1897_45,.,.,1897,.,.,рубли,OUTPUT AGRICULTURE,4.01,добыто на сумму,рыболовство,.,.,.,.,.,,,,.,.,.,.,.,.,.,,,,.,"Ежегодник Министерства Финансов. Выпуск 1901 года. СПб.,1902. Вып. 31",.,677,Павленко О.В.,.,1897
133,Нижегородская губерния,1897_46,.,.,1897,.,.,рубли,OUTPUT AGRICULTURE,4.01,доход от рыбной торговли,рыболовство,.,.,.,.,.,,,,.,.,.,.,.,.,.,,,,.,.,.,.,Павленко О.В.,.,1897
219,Нижегородская губерния,1897_46,.,.,1897,.,1142289,рубли,OUTPUT AGRICULTURE,4.01,валовый доход,.,.,леса казенные,.,.,.,,,,.,.,.,.,.,.,.,,,,.,ОР2,.,83,Павленко О.В.,.,1897
44,Нижегородская губерния,1897_46,.,.,1897,.,.,рубли,OUTPUT AGRICULTURE,4.01,добыто на сумму,рыболовство,.,.,.,.,.,,,,.,.,.,.,.,.,.,,,,.,"Ежегодник Министерства Финансов. Выпуск 1901 года. СПб.,1902. Вып. 31",.,677,Павленко О.В.,.,1897
304,Нижегородская губерния,1897_46,.,.,1897,.,189994,рубли,OUTPUT AGRICULTURE,4.01,произведено расходов,.,.,леса казенные,.,.,.,,,,.,.,.,.,.,.,.,,,,.,ОР2,.,83,Павленко О.В.,.,1897
134,Новгородская губерния,1897_47,.,.,1897,.,.,рубли,OUTPUT AGRICULTURE,4.01,доход от рыбной торговли,рыболовство,.,.,.,.,.,,,,.,.,.,.,.,.,.,,,,.,.,.,.,Павленко О.В.,.,1897
45,Новгородская губерния,1897_47,.,.,1897,.,.,рубли,OUTPUT AGRICULTURE,4.01,добыто на сумму,рыболовство,.,.,.,.,.,,,,.,.,.,.,.,.,.,,,,.,"Ежегодник Министерства Финансов. Выпуск 1901 года. СПб.,1902. Вып. 31",.,677,Павленко О.В.,.,1897
305,Новгородская губерния,1897_47,.,.,1897,.,182694,рубли,OUTPUT AGRICULTURE,4.01,произведено расходов,.,.,леса казенные,.,.,.,,,,.,.,.,.,.,.,.,,,,.,ОР2,.,83,Павленко О.В.,.,1897
220,Новгородская губерния,1897_47,.,.,1897,.,819723,рубли,OUTPUT AGRICULTURE,4.01,валовый доход,.,.,леса казенные,.,.,.,,,,.,.,.,.,.,.,.,,,,.,ОР2,.,83,Павленко О.В.,.,1897
306,Олонецкая губерния,1897_49,.,.,1897,.,258265,рубли,OUTPUT AGRICULTURE,4.01,произведено расходов,.,.,леса казенные,.,.,.,,,,.,.,.,.,.,.,.,,,,.,ОР2,.,83,Павленко О.В.,.,1897
46,Олонецкая губерния,1897_49,.,.,1897,.,143429,рубли,OUTPUT AGRICULTURE,4.01,добыто на сумму,рыболовство,.,.,.,.,.,,,,.,.,.,.,.,.,.,,,,.,"Ежегодник Министерства Финансов. Выпуск 1901 года. СПб.,1902. Вып. 31",.,677,Павленко О.В.,доход от рыбы и икры,1897
221,Олонецкая губерния,1897_49,.,.,1897,.,1331565,рубли,OUTPUT AGRICULTURE,4.01,валовый доход,.,.,леса казенные,.,.,.,,,,.,.,.,.,.,.,.,,,,.,ОР2,.,83,Павленко О.В.,.,1897
135,Олонецкая губерния,1897_49,.,.,1897,.,218104,рубли,OUTPUT AGRICULTURE,4.01,доход от рыбной торговли,рыболовство,.,.,.,.,.,,,,.,.,.,.,.,.,.,,,,.,"Обзор Олонецкой губернии за 1897г. Б.м., б.г.",.,.,Павленко О.В.,.,1897
307,Оренбургская губерния,1897_50,.,.,1897,.,53292.483179852417,рубли,OUTPUT AGRICULTURE,4.01,произведено расходов,.,.,леса казенные,.,.,.,,,,.,.,.,.,.,.,.,,,,.,ОР2,.,83,Павленко О.В.,"в источнике оренбург и урал вместе, разделил используя общуб площадь лесов (для урала из губотчета) как веса",1897
47,Оренбургская губерния,1897_50,.,.,1897,.,.,рубли,OUTPUT AGRICULTURE,4.01,добыто на сумму,рыболовство,.,.,.,.,.,,,,.,.,.,.,.,.,.,,,,.,"Ежегодник Министерства Финансов. Выпуск 1901 года. СПб.,1902. Вып. 31",.,677,Павленко О.В.,.,1897
222,Оренбургская губерния,1897_50,.,.,1897,.,151499,рубли,OUTPUT AGRICULTURE,4.01,валовый доход,.,.,леса казенные,.,.,.,,,,.,.,.,.,.,.,.,,,,.,ОР2,.,83,Павленко О.В.,"в источнике оренбург и урал вместе, разделил используя общуб площадь лесов (для урала из губотчета) как веса",1897
136,Оренбургская губерния,1897_50,.,.,1897,.,.,рубли,OUTPUT AGRICULTURE,4.01,доход от рыбной торговли,рыболовство,.,.,.,.,.,,,,.,.,.,.,.,.,.,,,,.,.,.,.,Павленко О.В.,.,1897
223,Орловская губерния,1897_51,.,.,1897,.,592971,рубли,OUTPUT AGRICULTURE,4.01,валовый доход,.,.,леса казенные,.,.,.,,,,.,.,.,.,.,.,.,,,,.,ОР2,.,84,Павленко О.В.,.,1897
48,Орловская губерния,1897_51,.,.,1897,.,.,рубли,OUTPUT AGRICULTURE,4.01,добыто на сумму,рыболовство,.,.,.,.,.,,,,.,.,.,.,.,.,.,,,,.,"Ежегодник Министерства Финансов. Выпуск 1901 года. СПб.,1902. Вып. 31",.,677,Павленко О.В.,.,1897
137,Орловская губерния,1897_51,.,.,1897,.,.,рубли,OUTPUT AGRICULTURE,4.01,доход от рыбной торговли,рыболовство,.,.,.,.,.,,,,.,.,.,.,.,.,.,,,,.,.,.,.,Павленко О.В.,.,1897
308,Орловская губерния,1897_51,.,.,1897,.,86495,рубли,OUTPUT AGRICULTURE,4.01,произведено расходов,.,.,леса казенные,.,.,.,,,,.,.,.,.,.,.,.,,,,.,ОР2,.,84,Павленко О.В.,.,1897
63,Остров Сахалин,1897_52,.,.,1897,.,.,рубли,OUTPUT AGRICULTURE,4.01,добыто на сумму,рыболовство,.,.,.,.,.,,,,.,.,.,.,.,.,.,,,,.,"Ежегодник Министерства Финансов. Выпуск 1901 года. СПб.,1902. Вып. 31",.,677,Павленко О.В.,.,1897
152,Остров Сахалин,1897_52,.,.,1897,.,83625,рубли,OUTPUT AGRICULTURE,4.01,доход от рыбной торговли,рыболовство,.,.,.,.,.,,,,.,.,.,.,.,.,.,,,,.,"Обзор острова Сахалина за 1899г. Приложение к всеподданнейшему отчету. СПб.,1900",.,42,Павленко О.В.,.,1897
49,Пензенская губерния,1897_53,.,.,1897,.,.,рубли,OUTPUT AGRICULTURE,4.01,добыто на сумму,рыболовство,.,.,.,.,.,,,,.,.,.,.,.,.,.,,,,.,"Ежегодник Министерства Финансов. Выпуск 1901 года. СПб.,1902. Вып. 31",.,677,Павленко О.В.,.,1897
309,Пензенская губерния,1897_53,.,.,1897,.,96123,рубли,OUTPUT AGRICULTURE,4.01,произведено расходов,.,.,леса казенные,.,.,.,,,,.,.,.,.,.,.,.,,,,.,ОР2,.,84,Павленко О.В.,.,1897
138,Пензенская губерния,1897_53,.,.,1897,.,.,рубли,OUTPUT AGRICULTURE,4.01,доход от рыбной торговли,рыболовство,.,.,.,.,.,,,,.,.,.,.,.,.,.,,,,.,.,.,.,Павленко О.В.,.,1897
224,Пензенская губерния,1897_53,.,.,1897,.,526547,рубли,OUTPUT AGRICULTURE,4.01,валовый доход,.,.,леса казенные,.,.,.,,,,.,.,.,.,.,.,.,,,,.,ОР2,.,84,Павленко О.В.,.,1897
50,Пермская губерния,1897_54,.,.,1897,.,3277,рубли,OUTPUT AGRICULTURE,4.01,добыто на сумму,рыболовство,.,.,.,.,.,,,,.,.,.,.,.,.,.,,,,.,"Ежегодник Министерства Финансов. Выпуск 1901 года. СПб.,1902. Вып. 31",.,677,Павленко О.В.,доход от рыбы,1897
139,Пермская губерния,1897_54,.,.,1897,.,17013,рубли,OUTPUT AGRICULTURE,4.01,доход от рыбной торговли,рыболовство,.,.,.,.,.,,,,.,.,.,.,.,.,.,,,,.,"Обзор Пермской губернии за 1897 г. Пермь,1898",.,36,Павленко О.В.,.,1897
225,Пермская губерния,1897_54,.,.,1897,.,1022274,рубли,OUTPUT AGRICULTURE,4.01,валовый доход,.,.,леса казенные,.,.,.,,,,.,.,.,.,.,.,.,,,,.,ОР2,.,84,Павленко О.В.,.,1897
310,Пермская губерния,1897_54,.,.,1897,.,197568,рубли,OUTPUT AGRICULTURE,4.01,произведено расходов,.,.,леса казенные,.,.,.,,,,.,.,.,.,.,.,.,,,,.,ОР2,.,84,Павленко О.В.,.,1897
51,Петроковская губерния,1897_55,.,.,1897,.,.,рубли,OUTPUT AGRICULTURE,4.01,добыто на сумму,рыболовство,.,.,.,.,.,,,,.,.,.,.,.,.,.,,,,.,"Ежегодник Министерства Финансов. Выпуск 1901 года. СПб.,1902. Вып. 31",.,677,Павленко О.В.,.,1897
311,Петроковская губерния,1897_55,.,.,1897,.,42665,рубли,OUTPUT AGRICULTURE,4.01,произведено расходов,.,.,леса казенные,.,.,.,,,,.,.,.,.,.,.,.,,,,.,ОР2,.,84,Павленко О.В.,.,1897
140,Петроковская губерния,1897_55,.,.,1897,.,.,рубли,OUTPUT AGRICULTURE,4.01,доход от рыбной торговли,рыболовство,.,.,.,.,.,,,,.,.,.,.,.,.,.,,,,.,.,.,.,Павленко О.В.,.,1897
226,Петроковская губерния,1897_55,.,.,1897,.,624121,рубли,OUTPUT AGRICULTURE,4.01,валовый доход,.,.,леса казенные,.,.,.,,,,.,.,.,.,.,.,.,,,,.,ОР2,.,84,Павленко О.В.,.,1897
141,Плоцкая губерния,1897_56,.,.,1897,.,.,рубли,OUTPUT AGRICULTURE,4.01,доход от рыбной торговли,рыболовство,.,.,.,.,.,,,,.,.,.,.,.,.,.,,,,.,.,.,.,Павленко О.В.,.,1897
227,Плоцкая губерния,1897_56,.,.,1897,.,99949,рубли,OUTPUT AGRICULTURE,4.01,валовый доход,.,.,леса казенные,.,.,.,,,,.,.,.,.,.,.,.,,,,.,ОР2,.,84,Павленко О.В.,.,1897
312,Плоцкая губерния,1897_56,.,.,1897,.,10532,рубли,OUTPUT AGRICULTURE,4.01,произведено расходов,.,.,леса казенные,.,.,.,,,,.,.,.,.,.,.,.,,,,.,ОР2,.,84,Павленко О.В.,.,1897
52,Плоцкая губерния,1897_56,.,.,1897,.,.,рубли,OUTPUT AGRICULTURE,4.01,добыто на сумму,рыболовство,.,.,.,.,.,,,,.,.,.,.,.,.,.,,,,.,"Ежегодник Министерства Финансов. Выпуск 1901 года. СПб.,1902. Вып. 31",.,677,Павленко О.В.,.,1897
53,Подольская губерния,1897_57,.,.,1897,.,.,рубли,OUTPUT AGRICULTURE,4.01,добыто на сумму,рыболовство,.,.,.,.,.,,,,.,.,.,.,.,.,.,,,,.,"Ежегодник Министерства Финансов. Выпуск 1901 года. СПб.,1902. Вып. 31",.,677,Павленко О.В.,.,1897
228,Подольская губерния,1897_57,.,.,1897,.,680136,рубли,OUTPUT AGRICULTURE,4.01,валовый доход,.,.,леса казенные,.,.,.,,,,.,.,.,.,.,.,.,,,,.,ОР2,.,84,Павленко О.В.,.,1897
142,Подольская губерния,1897_57,.,.,1897,.,.,рубли,OUTPUT AGRICULTURE,4.01,доход от рыбной торговли,рыболовство,.,.,.,.,.,,,,.,.,.,.,.,.,.,,,,.,.,.,.,Павленко О.В.,.,1897
313,Подольская губерния,1897_57,.,.,1897,.,87721,рубли,OUTPUT AGRICULTURE,4.01,произведено расходов,.,.,леса казенные,.,.,.,,,,.,.,.,.,.,.,.,,,,.,ОР2,.,84,Павленко О.В.,.,1897
314,Полтавская губерния,1897_58,.,.,1897,.,36484,рубли,OUTPUT AGRICULTURE,4.01,произведено расходов,.,.,леса казенные,.,.,.,,,,.,.,.,.,.,.,.,,,,.,ОР2,.,84,Павленко О.В.,.,1897
143,Полтавская губерния,1897_58,.,.,1897,.,.,рубли,OUTPUT AGRICULTURE,4.01,доход от рыбной торговли,рыболовство,.,.,.,.,.,,,,.,.,.,.,.,.,.,,,,.,.,.,.,Павленко О.В.,.,1897
229,Полтавская губерния,1897_58,.,.,1897,.,159178,рубли,OUTPUT AGRICULTURE,4.01,валовый доход,.,.,леса казенные,.,.,.,,,,.,.,.,.,.,.,.,,,,.,ОР2,.,84,Павленко О.В.,.,1897
54,Полтавская губерния,1897_58,.,.,1897,.,.,рубли,OUTPUT AGRICULTURE,4.01,добыто на сумму,рыболовство,.,.,.,.,.,,,,.,.,.,.,.,.,.,,,,.,"Ежегодник Министерства Финансов. Выпуск 1901 года. СПб.,1902. Вып. 31",.,677,Павленко О.В.,.,1897
55,Приморская область,1897_59,.,.,1897,.,.,рубли,OUTPUT AGRICULTURE,4.01,добыто на сумму,рыболовство,.,.,.,.,.,,,,.,.,.,.,.,.,.,,,,.,"Ежегодник Министерства Финансов. Выпуск 1901 года. СПб.,1902. Вып. 31",.,677,Павленко О.В.,.,1897
144,Приморская область,1897_59,.,.,1897,.,266355,рубли,OUTPUT AGRICULTURE,4.01,доход от рыбной торговли,рыболовство,.,.,.,.,.,,,,.,.,.,.,.,.,.,,,,.,"Обзор Приморской области за 1897 г.: Приложение к Всеподданнейшему отчету. Кр. Владивосток,1899",.,10,Павленко О.В.,"сумма для трех округов: Петропавловского, Охотского, Уссурийского казачьего.",1897
56,Псковская губерния,1897_60,.,.,1897,.,.,рубли,OUTPUT AGRICULTURE,4.01,добыто на сумму,рыболовство,.,.,.,.,.,,,,.,.,.,.,.,.,.,,,,.,"Ежегодник Министерства Финансов. Выпуск 1901 года. СПб.,1902. Вып. 31",.,677,Павленко О.В.,.,1897
315,Псковская губерния,1897_60,.,.,1897,.,42101,рубли,OUTPUT AGRICULTURE,4.01,произведено расходов,.,.,леса казенные,.,.,.,,,,.,.,.,.,.,.,.,,,,.,ОР2,.,84,Павленко О.В.,.,1897
230,Псковская губерния,1897_60,.,.,1897,.,121864,рубли,OUTPUT AGRICULTURE,4.01,валовый доход,.,.,леса казенные,.,.,.,,,,.,.,.,.,.,.,.,,,,.,ОР2,.,84,Павленко О.В.,.,1897
145,Псковская губерния,1897_60,.,.,1897,.,.,рубли,OUTPUT AGRICULTURE,4.01,доход от рыбной торговли,рыболовство,.,.,.,.,.,,,,.,.,.,.,.,.,.,,,,.,.,.,.,Павленко О.В.,.,1897
316,Радомская губерния,1897_61,.,.,1897,.,50831,рубли,OUTPUT AGRICULTURE,4.01,произведено расходов,.,.,леса казенные,.,.,.,,,,.,.,.,.,.,.,.,,,,.,ОР2,.,84,Павленко О.В.,.,1897
146,Радомская губерния,1897_61,.,.,1897,.,.,рубли,OUTPUT AGRICULTURE,4.01,доход от рыбной торговли,рыболовство,.,.,.,.,.,,,,.,.,.,.,.,.,.,,,,.,.,.,.,Павленко О.В.,.,1897
231,Радомская губерния,1897_61,.,.,1897,.,472383,рубли,OUTPUT AGRICULTURE,4.01,валовый доход,.,.,леса казенные,.,.,.,,,,.,.,.,.,.,.,.,,,,.,ОР2,.,84,Павленко О.В.,.,1897
57,Радомская губерния,1897_61,.,.,1897,.,.,рубли,OUTPUT AGRICULTURE,4.01,добыто на сумму,рыболовство,.,.,.,.,.,,,,.,.,.,.,.,.,.,,,,.,"Ежегодник Министерства Финансов. Выпуск 1901 года. СПб.,1902. Вып. 31",.,677,Павленко О.В.,.,1897
58,Рязанская губерния,1897_62,.,.,1897,.,.,рубли,OUTPUT AGRICULTURE,4.01,добыто на сумму,рыболовство,.,.,.,.,.,,,,.,.,.,.,.,.,.,,,,.,"Ежегодник Министерства Финансов. Выпуск 1901 года. СПб.,1902. Вып. 31",.,677,Павленко О.В.,.,1897
232,Рязанская губерния,1897_62,.,.,1897,.,456735,рубли,OUTPUT AGRICULTURE,4.01,валовый доход,.,.,леса казенные,.,.,.,,,,.,.,.,.,.,.,.,,,,.,ОР2,.,84,Павленко О.В.,.,1897
317,Рязанская губерния,1897_62,.,.,1897,.,69259,рубли,OUTPUT AGRICULTURE,4.01,произведено расходов,.,.,леса казенные,.,.,.,,,,.,.,.,.,.,.,.,,,,.,ОР2,.,84,Павленко О.В.,.,1897
147,Рязанская губерния,1897_62,.,.,1897,.,.,рубли,OUTPUT AGRICULTURE,4.01,доход от рыбной торговли,рыболовство,.,.,.,.,.,,,,.,.,.,.,.,.,.,,,,.,.,.,.,Павленко О.В.,.,1897
148,Самаркандская область,1897_63,.,.,1897,.,.,рубли,OUTPUT AGRICULTURE,4.01,доход от рыбной торговли,рыболовство,.,.,.,.,.,,,,.,.,.,.,.,.,.,,,,.,.,.,.,Павленко О.В.,.,1897
59,Самаркандская область,1897_63,.,.,1897,.,.,рубли,OUTPUT AGRICULTURE,4.01,добыто на сумму,рыболовство,.,.,.,.,.,,,,.,.,.,.,.,.,.,,,,.,"Ежегодник Министерства Финансов. Выпуск 1901 года. СПб.,1902. Вып. 31",.,677,Павленко О.В.,.,1897
60,Самарская губерния,1897_64,.,.,1897,.,.,рубли,OUTPUT AGRICULTURE,4.01,добыто на сумму,рыболовство,.,.,.,.,.,,,,.,.,.,.,.,.,.,,,,.,"Ежегодник Министерства Финансов. Выпуск 1901 года. СПб.,1902. Вып. 31",.,677,Павленко О.В.,.,1897
233,Самарская губерния,1897_64,.,.,1897,.,685073,рубли,OUTPUT AGRICULTURE,4.01,валовый доход,.,.,леса казенные,.,.,.,,,,.,.,.,.,.,.,.,,,,.,ОР2,.,84,Павленко О.В.,.,1897
149,Самарская губерния,1897_64,.,.,1897,.,.,рубли,OUTPUT AGRICULTURE,4.01,доход от рыбной торговли,рыболовство,.,.,.,.,.,,,,.,.,.,.,.,.,.,,,,.,.,.,.,Павленко О.В.,.,1897
318,Самарская губерния,1897_64,.,.,1897,.,135677,рубли,OUTPUT AGRICULTURE,4.01,произведено расходов,.,.,леса казенные,.,.,.,,,,.,.,.,.,.,.,.,,,,.,ОР2,.,84,Павленко О.В.,.,1897
234,Санкт-Петербургская губерния,1897_66,.,.,1897,.,377257,рубли,OUTPUT AGRICULTURE,4.01,валовый доход,.,.,леса казенные,.,.,.,,,,.,.,.,.,.,.,.,,,,.,ОР2,.,84,Павленко О.В.,.,1897
319,Санкт-Петербургская губерния,1897_66,.,.,1897,.,114126,рубли,OUTPUT AGRICULTURE,4.01,произведено расходов,.,.,леса казенные,.,.,.,,,,.,.,.,.,.,.,.,,,,.,ОР2,.,84,Павленко О.В.,.,1897
61,Санкт-Петербургская губерния,1897_66,.,.,1897,.,.,рубли,OUTPUT AGRICULTURE,4.01,добыто на сумму,рыболовство,.,.,.,.,.,,,,.,.,.,.,.,.,.,,,,.,"Ежегодник Министерства Финансов. Выпуск 1901 года. СПб.,1902. Вып. 31",.,677,Павленко О.В.,.,1897
150,Санкт-Петербургская губерния,1897_66,.,.,1897,.,.,рубли,OUTPUT AGRICULTURE,4.01,доход от рыбной торговли,рыболовство,.,.,.,.,.,,,,.,.,.,.,.,.,.,,,,.,.,.,.,Павленко О.В.,.,1897
62,Саратовская губерния,1897_67,.,.,1897,.,.,рубли,OUTPUT AGRICULTURE,4.01,добыто на сумму,рыболовство,.,.,.,.,.,,,,.,.,.,.,.,.,.,,,,.,"Ежегодник Министерства Финансов. Выпуск 1901 года. СПб.,1902. Вып. 31",.,677,Павленко О.В.,.,1897
235,Саратовская губерния,1897_67,.,.,1897,.,379474,рубли,OUTPUT AGRICULTURE,4.01,валовый доход,.,.,леса казенные,.,.,.,,,,.,.,.,.,.,.,.,,,,.,ОР2,.,84,Павленко О.В.,.,1897
320,Саратовская губерния,1897_67,.,.,1897,.,61349,рубли,OUTPUT AGRICULTURE,4.01,произведено расходов,.,.,леса казенные,.,.,.,,,,.,.,.,.,.,.,.,,,,.,ОР2,.,84,Павленко О.В.,.,1897
151,Саратовская губерния,1897_67,.,.,1897,.,.,рубли,OUTPUT AGRICULTURE,4.01,доход от рыбной торговли,рыболовство,.,.,.,.,.,,,,.,.,.,.,.,.,.,,,,.,.,.,.,Павленко О.В.,.,1897
321,Седлецкая губерния,1897_68,.,.,1897,.,12982,рубли,OUTPUT AGRICULTURE,4.01,произведено расходов,.,.,леса казенные,.,.,.,,,,.,.,.,.,.,.,.,,,,.,ОР2,.,85,Павленко О.В.,.,1897
64,Седлецкая губерния,1897_68,.,.,1897,.,.,рубли,OUTPUT AGRICULTURE,4.01,добыто на сумму,рыболовство,.,.,.,.,.,,,,.,.,.,.,.,.,.,,,,.,"Ежегодник Министерства Финансов. Выпуск 1901 года. СПб.,1902. Вып. 31",.,677,Павленко О.В.,.,1897
153,Седлецкая губерния,1897_68,.,.,1897,.,.,рубли,OUTPUT AGRICULTURE,4.01,доход от рыбной торговли,рыболовство,.,.,.,.,.,,,,.,.,.,.,.,.,.,,,,.,.,.,.,Павленко О.В.,.,1897
236,Седлецкая губерния,1897_68,.,.,1897,.,159948,рубли,OUTPUT AGRICULTURE,4.01,валовый доход,.,.,леса казенные,.,.,.,,,,.,.,.,.,.,.,.,,,,.,ОР2,.,85,Павленко О.В.,.,1897
322,Семипалатинская область,1897_69,.,.,1897,.,33436,рубли,OUTPUT AGRICULTURE,4.01,произведено расходов,.,.,леса казенные,.,.,.,,,,.,.,.,.,.,.,.,,,,.,ОР2,.,86,Павленко О.В.,.,1897
154,Семипалатинская область,1897_69,.,.,1897,.,.,рубли,OUTPUT AGRICULTURE,4.01,доход от рыбной торговли,рыболовство,.,.,.,.,.,,,,.,.,.,.,.,.,.,,,,.,.,.,.,Павленко О.В.,.,1897
237,Семипалатинская область,1897_69,.,.,1897,.,39736,рубли,OUTPUT AGRICULTURE,4.01,валовый доход,.,.,леса казенные,.,.,.,,,,.,.,.,.,.,.,.,,,,.,ОР2,.,86,Павленко О.В.,.,1897
65,Семипалатинская область,1897_69,.,.,1897,.,62293,рубли,OUTPUT AGRICULTURE,4.01,добыто на сумму,рыболовство,.,.,.,.,.,,,,.,.,.,.,.,.,.,,,,.,"Ежегодник Министерства Финансов. Выпуск 1901 года. СПб.,1902. Вып. 31",.,677,Павленко О.В.,доход от рыбы и икры,1897
238,Семиреченская область,1897_70,.,.,1897,.,36190,рубли,OUTPUT AGRICULTURE,4.01,валовый доход,.,.,леса казенные,.,.,.,,,,.,.,.,.,.,.,.,,,,.,ОР2,.,86,Павленко О.В.,.,1897
66,Семиреченская область,1897_70,.,.,1897,.,14613,рубли,OUTPUT AGRICULTURE,4.01,добыто на сумму,рыболовство,.,.,.,.,.,,,,.,.,.,.,.,.,.,,,,.,"Ежегодник Министерства Финансов. Выпуск 1901 года. СПб.,1902. Вып. 31",.,677,Павленко О.В.,доход от рыбы,1897
323,Семиреченская область,1897_70,.,.,1897,.,39505,рубли,OUTPUT AGRICULTURE,4.01,произведено расходов,.,.,леса казенные,.,.,.,,,,.,.,.,.,.,.,.,,,,.,ОР2,.,86,Павленко О.В.,.,1897
155,Семиреченская область,1897_70,.,.,1897,.,.,рубли,OUTPUT AGRICULTURE,4.01,доход от рыбной торговли,рыболовство,.,.,.,.,.,,,,.,.,.,.,.,.,.,,,,.,.,.,.,Павленко О.В.,.,1897
324,Симбирская губерния,1897_71,.,.,1897,.,45579,рубли,OUTPUT AGRICULTURE,4.01,произведено расходов,.,.,леса казенные,.,.,.,,,,.,.,.,.,.,.,.,,,,.,ОР2,.,85,Павленко О.В.,.,1897
239,Симбирская губерния,1897_71,.,.,1897,.,189961,рубли,OUTPUT AGRICULTURE,4.01,валовый доход,.,.,леса казенные,.,.,.,,,,.,.,.,.,.,.,.,,,,.,ОР2,.,85,Павленко О.В.,.,1897
67,Симбирская губерния,1897_71,.,.,1897,.,55567,рубли,OUTPUT AGRICULTURE,4.01,добыто на сумму,рыболовство,.,.,.,.,.,,,,.,.,.,.,.,.,.,,,,.,"Ежегодник Министерства Финансов. Выпуск 1901 года. СПб.,1902. Вып. 31",.,677,Павленко О.В.,.,1897
156,Симбирская губерния,1897_71,.,.,1897,.,.,рубли,OUTPUT AGRICULTURE,4.01,доход от рыбной торговли,рыболовство,.,.,.,.,.,,,,.,.,.,.,.,.,.,,,,.,.,.,.,Павленко О.В.,.,1897
68,Смоленская губерния,1897_72,.,.,1897,.,.,рубли,OUTPUT AGRICULTURE,4.01,добыто на сумму,рыболовство,.,.,.,.,.,,,,.,.,.,.,.,.,.,,,,.,"Ежегодник Министерства Финансов. Выпуск 1901 года. СПб.,1902. Вып. 31",.,677,Павленко О.В.,.,1897
157,Смоленская губерния,1897_72,.,.,1897,.,.,рубли,OUTPUT AGRICULTURE,4.01,доход от рыбной торговли,рыболовство,.,.,.,.,.,,,,.,.,.,.,.,.,.,,,,.,.,.,.,Павленко О.В.,.,1897
325,Смоленская губерния,1897_72,.,.,1897,.,50368,рубли,OUTPUT AGRICULTURE,4.01,произведено расходов,.,.,леса казенные,.,.,.,,,,.,.,.,.,.,.,.,,,,.,ОР2,.,85,Павленко О.В.,.,1897
240,Смоленская губерния,1897_72,.,.,1897,.,177289,рубли,OUTPUT AGRICULTURE,4.01,валовый доход,.,.,леса казенные,.,.,.,,,,.,.,.,.,.,.,.,,,,.,ОР2,.,85,Павленко О.В.,.,1897
326,Ставропольская губерния,1897_73,.,.,1897,.,22843,рубли,OUTPUT AGRICULTURE,4.01,произведено расходов,.,.,леса казенные,.,.,.,,,,.,.,.,.,.,.,.,,,,.,ОР2,.,85,Павленко О.В.,.,1897
69,Ставропольская губерния,1897_73,.,.,1897,.,.,рубли,OUTPUT AGRICULTURE,4.01,добыто на сумму,рыболовство,.,.,.,.,.,,,,.,.,.,.,.,.,.,,,,.,"Ежегодник Министерства Финансов. Выпуск 1901 года. СПб.,1902. Вып. 31",.,677,Павленко О.В.,.,1897
241,Ставропольская губерния,1897_73,.,.,1897,.,49597,рубли,OUTPUT AGRICULTURE,4.01,валовый доход,.,.,леса казенные,.,.,.,,,,.,.,.,.,.,.,.,,,,.,ОР2,.,85,Павленко О.В.,.,1897
158,Ставропольская губерния,1897_73,.,.,1897,.,.,рубли,OUTPUT AGRICULTURE,4.01,доход от рыбной торговли,рыболовство,.,.,.,.,.,,,,.,.,.,.,.,.,.,,,,.,.,.,.,Павленко О.В.,.,1897
327,Сувалкская губерния,1897_74,.,.,1897,.,86610,рубли,OUTPUT AGRICULTURE,4.01,произведено расходов,.,.,леса казенные,.,.,.,,,,.,.,.,.,.,.,.,,,,.,ОР2,.,85,Павленко О.В.,.,1897
70,Сувалкская губерния,1897_74,.,.,1897,.,.,рубли,OUTPUT AGRICULTURE,4.01,добыто на сумму,рыболовство,.,.,.,.,.,,,,.,.,.,.,.,.,.,,,,.,"Ежегодник Министерства Финансов. Выпуск 1901 года. СПб.,1902. Вып. 31",.,677,Павленко О.В.,.,1897
159,Сувалкская губерния,1897_74,.,.,1897,.,.,рубли,OUTPUT AGRICULTURE,4.01,доход от рыбной торговли,рыболовство,.,.,.,.,.,,,,.,.,.,.,.,.,.,,,,.,.,.,.,Павленко О.В.,.,1897
242,Сувалкская губерния,1897_74,.,.,1897,.,882491,рубли,OUTPUT AGRICULTURE,4.01,валовый доход,.,.,леса казенные,.,.,.,,,,.,.,.,.,.,.,.,,,,.,ОР2,.,85,Павленко О.В.,.,1897
160,Сырдарьинская область,1897_75,.,.,1897,.,.,рубли,OUTPUT AGRICULTURE,4.01,доход от рыбной торговли,рыболовство,.,.,.,.,.,,,,.,.,.,.,.,.,.,,,,.,.,.,.,Павленко О.В.,.,1897
71,Сырдарьинская область,1897_75,.,.,1897,.,463000,рубли,OUTPUT AGRICULTURE,4.01,добыто на сумму,рыболовство,.,.,.,.,.,,,,.,.,.,.,.,.,.,,,,.,"Ежегодник Министерства Финансов. Выпуск 1901 года. СПб.,1902. Вып. 31",.,677,Павленко О.В.,доход от рыбы,1897
243,Таврическая губерния,1897_77,.,.,1897,.,96561,рубли,OUTPUT AGRICULTURE,4.01,валовый доход,.,.,леса казенные,.,.,.,,,,.,.,.,.,.,.,.,,,,.,ОР2,.,85,Павленко О.В.,.,1897
72,Таврическая губерния,1897_77,.,.,1897,.,399482,рубли,OUTPUT AGRICULTURE,4.01,добыто на сумму,рыболовство,.,.,.,.,.,,,,.,.,.,.,.,.,.,,,,.,"Ежегодник Министерства Финансов. Выпуск 1901 года. СПб.,1902. Вып. 31",.,677,Павленко О.В.,доход от рыбы и икры,1897
161,Таврическая губерния,1897_77,.,.,1897,.,.,рубли,OUTPUT AGRICULTURE,4.01,доход от рыбной торговли,рыболовство,.,.,.,.,.,,,,.,.,.,.,.,.,.,,,,.,.,.,.,Павленко О.В.,.,1897
328,Таврическая губерния,1897_77,.,.,1897,.,90459,рубли,OUTPUT AGRICULTURE,4.01,произведено расходов,.,.,леса казенные,.,.,.,,,,.,.,.,.,.,.,.,,,,.,ОР2,.,85,Павленко О.В.,.,1897
162,Тамбовская губерния,1897_78,.,.,1897,.,.,рубли,OUTPUT AGRICULTURE,4.01,доход от рыбной торговли,рыболовство,.,.,.,.,.,,,,.,.,.,.,.,.,.,,,,.,.,.,.,Павленко О.В.,.,1897
73,Тамбовская губерния,1897_78,.,.,1897,.,.,рубли,OUTPUT AGRICULTURE,4.01,добыто на сумму,рыболовство,.,.,.,.,.,,,,.,.,.,.,.,.,.,,,,.,"Ежегодник Министерства Финансов. Выпуск 1901 года. СПб.,1902. Вып. 31",.,677,Павленко О.В.,.,1897
329,Тамбовская губерния,1897_78,.,.,1897,.,152792,рубли,OUTPUT AGRICULTURE,4.01,произведено расходов,.,.,леса казенные,.,.,.,,,,.,.,.,.,.,.,.,,,,.,ОР2,.,85,Павленко О.В.,.,1897
244,Тамбовская губерния,1897_78,.,.,1897,.,1208533,рубли,OUTPUT AGRICULTURE,4.01,валовый доход,.,.,леса казенные,.,.,.,,,,.,.,.,.,.,.,.,,,,.,ОР2,.,85,Павленко О.В.,.,1897
245,Тверская губерния,1897_79,.,.,1897,.,370534,рубли,OUTPUT AGRICULTURE,4.01,валовый доход,.,.,леса казенные,.,.,.,,,,.,.,.,.,.,.,.,,,,.,ОР2,.,86,Павленко О.В.,.,1897
330,Тверская губерния,1897_79,.,.,1897,.,70257,рубли,OUTPUT AGRICULTURE,4.01,произведено расходов,.,.,леса казенные,.,.,.,,,,.,.,.,.,.,.,.,,,,.,ОР2,.,86,Павленко О.В.,.,1897
163,Тверская губерния,1897_79,.,.,1897,.,604132,рубли,OUTPUT AGRICULTURE,4.01,доход от рыбной торговли,рыболовство,.,.,.,.,.,,,,.,.,.,.,.,.,.,,,,.,Всеподданнейший отчет начальника Терской области и наказного атамана Терского казачьего войска о состоянии области и войска за 1897 г. Владикавказ 1898,.,103,Павленко О.В.,.,1897
74,Тверская губерния,1897_79,.,.,1897,.,.,рубли,OUTPUT AGRICULTURE,4.01,добыто на сумму,рыболовство,.,.,.,.,.,,,,.,.,.,.,.,.,.,,,,.,"Ежегодник Министерства Финансов. Выпуск 1901 года. СПб.,1902. Вып. 31",.,677,Павленко О.В.,.,1897
164,Терская область,1897_80,.,.,1897,.,.,рубли,OUTPUT AGRICULTURE,4.01,доход от рыбной торговли,рыболовство,.,.,.,.,.,,,,.,.,.,.,.,.,.,,,,.,.,.,.,Павленко О.В.,.,1897
75,Терская область,1897_80,.,.,1897,.,735138,рубли,OUTPUT AGRICULTURE,4.01,добыто на сумму,рыболовство,.,.,.,.,.,,,,.,.,.,.,.,.,.,,,,.,"Ежегодник Министерства Финансов. Выпуск 1901 года. СПб.,1902. Вып. 31",.,677,Павленко О.В.,доход от рыбы и икры,1897
331,Терская область,1897_80,.,.,1897,.,48966,рубли,OUTPUT AGRICULTURE,4.01,произведено расходов,.,.,леса казенные,.,.,.,,,,.,.,.,.,.,.,.,,,,.,ОР2,.,85,Павленко О.В.,.,1897
246,Терская область,1897_80,.,.,1897,.,55766,рубли,OUTPUT AGRICULTURE,4.01,валовый доход,.,.,леса казенные,.,.,.,,,,.,.,.,.,.,.,.,,,,.,ОР2,.,85,Павленко О.В.,.,1897
165,Тифлисская губерния вкл. Закатальский округ,1897_81,.,.,1897,.,.,рубли,OUTPUT AGRICULTURE,4.01,доход от рыбной торговли,рыболовство,.,.,.,.,.,,,,.,.,.,.,.,.,.,,,,.,.,.,.,Павленко О.В.,.,1897
247,Тифлисская губерния вкл. Закатальский округ,1897_81,.,.,1897,.,129655,рубли,OUTPUT AGRICULTURE,4.01,валовый доход,.,.,леса казенные,.,.,.,,,,.,.,.,.,.,.,.,,,,.,ОР2,.,86,Павленко О.В.,.,1897
76,Тифлисская губерния вкл. Закатальский округ,1897_81,.,.,1897,.,.,рубли,OUTPUT AGRICULTURE,4.01,добыто на сумму,рыболовство,.,.,.,.,.,,,,.,.,.,.,.,.,.,,,,.,"Ежегодник Министерства Финансов. Выпуск 1901 года. СПб.,1902. Вып. 31",.,677,Павленко О.В.,.,1897
332,Тифлисская губерния вкл. Закатальский округ,1897_81,.,.,1897,.,108442,рубли,OUTPUT AGRICULTURE,4.01,произведено расходов,.,.,леса казенные,.,.,.,,,,.,.,.,.,.,.,.,,,,.,ОР2,.,86,Павленко О.В.,.,1897
248,Тобольская губерния,1897_82,.,.,1897,.,390363,рубли,OUTPUT AGRICULTURE,4.01,валовый доход,.,.,леса казенные,.,.,.,,,,.,.,.,.,.,.,.,,,,.,ОР2,.,86,Павленко О.В.,.,1897
77,Тобольская губерния,1897_82,.,.,1897,.,.,рубли,OUTPUT AGRICULTURE,4.01,добыто на сумму,рыболовство,.,.,.,.,.,,,,.,.,.,.,.,.,.,,,,.,"Ежегодник Министерства Финансов. Выпуск 1901 года. СПб.,1902. Вып. 31",.,677,Павленко О.В.,.,1897
333,Тобольская губерния,1897_82,.,.,1897,.,159407,рубли,OUTPUT AGRICULTURE,4.01,произведено расходов,.,.,леса казенные,.,.,.,,,,.,.,.,.,.,.,.,,,,.,ОР2,.,86,Павленко О.В.,.,1897
166,Тобольская губерния,1897_82,.,.,1897,.,.,рубли,OUTPUT AGRICULTURE,4.01,доход от рыбной торговли,рыболовство,.,.,.,.,.,,,,.,.,.,.,.,.,.,,,,.,.,.,.,Павленко О.В.,.,1897
249,Томская губерния,1897_83,.,.,1897,.,145697,рубли,OUTPUT AGRICULTURE,4.01,валовый доход,.,.,леса казенные,.,.,.,,,,.,.,.,.,.,.,.,,,,.,ОР2,.,86,Павленко О.В.,.,1897
334,Томская губерния,1897_83,.,.,1897,.,63899,рубли,OUTPUT AGRICULTURE,4.01,произведено расходов,.,.,леса казенные,.,.,.,,,,.,.,.,.,.,.,.,,,,.,ОР2,.,86,Павленко О.В.,.,1897
167,Томская губерния,1897_83,.,.,1897,.,.,рубли,OUTPUT AGRICULTURE,4.01,доход от рыбной торговли,рыболовство,.,.,.,.,.,,,,.,.,.,.,.,.,.,,,,.,.,.,.,Павленко О.В.,.,1897
78,Томская губерния,1897_83,.,.,1897,.,.,рубли,OUTPUT AGRICULTURE,4.01,добыто на сумму,рыболовство,.,.,.,.,.,,,,.,.,.,.,.,.,.,,,,.,"Ежегодник Министерства Финансов. Выпуск 1901 года. СПб.,1902. Вып. 31",.,677,Павленко О.В.,.,1897
250,Тульская губерния,1897_84,.,.,1897,.,388030,рубли,OUTPUT AGRICULTURE,4.01,валовый доход,.,.,леса казенные,.,.,.,,,,.,.,.,.,.,.,.,,,,.,ОР2,.,85,Павленко О.В.,.,1897
79,Тульская губерния,1897_84,.,.,1897,.,.,рубли,OUTPUT AGRICULTURE,4.01,добыто на сумму,рыболовство,.,.,.,.,.,,,,.,.,.,.,.,.,.,,,,.,"Ежегодник Министерства Финансов. Выпуск 1901 года. СПб.,1902. Вып. 31",.,677,Павленко О.В.,.,1897
168,Тульская губерния,1897_84,.,.,1897,.,.,рубли,OUTPUT AGRICULTURE,4.01,доход от рыбной торговли,рыболовство,.,.,.,.,.,,,,.,.,.,.,.,.,.,,,,.,.,.,.,Павленко О.В.,.,1897
335,Тульская губерния,1897_84,.,.,1897,.,76059,рубли,OUTPUT AGRICULTURE,4.01,произведено расходов,.,.,леса казенные,.,.,.,,,,.,.,.,.,.,.,.,,,,.,ОР2,.,85,Павленко О.В.,.,1897
251,Тургайская область ,1897_85,.,.,1897,.,34631,рубли,OUTPUT AGRICULTURE,4.01,валовый доход,.,.,леса казенные,.,.,.,,,,.,.,.,.,.,.,.,,,,.,ОР2,.,85,Павленко О.В.,.,1897
169,Тургайская область ,1897_85,.,.,1897,.,.,рубли,OUTPUT AGRICULTURE,4.01,доход от рыбной торговли,рыболовство,.,.,.,.,.,,,,.,.,.,.,.,.,.,,,,.,.,.,.,Павленко О.В.,.,1897
80,Тургайская область ,1897_85,.,.,1897,.,.,рубли,OUTPUT AGRICULTURE,4.01,добыто на сумму,рыболовство,.,.,.,.,.,,,,.,.,.,.,.,.,.,,,,.,"Ежегодник Министерства Финансов. Выпуск 1901 года. СПб.,1902. Вып. 31",.,677,Павленко О.В.,.,1897
336,Тургайская область ,1897_85,.,.,1897,.,20497,рубли,OUTPUT AGRICULTURE,4.01,произведено расходов,.,.,леса казенные,.,.,.,,,,.,.,.,.,.,.,.,,,,.,ОР2,.,85,Павленко О.В.,.,1897
262,Уральская область,1897_87,.,.,1897,.,329.6,рубли,OUTPUT AGRICULTURE,4.01,валовый доход ,.,.,леса казенные,.,.,.,,,,.,.,.,.,.,.,.,,,,.,"Обзор Уральской области за 1897г.: Приложение ко всеподданнейшему отчету военного губернатора. Уральск,1898",.,13-14,Павленко О.В.,в источнике даны леса уральского казачьего войска (291.6) и темирского лесничества (38),1897
81,Уральская область,1897_87,.,.,1897,.,5987163,рубли,OUTPUT AGRICULTURE,4.01,добыто на сумму,рыболовство,.,.,.,.,.,,,,.,.,.,.,.,.,.,,,,.,"Ежегодник Министерства Финансов. Выпуск 1901 года. СПб.,1902. Вып. 31",.,677,Павленко О.В.,.,1897
337,Уральская область,1897_87,.,.,1897,.,2858.58,рубли,OUTPUT AGRICULTURE,4.01,произведено расходов,.,.,леса казенные,.,.,.,,,,.,.,.,.,.,.,.,,,,.,"Обзор Уральской области за 1897г.: Приложение ко всеподданнейшему отчету военного губернатора. Уральск,1898",.,13-14,Павленко О.В.,в источнике даны леса уральского казачьего войска (1181.58) и темирского лесничества (1677),1897
170,Уральская область,1897_87,.,.,1897,.,3200000,рубли,OUTPUT AGRICULTURE,4.01,доход от рыбной торговли,рыболовство,.,.,.,.,.,,,,.,.,.,.,.,.,.,,,,"ценность всей рыбы, вывезеной за пределы войска","Обзор Уральской области за 1897г.: Приложение ко всеподданнейшему отчету военного губернатора. Уральск,1898",.,11,Павленко О.В.,.,1897
338,Уфимская губерния,1897_88,.,.,1897,.,92416,рубли,OUTPUT AGRICULTURE,4.01,произведено расходов,.,.,леса казенные,.,.,.,,,,.,.,.,.,.,.,.,,,,.,ОР2,.,85,Павленко О.В.,.,1897
252,Уфимская губерния,1897_88,.,.,1897,.,292862,рубли,OUTPUT AGRICULTURE,4.01,валовый доход,.,.,леса казенные,.,.,.,,,,.,.,.,.,.,.,.,,,,.,ОР2,.,85,Павленко О.В.,.,1897
82,Уфимская губерния,1897_88,.,.,1897,.,.,рубли,OUTPUT AGRICULTURE,4.01,добыто на сумму,рыболовство,.,.,.,.,.,,,,.,.,.,.,.,.,.,,,,.,"Ежегодник Министерства Финансов. Выпуск 1901 года. СПб.,1902. Вып. 31",.,677,Павленко О.В.,.,1897
171,Уфимская губерния,1897_88,.,.,1897,.,.,рубли,OUTPUT AGRICULTURE,4.01,доход от рыбной торговли,рыболовство,.,.,.,.,.,,,,.,.,.,.,.,.,.,,,,.,.,.,.,Павленко О.В.,.,1897
172,Ферганская область,1897_89,.,.,1897,.,.,рубли,OUTPUT AGRICULTURE,4.01,доход от рыбной торговли,рыболовство,.,.,.,.,.,,,,.,.,.,.,.,.,.,,,,.,.,.,.,Павленко О.В.,.,1897
83,Ферганская область,1897_89,.,.,1897,.,.,рубли,OUTPUT AGRICULTURE,4.01,добыто на сумму,рыболовство,.,.,.,.,.,,,,.,.,.,.,.,.,.,,,,.,"Ежегодник Министерства Финансов. Выпуск 1901 года. СПб.,1902. Вып. 31",.,677,Павленко О.В.,.,1897
84,Харьковская губерния,1897_90,.,.,1897,.,.,рубли,OUTPUT AGRICULTURE,4.01,добыто на сумму,рыболовство,.,.,.,.,.,,,,.,.,.,.,.,.,.,,,,.,"Ежегодник Министерства Финансов. Выпуск 1901 года. СПб.,1902. Вып. 31",.,677,Павленко О.В.,.,1897
253,Харьковская губерния,1897_90,.,.,1897,.,689248,рубли,OUTPUT AGRICULTURE,4.01,валовый доход,.,.,леса казенные,.,.,.,,,,.,.,.,.,.,.,.,,,,.,ОР2,.,85,Павленко О.В.,.,1897
173,Харьковская губерния,1897_90,.,.,1897,.,.,рубли,OUTPUT AGRICULTURE,4.01,доход от рыбной торговли,рыболовство,.,.,.,.,.,,,,.,.,.,.,.,.,.,,,,.,.,.,.,Павленко О.В.,.,1897
339,Харьковская губерния,1897_90,.,.,1897,.,101274,рубли,OUTPUT AGRICULTURE,4.01,произведено расходов,.,.,леса казенные,.,.,.,,,,.,.,.,.,.,.,.,,,,.,ОР2,.,85,Павленко О.В.,.,1897
174,Херсонская губерния,1897_91,.,.,1897,.,.,рубли,OUTPUT AGRICULTURE,4.01,доход от рыбной торговли,рыболовство,.,.,.,.,.,,,,.,.,.,.,.,.,.,,,,.,.,.,.,Павленко О.В.,.,1897
340,Херсонская губерния,1897_91,.,.,1897,.,105588,рубли,OUTPUT AGRICULTURE,4.01,произведено расходов,.,.,леса казенные,.,.,.,,,,.,.,.,.,.,.,.,,,,.,ОР2,.,85,Павленко О.В.,.,1897
85,Херсонская губерния,1897_91,.,.,1897,.,.,рубли,OUTPUT AGRICULTURE,4.01,добыто на сумму,рыболовство,.,.,.,.,.,,,,.,.,.,.,.,.,.,,,,.,"Ежегодник Министерства Финансов. Выпуск 1901 года. СПб.,1902. Вып. 31",.,677,Павленко О.В.,.,1897
254,Херсонская губерния,1897_91,.,.,1897,.,339772,рубли,OUTPUT AGRICULTURE,4.01,валовый доход,.,.,леса казенные,.,.,.,,,,.,.,.,.,.,.,.,,,,.,ОР2,.,85,Павленко О.В.,.,1897
341,Черниговская губерния,1897_92,.,.,1897,.,93220,рубли,OUTPUT AGRICULTURE,4.01,произведено расходов,.,.,леса казенные,.,.,.,,,,.,.,.,.,.,.,.,,,,.,ОР2,.,86,Павленко О.В.,.,1897
175,Черниговская губерния,1897_92,.,.,1897,.,.,рубли,OUTPUT AGRICULTURE,4.01,доход от рыбной торговли,рыболовство,.,.,.,.,.,,,,.,.,.,.,.,.,.,,,,.,.,.,.,Павленко О.В.,.,1897
86,Черниговская губерния,1897_92,.,.,1897,.,.,рубли,OUTPUT AGRICULTURE,4.01,добыто на сумму,рыболовство,.,.,.,.,.,,,,.,.,.,.,.,.,.,,,,.,"Ежегодник Министерства Финансов. Выпуск 1901 года. СПб.,1902. Вып. 31",.,677,Павленко О.В.,.,1897
255,Черниговская губерния,1897_92,.,.,1897,.,325815,рубли,OUTPUT AGRICULTURE,4.01,валовый доход,.,.,леса казенные,.,.,.,,,,.,.,.,.,.,.,.,,,,.,ОР2,.,86,Павленко О.В.,.,1897
342,Черноморская губерния,1897_93,.,.,1897,.,13532,рубли,OUTPUT AGRICULTURE,4.01,произведено расходов,.,.,леса казенные,.,.,.,,,,.,.,.,.,.,.,.,,,,.,ОР2,.,85,Павленко О.В.,.,1897
256,Черноморская губерния,1897_93,.,.,1897,.,22684,рубли,OUTPUT AGRICULTURE,4.01,валовый доход,.,.,леса казенные,.,.,.,,,,.,.,.,.,.,.,.,,,,.,ОР2,.,85,Павленко О.В.,.,1897
87,Черноморская губерния,1897_93,.,.,1897,.,40000,рубли,OUTPUT AGRICULTURE,4.01,добыто на сумму,рыболовство,.,.,.,.,.,,,,.,.,.,.,.,.,.,,,,.,"Ежегодник Министерства Финансов. Выпуск 1901 года. СПб.,1902. Вып. 31",.,677,Павленко О.В.,.,1897
176,Черноморская губерния,1897_93,.,.,1897,.,.,рубли,OUTPUT AGRICULTURE,4.01,доход от рыбной торговли,рыболовство,.,.,.,.,.,,,,.,.,.,.,.,.,.,,,,.,.,.,.,Павленко О.В.,.,1897
177,Эриванская губерния,1897_94,.,.,1897,.,.,рубли,OUTPUT AGRICULTURE,4.01,доход от рыбной торговли,рыболовство,.,.,.,.,.,,,,.,.,.,.,.,.,.,,,,.,.,.,.,Павленко О.В.,.,1897
88,Эриванская губерния,1897_94,.,.,1897,.,15000,рубли,OUTPUT AGRICULTURE,4.01,добыто на сумму,рыболовство,.,.,.,.,.,,,,.,.,.,.,.,.,.,,,,.,"Ежегодник Министерства Финансов. Выпуск 1901 года. СПб.,1902. Вып. 31",.,677,Павленко О.В.,.,1897
257,Эриванская губерния,1897_94,.,.,1897,.,33796,рубли,OUTPUT AGRICULTURE,4.01,валовый доход,.,.,леса казенные,.,.,.,,,,.,.,.,.,.,.,.,,,,.,ОР2,.,86,Павленко О.В.,.,1897
343,Эриванская губерния,1897_94,.,.,1897,.,27473,рубли,OUTPUT AGRICULTURE,4.01,произведено расходов,.,.,леса казенные,.,.,.,,,,.,.,.,.,.,.,.,,,,.,ОР2,.,86,Павленко О.В.,.,1897
258,Эстляндская губерния,1897_95,.,.,1897,.,5076,рубли,OUTPUT AGRICULTURE,4.01,валовый доход,.,.,леса казенные,.,.,.,,,,.,.,.,.,.,.,.,,,,.,ОР2,.,85,Павленко О.В.,.,1897
89,Эстляндская губерния,1897_95,.,.,1897,.,.,рубли,OUTPUT AGRICULTURE,4.01,добыто на сумму,рыболовство,.,.,.,.,.,,,,.,.,.,.,.,.,.,,,,.,"Ежегодник Министерства Финансов. Выпуск 1901 года. СПб.,1902. Вып. 31",.,677,Павленко О.В.,.,1897
344,Эстляндская губерния,1897_95,.,.,1897,.,4545,рубли,OUTPUT AGRICULTURE,4.01,произведено расходов,.,.,леса казенные,.,.,.,,,,.,.,.,.,.,.,.,,,,.,ОР2,.,85,Павленко О.В.,.,1897
178,Эстляндская губерния,1897_95,.,.,1897,.,.,рубли,OUTPUT AGRICULTURE,4.01,доход от рыбной торговли,рыболовство,.,.,.,.,.,,,,.,.,.,.,.,.,.,,,,.,.,.,.,Павленко О.В.,.,1897
90,Якутская область,1897_96,.,.,1897,.,.,рубли,OUTPUT AGRICULTURE,4.01,добыто на сумму,рыболовство,.,.,.,.,.,,,,.,.,.,.,.,.,.,,,,.,"Ежегодник Министерства Финансов. Выпуск 1901 года. СПб.,1902. Вып. 31",.,677,Павленко О.В.,.,1897
179,Якутская область,1897_96,.,.,1897,.,170111.3,рубли,OUTPUT AGRICULTURE,4.01,доход от рыбной торговли,рыболовство,.,.,.,.,.,,,,.,.,.,.,.,.,.,,,,.,"Обзор Якутской области за 1897г.: Приложение ко всеподданнейшему отчету. Якутск,1899",.,19,Павленко О.В.,.,1897
259,Ярославская губерния,1897_97,.,.,1897,.,161649,рубли,OUTPUT AGRICULTURE,4.01,валовый доход,.,.,леса казенные,.,.,.,,,,.,.,.,.,.,.,.,,,,.,ОР2,.,85,Павленко О.В.,.,1897
345,Ярославская губерния,1897_97,.,.,1897,.,58983,рубли,OUTPUT AGRICULTURE,4.01,произведено расходов,.,.,леса казенные,.,.,.,,,,.,.,.,.,.,.,.,,,,.,ОР2,.,85,Павленко О.В.,.,1897
91,Ярославская губерния,1897_97,.,.,1897,.,29271,рубли,OUTPUT AGRICULTURE,4.01,добыто на сумму,рыболовство,.,.,.,.,.,,,,.,.,.,.,.,.,.,,,,.,"Ежегодник Министерства Финансов. Выпуск 1901 года. СПб.,1902. Вып. 31",.,677,Павленко О.В.,.,1897
180,Ярославская губерния,1897_97,.,.,1897,.,.,рубли,OUTPUT AGRICULTURE,4.01,доход от рыбной торговли,рыболовство,.,.,.,.,.,,,,.,.,.,.,.,.,.,,,,.,.,.,.,Павленко О.В.,.,1897
