ID,TERRITORY,TER_CODE,TOWN,DISTRICT,YEAR,MONTH,VALUE,VALUE_UNIT,VALUE_LABEL,DATATYPE,HISTCLASS1,HISTCLASS2,HISTCLASS3,HISTCLASS4,HISTCLASS5,HISTCLASS6,HISTCLASS7,HISTCLASS8,HISTCLASS9,HISTCLASS10,CLASS1,CLASS2,CLASS3,CLASS4,CLASS5,CLASS6,CLASS7,CLASS8,CLASS9,CLASS10,COMMENT_SOURCE,SOURCE,VOLUME,PAGE,NABORSHIK_ID,COMMENT_NABORSHIK,
1,Архангельская губерния,1897_04,.,.,1901,.,1.9,рубли,.,7.04,Цена аренды в руб. за одну десятину всей земли,.,.,.,.,.,.,,,,.,.,.,.,.,.,.,,,,.,"Материалы высочайше учрежденной 16 ноября 1901г. комиссии по исследованию вопроса о движении с 1861 по 1900 г. благосостояния сельского населения среднеземледельческих губерний, сравнительно с другими местностями Европейской России. СПб.,1903. Ч.1. Таблица XIV Арендование крестьянами вненадельных земель и сдача ими надельных по 50 губ. ЕР в 1901.  С. 114-129",.,115,.,.,1897
2,Астраханская губерния,1897_05,.,.,1901,.,0.8,рубли,.,7.04,Цена аренды в руб. за одну десятину всей земли,.,.,.,.,.,.,,,,.,.,.,.,.,.,.,,,,.,"Материалы высочайше учрежденной 16 ноября 1901г. комиссии по исследованию вопроса о движении с 1861 по 1900 г. благосостояния сельского населения среднеземледельческих губерний, сравнительно с другими местностями Европейской России. СПб.,1903. Ч.1. Таблица XIV Арендование крестьянами вненадельных земель и сдача ими надельных по 50 губ. ЕР в 1901.  С. 114-129",.,117,.,.,1897
3,Бессарабская губерния,1897_07,.,.,1901,.,8.3000000000000007,рубли,.,7.04,Цена аренды в руб. за одну десятину всей земли,.,.,.,.,.,.,,,,.,.,.,.,.,.,.,,,,.,"Материалы высочайше учрежденной 16 ноября 1901г. комиссии по исследованию вопроса о движении с 1861 по 1900 г. благосостояния сельского населения среднеземледельческих губерний, сравнительно с другими местностями Европейской России. СПб.,1903. Ч.1. Таблица XIV Арендование крестьянами вненадельных земель и сдача ими надельных по 50 губ. ЕР в 1901.  С. 114-129",.,129,.,.,1897
4,Виленская губерния,1897_10,.,.,1901,.,3.9,рубли,.,7.04,Цена аренды в руб. за одну десятину всей земли,.,.,.,.,.,.,,,,.,.,.,.,.,.,.,,,,.,"Материалы высочайше учрежденной 16 ноября 1901г. комиссии по исследованию вопроса о движении с 1861 по 1900 г. благосостояния сельского населения среднеземледельческих губерний, сравнительно с другими местностями Европейской России. СПб.,1903. Ч.1. Таблица XIV Арендование крестьянами вненадельных земель и сдача ими надельных по 50 губ. ЕР в 1901.  С. 114-129",.,127,.,.,1897
5,Витебская губерния,1897_11,.,.,1901,.,3.4,рубли,.,7.04,Цена аренды в руб. за одну десятину всей земли,.,.,.,.,.,.,,,,.,.,.,.,.,.,.,,,,.,"Материалы высочайше учрежденной 16 ноября 1901г. комиссии по исследованию вопроса о движении с 1861 по 1900 г. благосостояния сельского населения среднеземледельческих губерний, сравнительно с другими местностями Европейской России. СПб.,1903. Ч.1. Таблица XIV Арендование крестьянами вненадельных земель и сдача ими надельных по 50 губ. ЕР в 1901.  С. 114-129",.,125,.,.,1897
6,Владимирская губерния,1897_12,.,.,1901,.,2.6,рубли,.,7.04,Цена аренды в руб. за одну десятину всей земли,.,.,.,.,.,.,,,,.,.,.,.,.,.,.,,,,.,"Материалы высочайше учрежденной 16 ноября 1901г. комиссии по исследованию вопроса о движении с 1861 по 1900 г. благосостояния сельского населения среднеземледельческих губерний, сравнительно с другими местностями Европейской России. СПб.,1903. Ч.1. Таблица XIV Арендование крестьянами вненадельных земель и сдача ими надельных по 50 губ. ЕР в 1901.  С. 114-129",.,123,.,.,1897
7,Земля войска Донского,1897_13,.,.,1901,.,3.9,рубли,.,7.04,Цена аренды в руб. за одну десятину всей земли,.,.,.,.,.,.,,,,.,.,.,.,.,.,.,,,,.,"Материалы высочайше учрежденной 16 ноября 1901г. комиссии по исследованию вопроса о движении с 1861 по 1900 г. благосостояния сельского населения среднеземледельческих губерний, сравнительно с другими местностями Европейской России. СПб.,1903. Ч.1. Таблица XIV Арендование крестьянами вненадельных земель и сдача ими надельных по 50 губ. ЕР в 1901.  С. 114-129",.,117,.,.,1897
8,Вологодская губерния,1897_14,.,.,1901,.,0.9,рубли,.,7.04,Цена аренды в руб. за одну десятину всей земли,.,.,.,.,.,.,,,,.,.,.,.,.,.,.,,,,.,"Материалы высочайше учрежденной 16 ноября 1901г. комиссии по исследованию вопроса о движении с 1861 по 1900 г. благосостояния сельского населения среднеземледельческих губерний, сравнительно с другими местностями Европейской России. СПб.,1903. Ч.1. Таблица XIV Арендование крестьянами вненадельных земель и сдача ими надельных по 50 губ. ЕР в 1901.  С. 114-129",.,115,.,.,1897
9,Волынская губерния,1897_15,.,.,1901,.,4.9000000000000004,рубли,.,7.04,Цена аренды в руб. за одну десятину всей земли,.,.,.,.,.,.,,,,.,.,.,.,.,.,.,,,,.,"Материалы высочайше учрежденной 16 ноября 1901г. комиссии по исследованию вопроса о движении с 1861 по 1900 г. благосостояния сельского населения среднеземледельческих губерний, сравнительно с другими местностями Европейской России. СПб.,1903. Ч.1. Таблица XIV Арендование крестьянами вненадельных земель и сдача ими надельных по 50 губ. ЕР в 1901.  С. 114-129",.,127,.,.,1897
10,Воронежская губерния,1897_16,.,.,1901,.,6.4,рубли,.,7.04,Цена аренды в руб. за одну десятину всей земли,.,.,.,.,.,.,,,,.,.,.,.,.,.,.,,,,.,"Материалы высочайше учрежденной 16 ноября 1901г. комиссии по исследованию вопроса о движении с 1861 по 1900 г. благосостояния сельского населения среднеземледельческих губерний, сравнительно с другими местностями Европейской России. СПб.,1903. Ч.1. Таблица XIV Арендование крестьянами вненадельных земель и сдача ими надельных по 50 губ. ЕР в 1901.  С. 114-129",.,121,.,.,1897
11,Вятская губерния,1897_18,.,.,1901,.,1.7,рубли,.,7.04,Цена аренды в руб. за одну десятину всей земли,.,.,.,.,.,.,,,,.,.,.,.,.,.,.,,,,.,"Материалы высочайше учрежденной 16 ноября 1901г. комиссии по исследованию вопроса о движении с 1861 по 1900 г. благосостояния сельского населения среднеземледельческих губерний, сравнительно с другими местностями Европейской России. СПб.,1903. Ч.1. Таблица XIV Арендование крестьянами вненадельных земель и сдача ими надельных по 50 губ. ЕР в 1901.  С. 114-129",.,117,.,.,1897
12,Гродненская губерния,1897_19,.,.,1901,.,4.2,рубли,.,7.04,Цена аренды в руб. за одну десятину всей земли,.,.,.,.,.,.,,,,.,.,.,.,.,.,.,,,,.,"Материалы высочайше учрежденной 16 ноября 1901г. комиссии по исследованию вопроса о движении с 1861 по 1900 г. благосостояния сельского населения среднеземледельческих губерний, сравнительно с другими местностями Европейской России. СПб.,1903. Ч.1. Таблица XIV Арендование крестьянами вненадельных земель и сдача ими надельных по 50 губ. ЕР в 1901.  С. 114-129",.,127,.,.,1897
13,Екатеринославская губерния,1897_21,.,.,1901,.,6.2,рубли,.,7.04,Цена аренды в руб. за одну десятину всей земли,.,.,.,.,.,.,,,,.,.,.,.,.,.,.,,,,.,"Материалы высочайше учрежденной 16 ноября 1901г. комиссии по исследованию вопроса о движении с 1861 по 1900 г. благосостояния сельского населения среднеземледельческих губерний, сравнительно с другими местностями Европейской России. СПб.,1903. Ч.1. Таблица XIV Арендование крестьянами вненадельных земель и сдача ими надельных по 50 губ. ЕР в 1901.  С. 114-129",.,129,.,.,1897
14,Казанская губерния,1897_27,.,.,1901,.,6.3,рубли,.,7.04,Цена аренды в руб. за одну десятину всей земли,.,.,.,.,.,.,,,,.,.,.,.,.,.,.,,,,.,"Материалы высочайше учрежденной 16 ноября 1901г. комиссии по исследованию вопроса о движении с 1861 по 1900 г. благосостояния сельского населения среднеземледельческих губерний, сравнительно с другими местностями Европейской России. СПб.,1903. Ч.1. Таблица XIV Арендование крестьянами вненадельных земель и сдача ими надельных по 50 губ. ЕР в 1901.  С. 114-129",.,119,.,.,1897
15,Калужская губерния,1897_29,.,.,1901,.,4.5,рубли,.,7.04,Цена аренды в руб. за одну десятину всей земли,.,.,.,.,.,.,,,,.,.,.,.,.,.,.,,,,.,"Материалы высочайше учрежденной 16 ноября 1901г. комиссии по исследованию вопроса о движении с 1861 по 1900 г. благосостояния сельского населения среднеземледельческих губерний, сравнительно с другими местностями Европейской России. СПб.,1903. Ч.1. Таблица XIV Арендование крестьянами вненадельных земель и сдача ими надельных по 50 губ. ЕР в 1901.  С. 114-129",.,123,.,.,1897
16,Киевская губерния,1897_32,.,.,1901,.,8.5,рубли,.,7.04,Цена аренды в руб. за одну десятину всей земли,.,.,.,.,.,.,,,,.,.,.,.,.,.,.,,,,.,"Материалы высочайше учрежденной 16 ноября 1901г. комиссии по исследованию вопроса о движении с 1861 по 1900 г. благосостояния сельского населения среднеземледельческих губерний, сравнительно с другими местностями Европейской России. СПб.,1903. Ч.1. Таблица XIV Арендование крестьянами вненадельных земель и сдача ими надельных по 50 губ. ЕР в 1901.  С. 114-129",.,127,.,.,1897
17,Ковенская губерния,1897_33,.,.,1901,.,4.5999999999999996,рубли,.,7.04,Цена аренды в руб. за одну десятину всей земли,.,.,.,.,.,.,,,,.,.,.,.,.,.,.,,,,.,"Материалы высочайше учрежденной 16 ноября 1901г. комиссии по исследованию вопроса о движении с 1861 по 1900 г. благосостояния сельского населения среднеземледельческих губерний, сравнительно с другими местностями Европейской России. СПб.,1903. Ч.1. Таблица XIV Арендование крестьянами вненадельных земель и сдача ими надельных по 50 губ. ЕР в 1901.  С. 114-129",.,127,.,.,1897
18,Костромская губерния,1897_34,.,.,1901,.,1.4,рубли,.,7.04,Цена аренды в руб. за одну десятину всей земли,.,.,.,.,.,.,,,,.,.,.,.,.,.,.,,,,.,"Материалы высочайше учрежденной 16 ноября 1901г. комиссии по исследованию вопроса о движении с 1861 по 1900 г. благосостояния сельского населения среднеземледельческих губерний, сравнительно с другими местностями Европейской России. СПб.,1903. Ч.1. Таблица XIV Арендование крестьянами вненадельных земель и сдача ими надельных по 50 губ. ЕР в 1901.  С. 114-129",.,123,.,.,1897
19,Курляндская губерния,1897_37,.,.,1901,.,5.6,рубли,.,7.04,Цена аренды в руб. за одну десятину всей земли,.,.,.,.,.,.,,,,.,.,.,.,.,.,.,,,,.,"Материалы высочайше учрежденной 16 ноября 1901г. комиссии по исследованию вопроса о движении с 1861 по 1900 г. благосостояния сельского населения среднеземледельческих губерний, сравнительно с другими местностями Европейской России. СПб.,1903. Ч.1. Таблица XIV Арендование крестьянами вненадельных земель и сдача ими надельных по 50 губ. ЕР в 1901.  С. 114-129",.,125,.,.,1897
20,Курская губерния,1897_38,.,.,1901,.,10.199999999999999,рубли,.,7.04,Цена аренды в руб. за одну десятину всей земли,.,.,.,.,.,.,,,,.,.,.,.,.,.,.,,,,.,"Материалы высочайше учрежденной 16 ноября 1901г. комиссии по исследованию вопроса о движении с 1861 по 1900 г. благосостояния сельского населения среднеземледельческих губерний, сравнительно с другими местностями Европейской России. СПб.,1903. Ч.1. Таблица XIV Арендование крестьянами вненадельных земель и сдача ими надельных по 50 губ. ЕР в 1901.  С. 114-129",.,121,.,.,1897
21,Лифляндская губерния,1897_40,.,.,1901,.,4.5,рубли,.,7.04,Цена аренды в руб. за одну десятину всей земли,.,.,.,.,.,.,,,,.,.,.,.,.,.,.,,,,.,"Материалы высочайше учрежденной 16 ноября 1901г. комиссии по исследованию вопроса о движении с 1861 по 1900 г. благосостояния сельского населения среднеземледельческих губерний, сравнительно с другими местностями Европейской России. СПб.,1903. Ч.1. Таблица XIV Арендование крестьянами вненадельных земель и сдача ими надельных по 50 губ. ЕР в 1901.  С. 114-129",.,125,.,.,1897
22,Минская губерния,1897_43,.,.,1901,.,3.1,рубли,.,7.04,Цена аренды в руб. за одну десятину всей земли,.,.,.,.,.,.,,,,.,.,.,.,.,.,.,,,,.,"Материалы высочайше учрежденной 16 ноября 1901г. комиссии по исследованию вопроса о движении с 1861 по 1900 г. благосостояния сельского населения среднеземледельческих губерний, сравнительно с другими местностями Европейской России. СПб.,1903. Ч.1. Таблица XIV Арендование крестьянами вненадельных земель и сдача ими надельных по 50 губ. ЕР в 1901.  С. 114-129",.,125,.,.,1897
23,Могилевская губерния,1897_44,.,.,1901,.,6.8,рубли,.,7.04,Цена аренды в руб. за одну десятину всей земли,.,.,.,.,.,.,,,,.,.,.,.,.,.,.,,,,.,"Материалы высочайше учрежденной 16 ноября 1901г. комиссии по исследованию вопроса о движении с 1861 по 1900 г. благосостояния сельского населения среднеземледельческих губерний, сравнительно с другими местностями Европейской России. СПб.,1903. Ч.1. Таблица XIV Арендование крестьянами вненадельных земель и сдача ими надельных по 50 губ. ЕР в 1901.  С. 114-129",.,125,.,.,1897
24,Московская губерния,1897_45,.,.,1901,.,2.6,рубли,.,7.04,Цена аренды в руб. за одну десятину всей земли,.,.,.,.,.,.,,,,.,.,.,.,.,.,.,,,,.,"Материалы высочайше учрежденной 16 ноября 1901г. комиссии по исследованию вопроса о движении с 1861 по 1900 г. благосостояния сельского населения среднеземледельческих губерний, сравнительно с другими местностями Европейской России. СПб.,1903. Ч.1. Таблица XIV Арендование крестьянами вненадельных земель и сдача ими надельных по 50 губ. ЕР в 1901.  С. 114-129",.,123,.,.,1897
25,Нижегородская губерния,1897_46,.,.,1901,.,4.5,рубли,.,7.04,Цена аренды в руб. за одну десятину всей земли,.,.,.,.,.,.,,,,.,.,.,.,.,.,.,,,,.,"Материалы высочайше учрежденной 16 ноября 1901г. комиссии по исследованию вопроса о движении с 1861 по 1900 г. благосостояния сельского населения среднеземледельческих губерний, сравнительно с другими местностями Европейской России. СПб.,1903. Ч.1. Таблица XIV Арендование крестьянами вненадельных земель и сдача ими надельных по 50 губ. ЕР в 1901.  С. 114-129",.,119,.,.,1897
26,Новгородская губерния,1897_47,.,.,1901,.,1.8,рубли,.,7.04,Цена аренды в руб. за одну десятину всей земли,.,.,.,.,.,.,,,,.,.,.,.,.,.,.,,,,.,"Материалы высочайше учрежденной 16 ноября 1901г. комиссии по исследованию вопроса о движении с 1861 по 1900 г. благосостояния сельского населения среднеземледельческих губерний, сравнительно с другими местностями Европейской России. СПб.,1903. Ч.1. Таблица XIV Арендование крестьянами вненадельных земель и сдача ими надельных по 50 губ. ЕР в 1901.  С. 114-129",.,115,.,.,1897
27,Олонецкая губерния,1897_49,.,.,1901,.,0.9,рубли,.,7.04,Цена аренды в руб. за одну десятину всей земли,.,.,.,.,.,.,,,,.,.,.,.,.,.,.,,,,.,"Материалы высочайше учрежденной 16 ноября 1901г. комиссии по исследованию вопроса о движении с 1861 по 1900 г. благосостояния сельского населения среднеземледельческих губерний, сравнительно с другими местностями Европейской России. СПб.,1903. Ч.1. Таблица XIV Арендование крестьянами вненадельных земель и сдача ими надельных по 50 губ. ЕР в 1901.  С. 114-129",.,115,.,.,1897
28,Оренбургская губерния,1897_50,.,.,1901,.,1.3,рубли,.,7.04,Цена аренды в руб. за одну десятину всей земли,.,.,.,.,.,.,,,,.,.,.,.,.,.,.,,,,.,"Материалы высочайше учрежденной 16 ноября 1901г. комиссии по исследованию вопроса о движении с 1861 по 1900 г. благосостояния сельского населения среднеземледельческих губерний, сравнительно с другими местностями Европейской России. СПб.,1903. Ч.1. Таблица XIV Арендование крестьянами вненадельных земель и сдача ими надельных по 50 губ. ЕР в 1901.  С. 114-129",.,117,.,.,1897
29,Орловская губерния,1897_51,.,.,1901,.,8.6999999999999993,рубли,.,7.04,Цена аренды в руб. за одну десятину всей земли,.,.,.,.,.,.,,,,.,.,.,.,.,.,.,,,,.,"Материалы высочайше учрежденной 16 ноября 1901г. комиссии по исследованию вопроса о движении с 1861 по 1900 г. благосостояния сельского населения среднеземледельческих губерний, сравнительно с другими местностями Европейской России. СПб.,1903. Ч.1. Таблица XIV Арендование крестьянами вненадельных земель и сдача ими надельных по 50 губ. ЕР в 1901.  С. 114-129",.,121,.,.,1897
30,Пензенская губерния,1897_53,.,.,1901,.,9,рубли,.,7.04,Цена аренды в руб. за одну десятину всей земли,.,.,.,.,.,.,,,,.,.,.,.,.,.,.,,,,.,"Материалы высочайше учрежденной 16 ноября 1901г. комиссии по исследованию вопроса о движении с 1861 по 1900 г. благосостояния сельского населения среднеземледельческих губерний, сравнительно с другими местностями Европейской России. СПб.,1903. Ч.1. Таблица XIV Арендование крестьянами вненадельных земель и сдача ими надельных по 50 губ. ЕР в 1901.  С. 114-129",.,119,.,.,1897
31,Пермская губерния,1897_54,.,.,1901,.,1,рубли,.,7.04,Цена аренды в руб. за одну десятину всей земли,.,.,.,.,.,.,,,,.,.,.,.,.,.,.,,,,.,"Материалы высочайше учрежденной 16 ноября 1901г. комиссии по исследованию вопроса о движении с 1861 по 1900 г. благосостояния сельского населения среднеземледельческих губерний, сравнительно с другими местностями Европейской России. СПб.,1903. Ч.1. Таблица XIV Арендование крестьянами вненадельных земель и сдача ими надельных по 50 губ. ЕР в 1901.  С. 114-129",.,117,.,.,1897
32,Подольская губерния,1897_57,.,.,1901,.,8.8000000000000007,рубли,.,7.04,Цена аренды в руб. за одну десятину всей земли,.,.,.,.,.,.,,,,.,.,.,.,.,.,.,,,,.,"Материалы высочайше учрежденной 16 ноября 1901г. комиссии по исследованию вопроса о движении с 1861 по 1900 г. благосостояния сельского населения среднеземледельческих губерний, сравнительно с другими местностями Европейской России. СПб.,1903. Ч.1. Таблица XIV Арендование крестьянами вненадельных земель и сдача ими надельных по 50 губ. ЕР в 1901.  С. 114-129",.,127,.,.,1897
33,Полтавская губерния,1897_58,.,.,1901,.,8.6999999999999993,рубли,.,7.04,Цена аренды в руб. за одну десятину всей земли,.,.,.,.,.,.,,,,.,.,.,.,.,.,.,,,,.,"Материалы высочайше учрежденной 16 ноября 1901г. комиссии по исследованию вопроса о движении с 1861 по 1900 г. благосостояния сельского населения среднеземледельческих губерний, сравнительно с другими местностями Европейской России. СПб.,1903. Ч.1. Таблица XIV Арендование крестьянами вненадельных земель и сдача ими надельных по 50 губ. ЕР в 1901.  С. 114-129",.,129,.,.,1897
34,Псковская губерния,1897_60,.,.,1901,.,3.9,рубли,.,7.04,Цена аренды в руб. за одну десятину всей земли,.,.,.,.,.,.,,,,.,.,.,.,.,.,.,,,,.,"Материалы высочайше учрежденной 16 ноября 1901г. комиссии по исследованию вопроса о движении с 1861 по 1900 г. благосостояния сельского населения среднеземледельческих губерний, сравнительно с другими местностями Европейской России. СПб.,1903. Ч.1. Таблица XIV Арендование крестьянами вненадельных земель и сдача ими надельных по 50 губ. ЕР в 1901.  С. 114-129",.,115,.,.,1897
35,Рязанская губерния,1897_62,.,.,1901,.,8.6,рубли,.,7.04,Цена аренды в руб. за одну десятину всей земли,.,.,.,.,.,.,,,,.,.,.,.,.,.,.,,,,.,"Материалы высочайше учрежденной 16 ноября 1901г. комиссии по исследованию вопроса о движении с 1861 по 1900 г. благосостояния сельского населения среднеземледельческих губерний, сравнительно с другими местностями Европейской России. СПб.,1903. Ч.1. Таблица XIV Арендование крестьянами вненадельных земель и сдача ими надельных по 50 губ. ЕР в 1901.  С. 114-129",.,121,.,.,1897
36,Самарская губерния,1897_64,.,.,1901,.,2.8,рубли,.,7.04,Цена аренды в руб. за одну десятину всей земли,.,.,.,.,.,.,,,,.,.,.,.,.,.,.,,,,.,"Материалы высочайше учрежденной 16 ноября 1901г. комиссии по исследованию вопроса о движении с 1861 по 1900 г. благосостояния сельского населения среднеземледельческих губерний, сравнительно с другими местностями Европейской России. СПб.,1903. Ч.1. Таблица XIV Арендование крестьянами вненадельных земель и сдача ими надельных по 50 губ. ЕР в 1901.  С. 114-129",.,117,.,.,1897
37,Санкт-Петербургская губерния,1897_66,.,.,1901,.,1.7,рубли,.,7.04,Цена аренды в руб. за одну десятину всей земли,.,.,.,.,.,.,,,,.,.,.,.,.,.,.,,,,.,"Материалы высочайше учрежденной 16 ноября 1901г. комиссии по исследованию вопроса о движении с 1861 по 1900 г. благосостояния сельского населения среднеземледельческих губерний, сравнительно с другими местностями Европейской России. СПб.,1903. Ч.1. Таблица XIV Арендование крестьянами вненадельных земель и сдача ими надельных по 50 губ. ЕР в 1901.  С. 114-129",.,115,.,.,1897
38,Саратовская губерния,1897_67,.,.,1901,.,5.3,рубли,.,7.04,Цена аренды в руб. за одну десятину всей земли,.,.,.,.,.,.,,,,.,.,.,.,.,.,.,,,,.,"Материалы высочайше учрежденной 16 ноября 1901г. комиссии по исследованию вопроса о движении с 1861 по 1900 г. благосостояния сельского населения среднеземледельческих губерний, сравнительно с другими местностями Европейской России. СПб.,1903. Ч.1. Таблица XIV Арендование крестьянами вненадельных земель и сдача ими надельных по 50 губ. ЕР в 1901.  С. 114-129",.,119,.,.,1897
39,Симбирская губерния,1897_71,.,.,1901,.,5.4,рубли,.,7.04,Цена аренды в руб. за одну десятину всей земли,.,.,.,.,.,.,,,,.,.,.,.,.,.,.,,,,.,"Материалы высочайше учрежденной 16 ноября 1901г. комиссии по исследованию вопроса о движении с 1861 по 1900 г. благосостояния сельского населения среднеземледельческих губерний, сравнительно с другими местностями Европейской России. СПб.,1903. Ч.1. Таблица XIV Арендование крестьянами вненадельных земель и сдача ими надельных по 50 губ. ЕР в 1901.  С. 114-129",.,119,.,.,1897
40,Смоленская губерния,1897_72,.,.,1901,.,2.6,рубли,.,7.04,Цена аренды в руб. за одну десятину всей земли,.,.,.,.,.,.,,,,.,.,.,.,.,.,.,,,,.,"Материалы высочайше учрежденной 16 ноября 1901г. комиссии по исследованию вопроса о движении с 1861 по 1900 г. благосостояния сельского населения среднеземледельческих губерний, сравнительно с другими местностями Европейской России. СПб.,1903. Ч.1. Таблица XIV Арендование крестьянами вненадельных земель и сдача ими надельных по 50 губ. ЕР в 1901.  С. 114-129",.,123,.,.,1897
41,Таврическая губерния,1897_77,.,.,1901,.,5.5,рубли,.,7.04,Цена аренды в руб. за одну десятину всей земли,.,.,.,.,.,.,,,,.,.,.,.,.,.,.,,,,.,"Материалы высочайше учрежденной 16 ноября 1901г. комиссии по исследованию вопроса о движении с 1861 по 1900 г. благосостояния сельского населения среднеземледельческих губерний, сравнительно с другими местностями Европейской России. СПб.,1903. Ч.1. Таблица XIV Арендование крестьянами вненадельных земель и сдача ими надельных по 50 губ. ЕР в 1901.  С. 114-129",.,129,.,.,1897
42,Тамбовская губерния,1897_78,.,.,1901,.,8.8000000000000007,рубли,.,7.04,Цена аренды в руб. за одну десятину всей земли,.,.,.,.,.,.,,,,.,.,.,.,.,.,.,,,,.,"Материалы высочайше учрежденной 16 ноября 1901г. комиссии по исследованию вопроса о движении с 1861 по 1900 г. благосостояния сельского населения среднеземледельческих губерний, сравнительно с другими местностями Европейской России. СПб.,1903. Ч.1. Таблица XIV Арендование крестьянами вненадельных земель и сдача ими надельных по 50 губ. ЕР в 1901.  С. 114-129",.,119,.,.,1897
43,Тверская губерния,1897_79,.,.,1901,.,2.7,рубли,.,7.04,Цена аренды в руб. за одну десятину всей земли,.,.,.,.,.,.,,,,.,.,.,.,.,.,.,,,,.,"Материалы высочайше учрежденной 16 ноября 1901г. комиссии по исследованию вопроса о движении с 1861 по 1900 г. благосостояния сельского населения среднеземледельческих губерний, сравнительно с другими местностями Европейской России. СПб.,1903. Ч.1. Таблица XIV Арендование крестьянами вненадельных земель и сдача ими надельных по 50 губ. ЕР в 1901.  С. 114-129",.,123,.,.,1897
44,Тульская губерния,1897_84,.,.,1901,.,8.4,рубли,.,7.04,Цена аренды в руб. за одну десятину всей земли,.,.,.,.,.,.,,,,.,.,.,.,.,.,.,,,,.,"Материалы высочайше учрежденной 16 ноября 1901г. комиссии по исследованию вопроса о движении с 1861 по 1900 г. благосостояния сельского населения среднеземледельческих губерний, сравнительно с другими местностями Европейской России. СПб.,1903. Ч.1. Таблица XIV Арендование крестьянами вненадельных земель и сдача ими надельных по 50 губ. ЕР в 1901.  С. 114-129",.,121,.,.,1897
45,Уфимская губерния,1897_88,.,.,1901,.,2.1,рубли,.,7.04,Цена аренды в руб. за одну десятину всей земли,.,.,.,.,.,.,,,,.,.,.,.,.,.,.,,,,.,"Материалы высочайше учрежденной 16 ноября 1901г. комиссии по исследованию вопроса о движении с 1861 по 1900 г. благосостояния сельского населения среднеземледельческих губерний, сравнительно с другими местностями Европейской России. СПб.,1903. Ч.1. Таблица XIV Арендование крестьянами вненадельных земель и сдача ими надельных по 50 губ. ЕР в 1901.  С. 114-129",.,117,.,.,1897
46,Харьковская губерния,1897_90,.,.,1901,.,7.2,рубли,.,7.04,Цена аренды в руб. за одну десятину всей земли,.,.,.,.,.,.,,,,.,.,.,.,.,.,.,,,,.,"Материалы высочайше учрежденной 16 ноября 1901г. комиссии по исследованию вопроса о движении с 1861 по 1900 г. благосостояния сельского населения среднеземледельческих губерний, сравнительно с другими местностями Европейской России. СПб.,1903. Ч.1. Таблица XIV Арендование крестьянами вненадельных земель и сдача ими надельных по 50 губ. ЕР в 1901.  С. 114-129",.,121,.,.,1897
47,Херсонская губерния,1897_91,.,.,1901,.,7.1,рубли,.,7.04,Цена аренды в руб. за одну десятину всей земли,.,.,.,.,.,.,,,,.,.,.,.,.,.,.,,,,.,"Материалы высочайше учрежденной 16 ноября 1901г. комиссии по исследованию вопроса о движении с 1861 по 1900 г. благосостояния сельского населения среднеземледельческих губерний, сравнительно с другими местностями Европейской России. СПб.,1903. Ч.1. Таблица XIV Арендование крестьянами вненадельных земель и сдача ими надельных по 50 губ. ЕР в 1901.  С. 114-129",.,129,.,.,1897
48,Черниговская губерния,1897_92,.,.,1901,.,6.8,рубли,.,7.04,Цена аренды в руб. за одну десятину всей земли,.,.,.,.,.,.,,,,.,.,.,.,.,.,.,,,,.,"Материалы высочайше учрежденной 16 ноября 1901г. комиссии по исследованию вопроса о движении с 1861 по 1900 г. благосостояния сельского населения среднеземледельческих губерний, сравнительно с другими местностями Европейской России. СПб.,1903. Ч.1. Таблица XIV Арендование крестьянами вненадельных земель и сдача ими надельных по 50 губ. ЕР в 1901.  С. 114-129",.,129,.,.,1897
49,Эстляндская губерния,1897_95,.,.,1901,.,2.9,рубли,.,7.04,Цена аренды в руб. за одну десятину всей земли,.,.,.,.,.,.,,,,.,.,.,.,.,.,.,,,,.,"Материалы высочайше учрежденной 16 ноября 1901г. комиссии по исследованию вопроса о движении с 1861 по 1900 г. благосостояния сельского населения среднеземледельческих губерний, сравнительно с другими местностями Европейской России. СПб.,1903. Ч.1. Таблица XIV Арендование крестьянами вненадельных земель и сдача ими надельных по 50 губ. ЕР в 1901.  С. 114-129",.,125,.,.,1897
50,Ярославская губерния,1897_97,.,.,1901,.,2,рубли,.,7.04,Цена аренды в руб. за одну десятину всей земли,.,.,.,.,.,.,,,,.,.,.,.,.,.,.,,,,.,"Материалы высочайше учрежденной 16 ноября 1901г. комиссии по исследованию вопроса о движении с 1861 по 1900 г. благосостояния сельского населения среднеземледельческих губерний, сравнительно с другими местностями Европейской России. СПб.,1903. Ч.1. Таблица XIV Арендование крестьянами вненадельных земель и сдача ими надельных по 50 губ. ЕР в 1901.  С. 114-129",.,123,.,.,1897
