ID,TERRITORY,TER_CODE,TOWN,DISTRICT,YEAR,MONTH,VALUE,VALUE_UNIT,VALUE_LABEL,DATATYPE,HISTCLASS1,HISTCLASS2,HISTCLASS3,HISTCLASS4,HISTCLASS5,HISTCLASS6,HISTCLASS7,HISTCLASS8,HISTCLASS9,HISTCLASS10,CLASS1,CLASS2,CLASS3,CLASS4,CLASS5,CLASS6,CLASS7,CLASS8,CLASS9,CLASS10,COMMENT_SOURCE,SOURCE,VOLUME,PAGE,NABORSHIK_ID,COMMENT_NABORSHIK,
1,Архангельская губерния,1795_01,Архангельск,.,1797,.,3395.84,рубли,.,5.01,гарнизонная школа,расходы,.,.,.,.,.,,,,.,.,.,.,.,.,.,,,,.,"ПСЗ, Собрание первое. Т.24. №17720; Т.43. №18159.",.,.,Хацкевич М.,.,1795
2,Архангельская губерния,1795_01,Архангельск,.,1796,.,2000,рубли,.,5.01,семинария духовная,расходы,.,.,.,.,.,,,,.,.,.,.,.,.,.,,,,.,"ПСЗ, Собрание первое. Т.24. №18273; Т.44, №18273.",.,.,Хацкевич М.,.,1795
4,Владимирская губерния,1795_04,Суздаль,.,1796,.,2000,рубли,.,5.01,семинария духовная,расходы,.,.,.,.,.,,,,.,.,.,.,.,.,.,,,,.,"ПСЗ, Собрание первое. Т.24. №18273; Т.44, №18273.",.,.,Хацкевич М.,.,1795
3,Владимирская губерния,1795_04,Владимир,.,1797,.,1697.92,рубли,.,5.01,гарнизонная школа,расходы,.,.,.,.,.,,,,.,.,.,.,.,.,.,,,,.,"ПСЗ, Собрание первое. Т.24. №17720; Т.43. №18159.",.,.,Хацкевич М.,.,1795
5,Вознесенская губерния,1795_05,Елисаветград,.,1797,.,2546.88,рубли,.,5.01,гарнизонная школа,расходы,.,.,.,.,.,,,,.,.,.,.,.,.,.,,,,.,"ПСЗ, Собрание первое. Т.24. №17720; Т.43. №18159.",.,.,Хацкевич М.,.,1795
6,Вологодская губерния,1795_06,Вологда,.,1796,.,2000,рубли,.,5.01,семинария духовная,расходы,.,.,.,.,.,,,,.,.,.,.,.,.,.,,,,.,"ПСЗ, Собрание первое. Т.24. №18273; Т.44, №18273.",.,.,Хацкевич М.,.,1795
8,Вологодская губерния,1795_06,устюг,.,1794,.,8000,рубли,.,5.01,товарооборот,.,.,.,.,.,.,,,,.,.,.,.,.,.,.,,,,.,РГВИА.Ф. 846. Оп. 16. т. 3. Д. 18638. 1794,.,.,Korchmina,.,1795
7,Вологодская губерния,1795_06,вологда,.,1794,.,800000,рубли,.,5.01,товарооборот,.,.,.,.,.,.,,,,.,.,.,.,.,.,.,,,,.,РГВИА.Ф. 846. Оп. 16. т. 3. Д. 18638. 1794,.,.,Korchmina,.,1795
15,Воронежская губерния,1795_08,воронеж,.,1795,.,5000,рубли,.,5.01,товарооборот,мелочный торг ,по селам,кредитом,.,.,.,,,,.,.,.,.,.,.,.,,,,.,"РГВИА Ф, 846. Оп. 16. Д. 18668 ",.,.,Korchmina,.,1795
11,Воронежская губерния,1795_08,воронеж,.,1795,.,20000,рубли,.,5.01,товарооборот,в лавках и погребах,.,.,.,.,.,,,,.,.,.,.,.,.,.,,,,.,"РГВИА Ф, 846. Оп. 16. Д. 18668 ",.,.,Korchmina,.,1795
10,Воронежская губерния,1795_08,Воронеж,.,1796,.,2000,рубли,.,5.01,семинария духовная,расходы,.,.,.,.,.,,,,.,.,.,.,.,.,.,,,,.,"ПСЗ, Собрание первое. Т.24. №18273; Т.44, №18273.",.,.,Хацкевич М.,.,1795
14,Воронежская губерния,1795_08,воронеж,.,1795,.,40000,рубли,.,5.01,товарооборот,мелочный в лавках,.,.,.,.,.,,,,.,.,.,.,.,.,.,,,,.,"РГВИА Ф, 846. Оп. 16. Д. 18668 ",.,.,Korchmina,.,1795
13,Воронежская губерния,1795_08,беловодск,.,1795,.,2000,рубли,.,5.01,товарооборот,лавочная,.,.,.,.,.,,,,.,.,.,.,.,.,.,,,,.,"РГВИА Ф, 846. Оп. 16. Д. 18668 ",.,.,Korchmina,.,1795
12,Воронежская губерния,1795_08,задонск,.,1795,.,1000,рубли,.,5.01,товарооборот,лавочная,.,.,.,.,.,,,,.,.,.,.,.,.,.,,,,.,"РГВИА Ф, 846. Оп. 16. Д. 18668 ",.,.,Korchmina,.,1795
9,Воронежская губерния,1795_08,Воронеж,.,1797,.,1697.92,рубли,.,5.01,гарнизонная школа,расходы,.,.,.,.,.,,,,.,.,.,.,.,.,.,,,,.,"ПСЗ, Собрание первое. Т.24. №17720; Т.43. №18159.",.,.,Хацкевич М.,.,1795
21,Выборгская губерния,1795_09,нейшлот,.,1785,.,5000,рубли,.,5.01,товарооборот,.,.,.,.,.,.,,,,.,.,.,.,.,.,.,,,,.,РГВИА. Ф. 846. Оп 16. Д. 18680,.,.,Korchmina,.,1795
18,Выборгская губерния,1795_09,Вильмандстрант,.,1797,.,848.96,рубли,.,5.01,гарнизонная школа,расходы,.,.,.,.,.,,,,.,.,.,.,.,.,.,,,,.,"ПСЗ, Собрание первое. Т.24. №17720; Т.43. №18159.",.,.,Хацкевич М.,.,1795
19,Выборгская губерния,1795_09,Кексгольм,.,1797,.,848.96,рубли,.,5.01,гарнизонная школа,расходы,.,.,.,.,.,,,,.,.,.,.,.,.,.,,,,.,"ПСЗ, Собрание первое. Т.24. №17720; Т.43. №18159.",.,.,Хацкевич М.,.,1795
20,Выборгская губерния,1795_09,Нейшлот,.,1797,.,848.96,рубли,.,5.01,гарнизонная школа,расходы,.,.,.,.,.,,,,.,.,.,.,.,.,.,,,,.,"ПСЗ, Собрание первое. Т.24. №17720; Т.43. №18159.",.,.,Хацкевич М.,.,1795
22,Выборгская губерния,1795_09,сердоболь,.,1785,.,25000,рубли,.,5.01,товарооборот,.,.,.,.,.,.,,,,.,.,.,.,.,.,.,,,,в источнике стоит от 20 до 30 тысяч рублей,РГВИА. Ф. 846. Оп 16. Д. 18680,.,.,Korchmina,.,1795
17,Выборгская губерния,1795_09,Фридрихсгам,.,1797,.,1697.92,рубли,.,5.01,гарнизонная школа,расходы,.,.,.,.,.,,,,.,.,.,.,.,.,.,,,,.,"ПСЗ, Собрание первое. Т.24. №17720; Т.43. №18159.",.,.,Хацкевич М.,.,1795
16,Выборгская губерния,1795_09,Выборг,.,1797,.,3395.84,рубли,.,5.01,гарнизонная школа,расходы,.,.,.,.,.,,,,.,.,.,.,.,.,.,,,,.,"ПСЗ, Собрание первое. Т.24. №17720; Т.43. №18159.",.,.,Хацкевич М.,.,1795
23,Вятская губерния,1795_10,Вятка,.,1796,.,2000,рубли,.,5.01,семинария духовная,расходы,.,.,.,.,.,,,,.,.,.,.,.,.,.,,,,.,"ПСЗ, Собрание первое. Т.24. №18273; Т.44, №18273.",.,.,Хацкевич М.,.,1795
26,Екатеринославское наместничество,1795_11,Александровская крепость,.,1797,.,848.96,рубли,.,5.01,гарнизонная школа,расходы,.,.,.,.,.,,,,.,.,.,.,.,.,.,,,,.,"ПСЗ, Собрание первое. Т.24. №17720; Т.43. №18159.",.,.,Хацкевич М.,.,1795
32,Екатеринославское наместничество,1795_11,Полтава,.,1796,.,2000,рубли,.,5.01,семинария духовная,расходы,.,.,.,.,.,,,,.,.,.,.,.,.,.,,,,.,"ПСЗ, Собрание первое. Т.24. №18273; Т.44, №18273.",.,.,Хацкевич М.,.,1795
27,Екатеринославское наместничество,1795_11,Никитинская крепость,.,1797,.,848.96,рубли,.,5.01,гарнизонная школа,расходы,.,.,.,.,.,,,,.,.,.,.,.,.,.,,,,.,"ПСЗ, Собрание первое. Т.24. №17720; Т.43. №18159.",.,.,Хацкевич М.,.,1795
28,Екатеринославское наместничество,1795_11,Кириловская крепость,.,1797,.,848.96,рубли,.,5.01,гарнизонная школа,расходы,.,.,.,.,.,,,,.,.,.,.,.,.,.,,,,.,"ПСЗ, Собрание первое. Т.24. №17720; Т.43. №18159.",.,.,Хацкевич М.,.,1795
29,Екатеринославское наместничество,1795_11,Петровская крепость,.,1797,.,848.96,рубли,.,5.01,гарнизонная школа,расходы,.,.,.,.,.,,,,.,.,.,.,.,.,.,,,,.,"ПСЗ, Собрание первое. Т.24. №17720; Т.43. №18159.",.,.,Хацкевич М.,.,1795
30,Екатеринославское наместничество,1795_11,Ростовская крепость,.,1797,.,848.96,рубли,.,5.01,гарнизонная школа,расходы,.,.,.,.,.,,,,.,.,.,.,.,.,.,,,,.,"ПСЗ, Собрание первое. Т.24. №17720; Т.43. №18159.",.,.,Хацкевич М.,.,1795
31,Екатеринославское наместничество,1795_11,Азов,.,1797,.,1697.92,рубли,.,5.01,гарнизонная школа,расходы,.,.,.,.,.,,,,.,.,.,.,.,.,.,,,,.,"ПСЗ, Собрание первое. Т.24. №17720; Т.43. №18159.",.,.,Хацкевич М.,.,1795
24,Екатеринославское наместничество,1795_11,Таганрог,.,1797,.,1697.92,рубли,.,5.01,гарнизонная школа,расходы,.,.,.,.,.,,,,.,.,.,.,.,.,.,,,,.,"ПСЗ, Собрание первое. Т.24. №17720; Т.43. №18159.",.,.,Хацкевич М.,.,1795
25,Екатеринославское наместничество,1795_11,Бахмут,.,1797,.,848.96,рубли,.,5.01,гарнизонная школа,расходы,.,.,.,.,.,,,,.,.,.,.,.,.,.,,,,.,"ПСЗ, Собрание первое. Т.24. №17720; Т.43. №18159.",.,.,Хацкевич М.,.,1795
33,Иркутская губерния,1795_13,.,.,1792,.,3735311,рубли,.,5.01,товарооборот,товаров в вымене,.,.,.,.,.,,,,.,.,.,.,.,.,.,,,,.,"Описание Иркутского наместничества 1792 года. - Новосибирск: Наука. Сиб. отд-ние, 1988",.,.,Korchmina,.,1795
38,Иркутская губерния,1795_13,Иркутск,.,1796,.,2000,рубли,.,5.01,семинария духовная,расходы,.,.,.,.,.,,,,.,.,.,.,.,.,.,,,,.,"ПСЗ, Собрание первое. Т.24. №18273; Т.44, №18273.",.,.,Хацкевич М.,.,1795
37,Иркутская губерния,1795_13,Селенгинск,.,1797,.,3395.84,рубли,.,5.01,гарнизонная школа,расходы,.,.,.,.,.,,,,.,.,.,.,.,.,.,,,,.,"ПСЗ, Собрание первое. Т.24. №17720; Т.43. №18159.",.,.,Хацкевич М.,.,1795
36,Иркутская губерния,1795_13,Иркутск,.,1797,.,1697.92,рубли,.,5.01,гарнизонная школа,расходы,.,.,.,.,.,,,,.,.,.,.,.,.,.,,,,.,"ПСЗ, Собрание первое. Т.24. №17720; Т.43. №18159.",.,.,Хацкевич М.,.,1795
35,Иркутская губерния,1795_13,иркутск,.,1792,.,550000,рубли,.,5.01,товарооборот,торговля в лавках,.,.,.,.,.,,,,.,.,.,.,.,.,.,,,,.,"Описание Иркутского наместничества 1792 года. - Новосибирск: Наука. Сиб. отд-ние, 1988",.,с. 70,Korchmina,.,1795
34,Иркутская губерния,1795_13,.,.,1792,.,3735307,рубли,.,5.01,товарооборот,товаров в промене,.,.,.,.,.,,,,.,.,.,.,.,.,.,,,,.,"Описание Иркутского наместничества 1792 года. - Новосибирск: Наука. Сиб. отд-ние, 1988",.,.,Korchmina,.,1795
41,Кавказская область Астраханской губернии,1795_14,Моздок,.,1797,.,848.96,рубли,.,5.01,гарнизонная школа,расходы,.,.,.,.,.,,,,.,.,.,.,.,.,.,,,,.,"ПСЗ, Собрание первое. Т.24. №17720; Т.43. №18159.",.,.,Хацкевич М.,.,1795
39,Кавказская область Астраханской губернии,1795_14,Астрахань,.,1797,.,3395.84,рубли,.,5.01,гарнизонная школа,расходы,.,.,.,.,.,,,,.,.,.,.,.,.,.,,,,.,"ПСЗ, Собрание первое. Т.24. №17720; Т.43. №18159.",.,.,Хацкевич М.,.,1795
40,Кавказская область Астраханской губернии,1795_14,Кизляр,.,1797,.,1697.92,рубли,.,5.01,гарнизонная школа,расходы,.,.,.,.,.,,,,.,.,.,.,.,.,.,,,,.,"ПСЗ, Собрание первое. Т.24. №17720; Т.43. №18159.",.,.,Хацкевич М.,.,1795
42,Кавказская область Астраханской губернии,1795_14,Астрахань,.,1796,.,2000,рубли,.,5.01,семинария духовная,расходы,.,.,.,.,.,,,,.,.,.,.,.,.,.,,,,.,"ПСЗ, Собрание первое. Т.24. №18273; Т.44, №18273.",.,.,Хацкевич М.,.,1795
43,Казанская губерния,1795_15,Казань,.,1797,.,5093.76,рубли,.,5.01,гарнизонная школа,расходы,.,.,.,.,.,,,,.,.,.,.,.,.,.,,,,.,"ПСЗ, Собрание первое. Т.24. №17720; Т.43. №18159.",.,.,Хацкевич М.,.,1795
44,Казанская губерния,1795_15,Казань,.,1796,.,2000,рубли,.,5.01,семинария духовная,расходы,.,.,.,.,.,,,,.,.,.,.,.,.,.,,,,.,"ПСЗ, Собрание первое. Т.24. №18273; Т.44, №18273.",.,.,Хацкевич М.,.,1795
45,Калужская губерния,1795_16,калуга,.,1785,.,550000,рубли,.,5.01,товарооборот,лавочный,.,.,.,.,.,,,,.,.,.,.,.,.,.,,,,.,Топографическое описание Калужскаго наместничества. В Санкт Петербурге При Императорской Академии Наук. 1785 год Описание это перепечатано с подлинника с разрешения Господина Начальника Калужской Губернии. Калуга 1850 г.,.,с. 18,Korchmina,.,1795
47,Киевская губерния,1795_17,Киев,.,1796,.,9000,рубли,.,5.01,академия духовная,расходы,.,.,.,.,.,,,,.,.,.,.,.,.,.,,,,.,"ПСЗ, Собрание первое. Т.24. №18273; Т.44, №18273.",.,.,Хацкевич М.,.,1795
46,Киевская губерния,1795_17,Киев,.,1797,.,3395.84,рубли,.,5.01,гарнизонная школа,расходы,.,.,.,.,.,,,,.,.,.,.,.,.,.,,,,.,"ПСЗ, Собрание первое. Т.24. №17720; Т.43. №18159.",.,.,Хацкевич М.,.,1795
48,Колыванская губерния,1795_18,Бийск,.,1797,.,848.96,рубли,.,5.01,гарнизонная школа,расходы,.,.,.,.,.,,,,.,.,.,.,.,.,.,,,,.,"ПСЗ, Собрание первое. Т.24. №17720; Т.43. №18159.",.,.,Хацкевич М.,.,1795
49,Колыванская губерния,1795_18,Семипалатинск,.,1797,.,848.96,рубли,.,5.01,гарнизонная школа,расходы,.,.,.,.,.,,,,.,.,.,.,.,.,.,,,,.,"ПСЗ, Собрание первое. Т.24. №17720; Т.43. №18159.",.,.,Хацкевич М.,.,1795
50,Костромская губерния,1795_19,Кострома,.,1796,.,2000,рубли,.,5.01,семинария духовная,расходы,.,.,.,.,.,,,,.,.,.,.,.,.,.,,,,.,"ПСЗ, Собрание первое. Т.24. №18273; Т.44, №18273.",.,.,Хацкевич М.,.,1795
54,Курская губерния,1795_21,фатех,.,1785,.,5000,рубли,.,5.01,товарооборот,.,.,.,.,.,.,,,,.,.,.,.,.,.,.,,,,.,РГВИА Ф. 846. Оп. 16. Д. 18801,.,.,Korchmina,.,1795
52,Курская губерния,1795_21,.,.,1785,.,5000000,рубли,.,5.01,капитал оборотный,ярмарка,.,.,.,.,.,,,,.,.,.,.,.,.,.,,,,.,РГВИА Ф. 846. Оп. 16. Д. 18801,.,.,Korchmina,.,1795
53,Курская губерния,1795_21,белгород,.,1785,.,300000,рубли,.,5.01,товарооборот,.,.,.,.,.,.,,,,.,.,.,.,.,.,.,,,,.,РГВИА Ф. 846. Оп. 16. Д. 18801,.,.,Korchmina,.,1795
51,Курская губерния,1795_21,Белгород,.,1796,.,2000,рубли,.,5.01,семинария духовная,расходы,.,.,.,.,.,,,,.,.,.,.,.,.,.,,,,.,"ПСЗ, Собрание первое. Т.24. №18273; Т.44, №18273.",.,.,Хацкевич М.,.,1795
55,Минская губерния,1795_22,Минск,.,1796,.,2000,рубли,.,5.01,семинария духовная,расходы,.,.,.,.,.,,,,.,.,.,.,.,.,.,,,,.,"ПСЗ, Собрание первое. Т.24. №18273; Т.44, №18273.",.,.,Хацкевич М.,.,1795
57,Могилевская губерния,1795_23,Рогачев,.,1797,.,848.96,рубли,.,5.01,гарнизонная школа,расходы,.,.,.,.,.,,,,.,.,.,.,.,.,.,,,,.,"ПСЗ, Собрание первое. Т.24. №17720; Т.43. №18159.",.,.,Хацкевич М.,.,1795
58,Могилевская губерния,1795_23,Могилев,.,1796,.,2000,рубли,.,5.01,семинария духовная,расходы,.,.,.,.,.,,,,.,.,.,.,.,.,.,,,,.,"ПСЗ, Собрание первое. Т.24. №18273; Т.44, №18273.",.,.,Хацкевич М.,.,1795
56,Могилевская губерния,1795_23,Сенной,.,1797,.,1697.92,рубли,.,5.01,гарнизонная школа,расходы,.,.,.,.,.,,,,.,.,.,.,.,.,.,,,,.,"ПСЗ, Собрание первое. Т.24. №17720; Т.43. №18159.",.,.,Хацкевич М.,.,1795
59,Московская губерния,1795_24,.,.,1798,.,8215,рубли,.,5.01,Московский университет,расходы,.,.,.,.,.,,,,.,.,.,.,.,.,.,,,,.,РГАДА. Ф.1239. Оп.3. Ч.80. Д.38142. Л.1.,.,Л.1.,Хацкевич М.,.,1795
65,Московская губерния,1795_24,Москва,.,1796,.,2000,рубли,.,5.01,семинария духовная,расходы,.,.,.,.,.,,,,.,.,.,.,.,.,.,,,,.,"ПСЗ, Собрание первое. Т.24. №18273; Т.44, №18273. Знаменский П. Духовные школы в России. Казань, 1881. С.497.",.,.,Хацкевич М.,.,1795
64,Московская губерния,1795_24,Тула,.,1796,.,2000,рубли,.,5.01,семинария духовная,расходы,.,.,.,.,.,,,,.,.,.,.,.,.,.,,,,.,"ПСЗ, Собрание первое. Т.24. №18273; Т.44, №18273. Знаменский П. Духовные школы в России. Казань, 1881. С.520.",.,.,Хацкевич М.,.,1795
66,Московская губерния,1795_24,Сергиев Посад,.,1796,.,6901,рубли,.,5.01,семинария духовная,расходы,.,.,.,.,.,,,,.,.,.,.,.,.,.,,,,.,"ПСЗ, Собрание первое. Т.24. №18273; Т.44, №18273. Знаменский П. Духовные школы в России. Казань, 1881. С.502. История российской иерархии. Ч.1. СПб., 1805. С.627.",.,.,Хацкевич М.,.,1795
61,Московская губерния,1795_24,.,.,1798,.,3430,рубли,.,5.01,гимназия разночинская,расходы,.,.,.,.,.,,,,.,.,.,.,.,.,.,,,,.,РГАДА. Ф.1239. Оп.3. Ч.80. Д.38142. Л.1Об.,.,Л.1Об.,Хацкевич М.,.,1795
60,Московская губерния,1795_24,.,.,1798,.,3355,рубли,.,5.01,гимназия дворянская,расходы,.,.,.,.,.,,,,.,.,.,.,.,.,.,,,,.,РГАДА. Ф.1239. Оп.3. Ч.80. Д.38142. Л.1Об.,.,Л.1Об.,Хацкевич М.,.,1795
63,Московская губерния,1795_24,Москва,.,1796,.,4847,рубли,.,5.01,академия духовная,расходы,.,.,.,.,.,,,,.,.,.,.,.,.,.,,,,.,"ПСЗ, Собрание первое. Т.24. №18273; Т.44, №18273.",.,.,Хацкевич М.,.,1795
62,Московская губерния,1795_24,Москва,.,1797,.,16979.2,рубли,.,5.01,гарнизонная школа,расходы,.,.,.,.,.,,,,.,.,.,.,.,.,.,,,,.,"ПСЗ, Собрание первое. Т.24. №17720; Т.43. №18159.",.,.,Хацкевич М.,.,1795
68,Нижегородская губерния,1795_25,Нижний Новгород,.,1796,.,2000,рубли,.,5.01,семинария духовная,расходы,.,.,.,.,.,,,,.,.,.,.,.,.,.,,,,.,"ПСЗ, Собрание первое. Т.24. №18273; Т.44, №18273.",.,.,Хацкевич М.,.,1795
67,Нижегородская губерния,1795_25,Нижний Новгород,.,1797,.,1697.92,рубли,.,5.01,гарнизонная школа,расходы,.,.,.,.,.,,,,.,.,.,.,.,.,.,,,,.,"ПСЗ, Собрание первое. Т.24. №17720; Т.43. №18159.",.,.,Хацкевич М.,.,1795
76,Новгородская губерния,1795_27,кириллов,.,1785,.,6000,рубли,.,5.01,товарооборот,.,.,.,.,.,.,,,,.,.,.,.,.,.,.,,,,.,РГВИА. Ф. 846. Оп. 16. Д. 18877,.,.,Korchmina,.,1795
70,Новгородская губерния,1795_27,Новгород,.,1796,.,2285,рубли,.,5.01,семинария духовная,расходы,.,.,.,.,.,,,,.,.,.,.,.,.,.,,,,.,"ПСЗ, Собрание первое. Т.24. №18273; Т.44, №18273.",.,.,Хацкевич М.,.,1795
71,Новгородская губерния,1795_27,новгород,.,1785,.,366000,рубли,.,5.01,товарооборот,.,.,.,.,.,.,,,,.,.,.,.,.,.,.,,,,.,РГВИА. Ф. 846. Оп. 16. Д. 18877,.,.,Korchmina,.,1795
72,Новгородская губерния,1795_27,старая руса,.,1785,.,260000,рубли,.,5.01,товарооборот,.,.,.,.,.,.,,,,.,.,.,.,.,.,.,,,,.,РГВИА. Ф. 846. Оп. 16. Д. 18877,.,.,Korchmina,.,1795
73,Новгородская губерния,1795_27,белозерск,.,1785,.,110000,рубли,.,5.01,товарооборот,.,.,.,.,.,.,,,,.,.,.,.,.,.,.,,,,.,РГВИА. Ф. 846. Оп. 16. Д. 18877,.,.,Korchmina,.,1795
74,Новгородская губерния,1795_27,тихвин,.,1785,.,500000,рубли,.,5.01,товарооборот,.,.,.,.,.,.,,,,.,.,.,.,.,.,.,,,,.,РГВИА. Ф. 846. Оп. 16. Д. 18877,.,.,Korchmina,.,1795
75,Новгородская губерния,1795_27,железопольск,.,1785,.,50000,рубли,.,5.01,товарооборот,.,.,.,.,.,.,,,,.,.,.,.,.,.,.,,,,.,РГВИА. Ф. 846. Оп. 16. Д. 18877,.,.,Korchmina,.,1795
77,Новгородская губерния,1795_27,череповец,.,1785,.,4000,рубли,.,5.01,товарооборот,.,.,.,.,.,.,,,,.,.,.,.,.,.,.,,,,.,РГВИА. Ф. 846. Оп. 16. Д. 18877,.,.,Korchmina,.,1795
78,Новгородская губерния,1795_27,крестцы,.,1785,.,5000,рубли,.,5.01,товарооборот,.,.,.,.,.,.,,,,.,.,.,.,.,.,.,,,,.,РГВИА. Ф. 846. Оп. 16. Д. 18877,.,.,Korchmina,.,1795
79,Новгородская губерния,1795_27,валдай,.,1785,.,6000,рубли,.,5.01,товарооборот,.,.,.,.,.,.,,,,.,.,.,.,.,.,.,,,,.,РГВИА. Ф. 846. Оп. 16. Д. 18877,.,.,Korchmina,.,1795
80,Новгородская губерния,1795_27,боровичи,.,1785,.,100000,рубли,.,5.01,товарооборот,.,.,.,.,.,.,,,,.,.,.,.,.,.,.,,,,.,РГВИА. Ф. 846. Оп. 16. Д. 18877,.,.,Korchmina,.,1795
69,Новгородская губерния,1795_27,Новгород,.,1797,.,1697.92,рубли,.,5.01,гарнизонная школа,расходы,.,.,.,.,.,,,,.,.,.,.,.,.,.,,,,.,"ПСЗ, Собрание первое. Т.24. №17720; Т.43. №18159.",.,.,Хацкевич М.,.,1795
82,Орловская губерния,1795_29,Севск,.,1796,.,2000,рубли,.,5.01,семинария духовная,расходы,.,.,.,.,.,,,,.,.,.,.,.,.,.,,,,.,"ПСЗ, Собрание первое. Т.24. №18273; Т.44, №18273. Знаменский П. Духовные школы в России. Казань, 1881. С.511.",.,.,Хацкевич М.,.,1795
81,Орловская губерния,1795_29,Орел,.,1796,.,2000,рубли,.,5.01,семинария духовная,расходы,.,.,.,.,.,,,,.,.,.,.,.,.,.,,,,.,"ПСЗ, Собрание первое. Т.24. №18273; Т.44, №18273.",.,.,Хацкевич М.,.,1795
86,Пермская губерния,1795_31,соликамск,.,1802,.,2600,рубли,.,5.01,товарооборот,ярмарка,.,.,.,.,.,,,,.,.,.,.,.,.,.,,,,.,Хозяйственное описание Пермской губернии сообразно начертанию Санктпетербургского Вольного экономического общества сочиненное в 1802 и 1803 году в г. Перми. В 2-х частях. Напечатано при Пермском Губернском правлении в 1804 году Таблица 2,.,с. 280,Korchmina,.,1795
87,Пермская губерния,1795_31,кунгур,.,1802,.,167250,рубли,.,5.01,товарооборот,.,.,.,.,.,.,,,,.,.,.,.,.,.,.,,,,в город ввозится и вывозится,Хозяйственное описание Пермской губернии сообразно начертанию Санктпетербургского Вольного экономического общества сочиненное в 1802 и 1803 году в г. Перми. В 2-х частях. Напечатано при Пермском Губернском правлении в 1804 году Таблица 2,.,с. 305,Korchmina,.,1795
83,Пермская губерния,1795_31,кунгур,.,1802,.,200000,рубли,.,5.01,товарооборот,лавочная,.,.,.,.,.,,,,.,.,.,.,.,.,.,,,,.,Хозяйственное описание Пермской губернии сообразно начертанию Санктпетербургского Вольного экономического общества сочиненное в 1802 и 1803 году в г. Перми. В 2-х частях. Напечатано при Пермском Губернском правлении в 1804 году Таблица 2,.,с. 305,Korchmina,.,1795
85,Пермская губерния,1795_31,соликамск,.,1802,.,62684.42,рубли,.,5.01,капитал оборотный,ярмарка,.,.,.,.,.,,,,.,.,.,.,.,.,.,,,,.,Хозяйственное описание Пермской губернии сообразно начертанию Санктпетербургского Вольного экономического общества сочиненное в 1802 и 1803 году в г. Перми. В 2-х частях. Напечатано при Пермском Губернском правлении в 1804 году Таблица 2,.,с. 279,Korchmina,.,1795
84,Пермская губерния,1795_31,соликамск,.,1802,.,13500,рубли,.,5.01,товарооборот,торги,.,.,.,.,.,,,,.,.,.,.,.,.,.,,,,в документе указано от 200 до 300 рублей за неделю,Хозяйственное описание Пермской губернии сообразно начертанию Санктпетербургского Вольного экономического общества сочиненное в 1802 и 1803 году в г. Перми. В 2-х частях. Напечатано при Пермском Губернском правлении в 1804 году Таблица 2,.,с. 291,Korchmina,.,1795
89,Полоцкая губерния,1795_33,Динабург,.,1797,.,848.96,рубли,.,5.01,гарнизонная школа,расходы,.,.,.,.,.,,,,.,.,.,.,.,.,.,,,,.,"ПСЗ, Собрание первое. Т.24. №17720; Т.43. №18159.",.,.,Хацкевич М.,.,1795
88,Полоцкая губерния,1795_33,Полоцк,.,1797,.,1697.92,рубли,.,5.01,гарнизонная школа,расходы,.,.,.,.,.,,,,.,.,.,.,.,.,.,,,,.,"ПСЗ, Собрание первое. Т.24. №17720; Т.43. №18159.",.,.,Хацкевич М.,.,1795
90,Полоцкая губерния,1795_33,Витебск,.,1797,.,848.96,рубли,.,5.01,гарнизонная школа,расходы,.,.,.,.,.,,,,.,.,.,.,.,.,.,,,,.,"ПСЗ, Собрание первое. Т.24. №17720; Т.43. №18159.",.,.,Хацкевич М.,.,1795
91,Псковская губерния,1795_34,Псков,.,1796,.,2000,рубли,.,5.01,семинария духовная,расходы,.,.,.,.,.,,,,.,.,.,.,.,.,.,,,,.,"ПСЗ, Собрание первое. Т.24. №18273; Т.44, №18273.",.,.,Хацкевич М.,.,1795
92,Псковская губерния,1795_34,псков,.,1789,.,130000,рубли,.,5.01,товарооборот,.,.,.,.,.,.,,,,.,.,.,.,.,.,.,,,,.,РГВИА. Ф. 846. оп. 16. Д. 18964,.,.,Korchmina,.,1795
93,Ревельская губерния,1795_35,Ревель,.,1797,.,2546.88,рубли,.,5.01,гарнизонная школа,расходы,.,.,.,.,.,,,,.,.,.,.,.,.,.,,,,.,"ПСЗ, Собрание первое. Т.24. №17720; Т.43. №18159.",.,.,Хацкевич М.,.,1795
94,Ревельская губерния,1795_35,Балтийский порт,.,1797,.,848.96,рубли,.,5.01,гарнизонная школа,расходы,.,.,.,.,.,,,,.,.,.,.,.,.,.,,,,.,"ПСЗ, Собрание первое. Т.24. №17720; Т.43. №18159.",.,.,Хацкевич М.,.,1795
97,Рижская губерния,1795_36,Пернов,.,1797,.,848.96,рубли,.,5.01,гарнизонная школа,расходы,.,.,.,.,.,,,,.,.,.,.,.,.,.,,,,.,"ПСЗ, Собрание первое. Т.24. №17720; Т.43. №18159.",.,.,Хацкевич М.,.,1795
96,Рижская губерния,1795_36,Динаминд,.,1797,.,848.96,рубли,.,5.01,гарнизонная школа,расходы,.,.,.,.,.,,,,.,.,.,.,.,.,.,,,,.,"ПСЗ, Собрание первое. Т.24. №17720; Т.43. №18159.",.,.,Хацкевич М.,.,1795
95,Рижская губерния,1795_36,Рига,.,1797,.,3395.84,рубли,.,5.01,гарнизонная школа,расходы,.,.,.,.,.,,,,.,.,.,.,.,.,.,,,,.,"ПСЗ, Собрание первое. Т.24. №17720; Т.43. №18159.",.,.,Хацкевич М.,.,1795
98,Рязанская губерния,1795_37,Рязань,.,1796,.,2000,рубли,.,5.01,семинария духовная,расходы,.,.,.,.,.,,,,.,.,.,.,.,.,.,,,,.,"ПСЗ, Собрание первое. Т.24. №18273; Т.44, №18273.",.,.,Хацкевич М.,.,1795
102,Санкт-Петербургская губерния,1795_38,Нарва,.,1797,.,3395.84,рубли,.,5.01,гарнизонная школа,расходы,.,.,.,.,.,,,,.,.,.,.,.,.,.,,,,.,"ПСЗ, Собрание первое. Т.24. №17720; Т.43. №18159.",.,.,Хацкевич М.,.,1795
104,Санкт-Петербургская губерния,1795_38,Шлиссельбург,.,1797,.,3395.84,рубли,.,5.01,гарнизонная школа,расходы,.,.,.,.,.,,,,.,.,.,.,.,.,.,,,,.,"ПСЗ, Собрание первое. Т.24. №17720; Т.43. №18159.",.,.,Хацкевич М.,.,1795
105,Санкт-Петербургская губерния,1795_38,Санкт-Петербург,.,1796,.,4500,рубли,.,5.01,семинария духовная,расходы,.,.,.,.,.,,,,.,.,.,.,.,.,.,,,,.,"ПСЗ, Собрание первое. Т.24. №18273; Т.44, №18273.",.,.,Хацкевич М.,.,1795
99,Санкт-Петербургская губерния,1795_38,луга,.,1795,.,12726,рубли,.,5.01,капитал оборотный,купеческий,.,.,.,.,.,,,,.,.,.,.,.,.,.,,,,.,"РГВИА. Ф, 846. Оп. 16. д. 18998",.,.,Korchmina,.,1795
100,Санкт-Петербургская губерния,1795_38,гдов,.,1795,.,32895,рубли,.,5.01,капитал оборотный,купеческий,.,.,.,.,.,,,,.,.,.,.,.,.,.,,,,.,"РГВИА. Ф, 846. Оп. 16. д. 18998",.,.,Korchmina,.,1795
101,Санкт-Петербургская губерния,1795_38,Санкт-Петербург,.,1797,.,8489.6,рубли,.,5.01,гарнизонная школа,расходы,.,.,.,.,.,,,,.,.,.,.,.,.,.,,,,.,"ПСЗ, Собрание первое. Т.24. №17720; Т.43. №18159.",.,.,Хацкевич М.,.,1795
103,Санкт-Петербургская губерния,1795_38,Кронштадт,.,1797,.,3395.84,рубли,.,5.01,гарнизонная школа,расходы,.,.,.,.,.,,,,.,.,.,.,.,.,.,,,,.,"ПСЗ, Собрание первое. Т.24. №17720; Т.43. №18159.",.,.,Хацкевич М.,.,1795
107,Саратовская губерния,1795_39,Саратов,.,1797,.,1697.92,рубли,.,5.01,гарнизонная школа,расходы,.,.,.,.,.,,,,.,.,.,.,.,.,.,,,,.,"ПСЗ, Собрание первое. Т.24. №17720; Т.43. №18159.",.,.,Хацкевич М.,.,1795
106,Саратовская губерния,1795_39,Царицын,.,1797,.,3395.84,рубли,.,5.01,гарнизонная школа,расходы,.,.,.,.,.,,,,.,.,.,.,.,.,.,,,,.,"ПСЗ, Собрание первое. Т.24. №17720; Т.43. №18159.",.,.,Хацкевич М.,.,1795
113,Симбирская губерния,1795_40,сенгелен,.,1785,.,10000,рубли,.,5.01,товарооборот,"производят торг мелочными товарами, а по большей части хлебом суммою до ",.,.,.,.,.,,,,.,.,.,.,.,.,.,,,,.,РГВИА Ф. 846. Оп. 16. д. 19026,.,.,Korchmina,.,1795
120,Симбирская губерния,1795_40,самара,.,1785,.,5000,рубли,.,5.01,товарооборот,"хлебная торговля, красная рыба и икра",.,.,.,.,.,,,,.,.,.,.,.,.,.,,,,до 5000,РГВИА Ф. 846. Оп. 16. д. 19026,.,.,Korchmina,.,1795
112,Симбирская губерния,1795_40,самара,.,1785,.,900,рубли,.,5.01,товарооборот,"мяхкою рухлядью, как то волками, лисицами, куницами, горостаями, зайцами, белками",.,.,.,.,.,,,,.,.,.,.,.,.,.,,,,от 800 до 1000,РГВИА Ф. 846. Оп. 16. д. 19026,.,.,Korchmina,.,1795
119,Симбирская губерния,1795_40,сызрань,.,1785,.,20000,рубли,.,5.01,товарооборот,хлебная торговля,.,.,.,.,.,,,,.,.,.,.,.,.,.,,,,до 20000,РГВИА Ф. 846. Оп. 16. д. 19026,.,.,Korchmina,.,1795
118,Симбирская губерния,1795_40,самара,.,1785,.,4500,рубли,.,5.01,товарооборот,торговля щепетильным товаром суммою до,.,.,.,.,.,,,,.,.,.,.,.,.,.,,,,.,РГВИА Ф. 846. Оп. 16. д. 19026,.,.,Korchmina,.,1795
117,Симбирская губерния,1795_40,сызрань,.,1785,.,4000,рубли,.,5.01,товарооборот,"торговля шелковых и полушелковых, которые распродаются в городе и по окружным селениям",.,.,.,.,.,,,,.,.,.,.,.,.,.,,,,до 4000,РГВИА Ф. 846. Оп. 16. д. 19026,.,.,Korchmina,.,1795
116,Симбирская губерния,1795_40,тагай,.,1785,.,200,рубли,.,5.01,товарооборот,торговля ремесленным товаром,.,.,.,.,.,,,,.,.,.,.,.,.,.,,,,до 200,РГВИА Ф. 846. Оп. 16. д. 19026,.,.,Korchmina,.,1795
121,Симбирская губерния,1795_40,ставропол,.,1785,.,270,рубли,.,5.01,товарооборот,.,.,.,.,.,.,,,,.,.,.,.,.,.,.,,,,.,РГВИА Ф. 846. Оп. 16. д. 19026,.,.,Korchmina,.,1795
109,Симбирская губерния,1795_40,самара,.,1785,.,2000,рубли,.,5.01,товарооборот,бараньим и говяжьим салом и кодами тех животных,.,.,.,.,.,,,,.,.,.,.,.,.,.,,,,до 2000 ,РГВИА Ф. 846. Оп. 16. д. 19026,.,.,Korchmina,.,1795
122,Симбирская губерния,1795_40,Симбирск,.,1797,.,1697.92,рубли,.,5.01,гарнизонная школа,расходы,.,.,.,.,.,,,,.,.,.,.,.,.,.,,,,.,"ПСЗ, Собрание первое. Т.24. №17720; Т.43. №18159.",.,.,Хацкевич М.,.,1795
110,Симбирская губерния,1795_40,самара,.,1785,.,1500,рубли,.,5.01,товарооборот,"вишневый сок, когда бывает урожай на степные вищни",.,.,.,.,.,,,,.,.,.,.,.,.,.,,,,до 1500 ,РГВИА Ф. 846. Оп. 16. д. 19026,.,.,Korchmina,.,1795
115,Симбирская губерния,1795_40,алаторь,.,1785,.,25000,рубли,.,5.01,товарооборот,"торговля и промыслы купечества и мещаш состоит в продаже шелковых полушелковых …. И протчих мелочных для простаго народа товаров, сукон чужестранных и российских напитков, сахару, чаю и фруктов по цене до",.,.,.,.,.,,,,.,.,.,.,.,.,.,,,,.,РГВИА Ф. 846. Оп. 16. д. 19026,.,.,Korchmina,.,1795
114,Симбирская губерния,1795_40,самара,.,1785,.,3000,рубли,.,5.01,товарооборот,пчелами и скотоводством,.,.,.,.,.,,,,.,.,.,.,.,.,.,,,,до 3000,РГВИА Ф. 846. Оп. 16. д. 19026,.,.,Korchmina,.,1795
111,Симбирская губерния,1795_40,симбирск,.,1785,.,18111,рубли,.,5.01,товарооборот,купеческий,.,.,.,.,.,,,,.,.,.,.,.,.,.,,,,.,РГВИА Ф. 846. Оп. 16. д. 19026,.,.,Korchmina,.,1795
108,Симбирская губерния,1795_40,самара,.,1785,.,1500,рубли,.,5.01,товарооборот, в покупке на оренбургской ярмонке и выгоне киргиских лошадей и баранов ,.,.,.,.,.,,,,.,.,.,.,.,.,.,,,,до 1500 ,РГВИА Ф. 846. Оп. 16. д. 19026,.,.,Korchmina,.,1795
123,Симбирская губерния,1795_40,Ставрополь,.,1797,.,1697.92,рубли,.,5.01,гарнизонная школа,расходы,.,.,.,.,.,,,,.,.,.,.,.,.,.,,,,.,"ПСЗ, Собрание первое. Т.24. №17720; Т.43. №18159.",.,.,Хацкевич М.,.,1795
125,Смоленская губерния,1795_42,Смоленск,.,1796,.,4500,рубли,.,5.01,семинария духовная,расходы,.,.,.,.,.,,,,.,.,.,.,.,.,.,,,,.,"ПСЗ, Собрание первое. Т.24. №18273; Т.44, №18273.",.,.,Хацкевич М.,.,1795
124,Смоленская губерния,1795_42,Смоленск,.,1797,.,3395.84,рубли,.,5.01,гарнизонная школа,расходы,.,.,.,.,.,,,,.,.,.,.,.,.,.,,,,.,"ПСЗ, Собрание первое. Т.24. №17720; Т.43. №18159.",.,.,Хацкевич М.,.,1795
128,Тамбовская губерния,1795_43,Тамбов,.,1796,.,2000,рубли,.,5.01,семинария духовная,расходы,.,.,.,.,.,,,,.,.,.,.,.,.,.,,,,.,"ПСЗ, Собрание первое. Т.24. №18273; Т.44, №18273.",.,.,Хацкевич М.,.,1795
139,Тамбовская губерния,1795_43,усман,.,1789,.,22150,рубли,.,5.01,капитал оборотный,купеческий,.,.,.,.,.,,,,.,.,.,.,.,.,.,,,,.,"Описание Тамбовского наместничества // Собрание сочинений, выбранных из месяцесловов на разные годы, часть 6. СПб, 1790с. 375 - 459",.,.,Korchmina,.,1795
136,Тамбовская губерния,1795_43,тамбов,.,1789,.,111975,рубли,.,5.01,капитал оборотный,купеческий,.,.,.,.,.,,,,.,.,.,.,.,.,.,,,,.,"Описание Тамбовского наместничества // Собрание сочинений, выбранных из месяцесловов на разные годы, часть 6. СПб, 1790с. 375 - 459",.,.,Korchmina,.,1795
137,Тамбовская губерния,1795_43,липецк,.,1789,.,38975,рубли,.,5.01,капитал оборотный,купеческий,.,.,.,.,.,,,,.,.,.,.,.,.,.,,,,.,"Описание Тамбовского наместничества // Собрание сочинений, выбранных из месяцесловов на разные годы, часть 6. СПб, 1790с. 375 - 459",.,.,Korchmina,.,1795
134,Тамбовская губерния,1795_43,лебедянь,.,1789,.,20010,рубли,.,5.01,капитал оборотный,купеческий,.,.,.,.,.,,,,.,.,.,.,.,.,.,,,,.,"Описание Тамбовского наместничества // Собрание сочинений, выбранных из месяцесловов на разные годы, часть 6. СПб, 1790с. 375 - 459",.,.,Korchmina,.,1795
138,Тамбовская губерния,1795_43,кирсанов,.,1789,.,4915,рубли,.,5.01,капитал оборотный,купеческий,.,.,.,.,.,,,,.,.,.,.,.,.,.,,,,.,"Описание Тамбовского наместничества // Собрание сочинений, выбранных из месяцесловов на разные годы, часть 6. СПб, 1790с. 375 - 459",.,.,Korchmina,.,1795
135,Тамбовская губерния,1795_43,козлов,.,1789,.,81715,рубли,.,5.01,капитал оборотный,купеческий,.,.,.,.,.,,,,.,.,.,.,.,.,.,,,,.,"Описание Тамбовского наместничества // Собрание сочинений, выбранных из месяцесловов на разные годы, часть 6. СПб, 1790с. 375 - 459",.,.,Korchmina,.,1795
133,Тамбовская губерния,1795_43,моршанск,.,1789,.,85863,рубли,.,5.01,капитал оборотный,купеческий,.,.,.,.,.,,,,.,.,.,.,.,.,.,,,,.,"Описание Тамбовского наместничества // Собрание сочинений, выбранных из месяцесловов на разные годы, часть 6. СПб, 1790с. 375 - 459",.,.,Korchmina,.,1795
140,Тамбовская губерния,1795_43,борисоглебск,.,1789,.,13126,рубли,.,5.01,капитал оборотный,купеческий,.,.,.,.,.,,,,.,.,.,.,.,.,.,,,,.,"Описание Тамбовского наместничества // Собрание сочинений, выбранных из месяцесловов на разные годы, часть 6. СПб, 1790с. 375 - 459",.,.,Korchmina,.,1795
132,Тамбовская губерния,1795_43,спасск,.,1789,.,3605,рубли,.,5.01,капитал оборотный,купеческий,.,.,.,.,.,,,,.,.,.,.,.,.,.,,,,.,"Описание Тамбовского наместничества // Собрание сочинений, выбранных из месяцесловов на разные годы, часть 6. СПб, 1790с. 375 - 459",.,.,Korchmina,.,1795
131,Тамбовская губерния,1795_43,шацк,.,1789,.,25367,рубли,.,5.01,капитал оборотный,купеческий,.,.,.,.,.,,,,.,.,.,.,.,.,.,,,,.,"Описание Тамбовского наместничества // Собрание сочинений, выбранных из месяцесловов на разные годы, часть 6. СПб, 1790с. 375 - 459",.,.,Korchmina,.,1795
130,Тамбовская губерния,1795_43,кадом,.,1789,.,16780,рубли,.,5.01,капитал оборотный,купеческий,.,.,.,.,.,,,,.,.,.,.,.,.,.,,,,.,"Описание Тамбовского наместничества // Собрание сочинений, выбранных из месяцесловов на разные годы, часть 6. СПб, 1790с. 375 - 459",.,.,Korchmina,.,1795
129,Тамбовская губерния,1795_43,темников,.,1789,.,32087,рубли,.,5.01,капитал оборотный,купеческий,.,.,.,.,.,,,,.,.,.,.,.,.,.,,,,.,"Описание Тамбовского наместничества // Собрание сочинений, выбранных из месяцесловов на разные годы, часть 6. СПб, 1790с. 375 - 459",.,.,Korchmina,.,1795
127,Тамбовская губерния,1795_43,Тамбов,.,1797,.,1697.92,рубли,.,5.01,гарнизонная школа,расходы,.,.,.,.,.,,,,.,.,.,.,.,.,.,,,,.,"ПСЗ, Собрание первое. Т.24. №17720; Т.43. №18159.",.,.,Хацкевич М.,.,1795
156,Тверская губерния,1795_44,ржев,.,1783,.,50000,рубли,.,5.01,привозится товара,ярмарка,.,.,.,.,.,,,,.,.,.,.,.,.,.,,,,.,РГВИА. Ф. 846. Оп. 16. т. 3д. 19088,.,.,Korchmina,.,1795
155,Тверская губерния,1795_44,зубцов,.,1783,.,1500,рубли,.,5.01,капитал оборотный,ярмарка,.,.,.,.,.,,,,.,.,.,.,.,.,.,,,,.,РГВИА. Ф. 846. Оп. 16. т. 3д. 19088,.,.,Korchmina,.,1795
154,Тверская губерния,1795_44,торжок,.,1783,.,140,рубли,.,5.01,капитал оборотный,ярмарка,.,.,.,.,.,,,,.,.,.,.,.,.,.,,,,.,РГВИА. Ф. 846. Оп. 16. т. 3д. 19088,.,.,Korchmina,.,1795
153,Тверская губерния,1795_44,старица,.,1783,.,150,рубли,.,5.01,капитал оборотный,ярмарка,.,.,.,.,.,,,,.,.,.,.,.,.,.,,,,.,РГВИА. Ф. 846. Оп. 16. т. 3д. 19088,.,.,Korchmina,.,1795
152,Тверская губерния,1795_44,ржев,.,1783,.,700,рубли,.,5.01,капитал оборотный,ярмарка,.,.,.,.,.,,,,.,.,.,.,.,.,.,,,,.,РГВИА. Ф. 846. Оп. 16. т. 3д. 19088,.,.,Korchmina,.,1795
151,Тверская губерния,1795_44,торжок,.,1783,.,215018,рубли,.,5.01,товарооборот,лавочная,.,.,.,.,.,,,,.,.,.,.,.,.,.,,,,.,РГВИА. Ф. 846. Оп. 16. т. 3д. 19088,.,.,Korchmina,.,1795
150,Тверская губерния,1795_44,старица,.,1783,.,45434,рубли,.,5.01,товарооборот,лавочная,.,.,.,.,.,,,,.,.,.,.,.,.,.,,,,.,РГВИА. Ф. 846. Оп. 16. т. 3д. 19088,.,.,Korchmina,.,1795
149,Тверская губерния,1795_44,зубцов,.,1783,.,21547,рубли,.,5.01,товарооборот,лавочная,.,.,.,.,.,,,,.,.,.,.,.,.,.,,,,.,РГВИА. Ф. 846. Оп. 16. т. 3д. 19088,.,.,Korchmina,.,1795
148,Тверская губерния,1795_44,ржев,.,1783,.,88503,рубли,.,5.01,товарооборот,лавочная,.,.,.,.,.,,,,.,.,.,.,.,.,.,,,,.,РГВИА. Ф. 846. Оп. 16. т. 3д. 19088,.,.,Korchmina,.,1795
147,Тверская губерния,1795_44,осташково,.,1783,.,504048,рубли,.,5.01,товарооборот,лавочная,.,.,.,.,.,,,,.,.,.,.,.,.,.,,,,.,РГВИА. Ф. 846. Оп. 16. т. 3д. 19088,.,.,Korchmina,.,1795
146,Тверская губерния,1795_44,вышний волочек,.,1783,.,135146,рубли,.,5.01,товарооборот,лавочная,.,.,.,.,.,,,,.,.,.,.,.,.,.,,,,.,РГВИА. Ф. 846. Оп. 16. т. 3д. 19088,.,.,Korchmina,.,1795
145,Тверская губерния,1795_44,весьегонск,.,1783,.,13577,рубли,.,5.01,товарооборот,лавочная,.,.,.,.,.,,,,.,.,.,.,.,.,.,,,,.,РГВИА. Ф. 846. Оп. 16. т. 3д. 19088,.,.,Korchmina,.,1795
144,Тверская губерния,1795_44,весьегонск,.,1783,.,12000,рубли,.,5.01,товарооборот,лавочная,.,.,.,.,.,,,,.,.,.,.,.,.,.,,,,.,РГВИА. Ф. 846. Оп. 16. т. 3д. 19088,.,.,Korchmina,.,1795
143,Тверская губерния,1795_44,.,.,1783,.,3906609,рубли,.,5.01,капитал оборотный,купеческий,.,.,.,.,.,,,,.,.,.,.,.,.,.,,,,.,РГВИА. Ф. 846. Оп. 16. т. 3д. 19088,.,л.5,Korchmina,.,1795
142,Тверская губерния,1795_44,Тверь,.,1796,.,2000,рубли,.,5.01,семинария духовная,расходы,.,.,.,.,.,,,,.,.,.,.,.,.,.,,,,.,"ПСЗ, Собрание первое. Т.24. №18273; Т.44, №18273.",.,.,Хацкевич М.,.,1795
141,Тверская губерния,1795_44,Тверь,.,1797,.,1697.92,рубли,.,5.01,гарнизонная школа,расходы,.,.,.,.,.,,,,.,.,.,.,.,.,.,,,,.,"ПСЗ, Собрание первое. Т.24. №17720; Т.43. №18159.",.,.,Хацкевич М.,.,1795
171,Тверская губерния,1795_44,калязин,.,1783,.,1200,рубли,.,5.01,капитал оборотный,ярмарка,.,.,.,.,.,,,,.,.,.,.,.,.,.,,,,.,РГВИА. Ф. 846. Оп. 16. т. 3д. 19088,.,.,Korchmina,.,1795
163,Тверская губерния,1795_44,старица,.,1783,.,28000,рубли,.,5.01,привозится товара,ярмарка,.,.,.,.,.,,,,.,.,.,.,.,.,.,,,,.,РГВИА. Ф. 846. Оп. 16. т. 3д. 19088,.,.,Korchmina,.,1795
162,Тверская губерния,1795_44,старица,.,1783,.,12500,рубли,.,5.01,распродается товара,ярмарка,.,.,.,.,.,,,,.,.,.,.,.,.,.,,,,.,РГВИА. Ф. 846. Оп. 16. т. 3д. 19088,.,.,Korchmina,.,1795
161,Тверская губерния,1795_44,зубцов,.,1783,.,2000,рубли,.,5.01,распродается товара,ярмарка,.,.,.,.,.,,,,.,.,.,.,.,.,.,,,,.,РГВИА. Ф. 846. Оп. 16. т. 3д. 19088,.,.,Korchmina,.,1795
170,Тверская губерния,1795_44,тверь,.,1783,.,2540,рубли,.,5.01,капитал оборотный,ярмарка,.,.,.,.,.,,,,.,.,.,.,.,.,.,,,,.,РГВИА. Ф. 846. Оп. 16. т. 3д. 19088,.,.,Korchmina,.,1795
160,Тверская губерния,1795_44,торжок,.,1783,.,6520,рубли,.,5.01,распродается товара,ярмарка,.,.,.,.,.,,,,.,.,.,.,.,.,.,,,,.,РГВИА. Ф. 846. Оп. 16. т. 3д. 19088,.,.,Korchmina,.,1795
169,Тверская губерния,1795_44,осташково,.,1783,.,4150,рубли,.,5.01,товарооборот,ярмарка,.,.,.,.,.,,,,.,.,.,.,.,.,.,,,,.,РГВИА. Ф. 846. Оп. 16. т. 3д. 19088,.,.,Korchmina,.,1795
159,Тверская губерния,1795_44,ржев,.,1783,.,20000,рубли,.,5.01,распродается товара,ярмарка,.,.,.,.,.,,,,.,.,.,.,.,.,.,,,,.,РГВИА. Ф. 846. Оп. 16. т. 3д. 19088,.,.,Korchmina,.,1795
168,Тверская губерния,1795_44,вышний волочек,.,1783,.,22000,рубли,.,5.01,товарооборот,ярмарка,.,.,.,.,.,,,,.,.,.,.,.,.,.,,,,.,РГВИА. Ф. 846. Оп. 16. т. 3д. 19088,.,.,Korchmina,.,1795
158,Тверская губерния,1795_44,торжок,.,1783,.,11000,рубли,.,5.01,привозится товара,ярмарка,.,.,.,.,.,,,,.,.,.,.,.,.,.,,,,.,РГВИА. Ф. 846. Оп. 16. т. 3д. 19088,.,.,Korchmina,.,1795
157,Тверская губерния,1795_44,зубцов,.,1783,.,4700,рубли,.,5.01,привозится товара,ярмарка,.,.,.,.,.,,,,.,.,.,.,.,.,.,,,,.,РГВИА. Ф. 846. Оп. 16. т. 3д. 19088,.,.,Korchmina,.,1795
164,Тверская губерния,1795_44,бежецк,.,1783,.,5000,рубли,.,5.01,товарооборот,ярмарка,.,.,.,.,.,,,,.,.,.,.,.,.,.,,,,.,РГВИА. Ф. 846. Оп. 16. т. 3д. 19088,.,.,Korchmina,.,1795
165,Тверская губерния,1795_44,бежецк,.,1783,.,980,рубли,.,5.01,товарооборот,ярмарка,.,.,.,.,.,,,,.,.,.,.,.,.,.,,,,.,РГВИА. Ф. 846. Оп. 16. т. 3д. 19088,.,.,Korchmina,.,1795
166,Тверская губерния,1795_44,весьегонск,.,1783,.,206000,рубли,.,5.01,товарооборот,ярмарка,.,.,.,.,.,,,,.,.,.,.,.,.,.,,,,.,РГВИА. Ф. 846. Оп. 16. т. 3д. 19088,.,.,Korchmina,.,1795
167,Тверская губерния,1795_44,весьегонск,.,1783,.,74000,рубли,.,5.01,товарооборот,ярмарка,.,.,.,.,.,,,,.,.,.,.,.,.,.,,,,.,РГВИА. Ф. 846. Оп. 16. т. 3д. 19088,.,.,Korchmina,.,1795
175,Тобольская губерния,1795_45,тюмень,.,1789,.,67730,рубли,.,5.01,товарооборот,.,.,.,.,.,.,,,,.,.,.,.,.,.,.,,,,.,"РГВИА. Ф, 846. Оп. 16. д. 19107",.,.,Korchmina,.,1795
176,Тобольская губерния,1795_45,нарым,.,1789,.,25000,рубли,.,5.01,товарооборот,.,.,.,.,.,.,,,,.,.,.,.,.,.,.,,,,.,"РГВИА. Ф, 846. Оп. 16. д. 19107",.,.,Korchmina,.,1795
177,Тобольская губерния,1795_45,Тобольск,.,1797,.,5093.76,рубли,.,5.01,гарнизонная школа,расходы,.,.,.,.,.,,,,.,.,.,.,.,.,.,,,,.,"ПСЗ, Собрание первое. Т.24. №17720; Т.43. №18159.",.,.,Хацкевич М.,.,1795
178,Тобольская губерния,1795_45,Омск,.,1797,.,3395.84,рубли,.,5.01,гарнизонная школа,расходы,.,.,.,.,.,,,,.,.,.,.,.,.,.,,,,.,"ПСЗ, Собрание первое. Т.24. №17720; Т.43. №18159.",.,.,Хацкевич М.,.,1795
181,Тобольская губерния,1795_45,Томск,.,1797,.,848.96,рубли,.,5.01,гарнизонная школа,расходы,.,.,.,.,.,,,,.,.,.,.,.,.,.,,,,.,"ПСЗ, Собрание первое. Т.24. №17720; Т.43. №18159.",.,.,Хацкевич М.,.,1795
172,Тобольская губерния,1795_45,тобольск,.,1789,.,550000,рубли,.,5.01,товарооборот,.,.,.,.,.,.,,,,.,.,.,.,.,.,.,,,,.,"РГВИА. Ф, 846. Оп. 16. д. 19107",.,.,Korchmina,.,1795
173,Тобольская губерния,1795_45,омск,.,1789,.,8000,рубли,.,5.01,товарооборот,.,.,.,.,.,.,,,,.,.,.,.,.,.,.,,,,.,"РГВИА. Ф, 846. Оп. 16. д. 19107",.,.,Korchmina,.,1795
180,Тобольская губерния,1795_45,Звериноголовск,.,1797,.,848.96,рубли,.,5.01,гарнизонная школа,расходы,.,.,.,.,.,,,,.,.,.,.,.,.,.,,,,.,"ПСЗ, Собрание первое. Т.24. №17720; Т.43. №18159.",.,.,Хацкевич М.,.,1795
182,Тобольская губерния,1795_45,Тобольск,.,1796,.,2000,рубли,.,5.01,семинария духовная,расходы,.,.,.,.,.,,,,.,.,.,.,.,.,.,,,,.,"ПСЗ, Собрание первое. Т.24. №18273; Т.44, №18273.",.,.,Хацкевич М.,.,1795
174,Тобольская губерния,1795_45,ишим,.,1789,.,3000,рубли,.,5.01,товарооборот,.,.,.,.,.,.,,,,.,.,.,.,.,.,.,,,,.,"РГВИА. Ф, 846. Оп. 16. д. 19107",.,.,Korchmina,.,1795
179,Тобольская губерния,1795_45,Петропавловск,.,1797,.,1697.92,рубли,.,5.01,гарнизонная школа,расходы,.,.,.,.,.,,,,.,.,.,.,.,.,.,,,,.,"ПСЗ, Собрание первое. Т.24. №17720; Т.43. №18159.",.,.,Хацкевич М.,.,1795
183,Уфимское наместничество,1795_47,Верхнеуральск,.,1797,.,1697.92,рубли,.,5.01,гарнизонная школа,расходы,.,.,.,.,.,,,,.,.,.,.,.,.,.,,,,.,"ПСЗ, Собрание первое. Т.24. №17720; Т.43. №18159.",.,.,Хацкевич М.,.,1795
185,Уфимское наместничество,1795_47,Оренбург,.,1797,.,848.96,рубли,.,5.01,гарнизонная школа,расходы,.,.,.,.,.,,,,.,.,.,.,.,.,.,,,,.,"ПСЗ, Собрание первое. Т.24. №17720; Т.43. №18159.",.,.,Хацкевич М.,.,1795
186,Уфимское наместничество,1795_47,Орск,.,1797,.,848.96,рубли,.,5.01,гарнизонная школа,расходы,.,.,.,.,.,,,,.,.,.,.,.,.,.,,,,.,"ПСЗ, Собрание первое. Т.24. №17720; Т.43. №18159.",.,.,Хацкевич М.,.,1795
187,Уфимское наместничество,1795_47,Кизильск,.,1797,.,848.96,рубли,.,5.01,гарнизонная школа,расходы,.,.,.,.,.,,,,.,.,.,.,.,.,.,,,,.,"ПСЗ, Собрание первое. Т.24. №17720; Т.43. №18159.",.,.,Хацкевич М.,.,1795
188,Уфимское наместничество,1795_47,Троицк,.,1797,.,848.96,рубли,.,5.01,гарнизонная школа,расходы,.,.,.,.,.,,,,.,.,.,.,.,.,.,,,,.,"ПСЗ, Собрание первое. Т.24. №17720; Т.43. №18159.",.,.,Хацкевич М.,.,1795
184,Уфимское наместничество,1795_47,Оренбург,.,1797,.,1697.92,рубли,.,5.01,гарнизонная школа,расходы,.,.,.,.,.,,,,.,.,.,.,.,.,.,,,,.,"ПСЗ, Собрание первое. Т.24. №17720; Т.43. №18159.",.,.,Хацкевич М.,.,1795
190,Черниговская губерния,1795_49,Чернигов,.,1796,.,2000,рубли,.,5.01,семинария духовная,расходы,.,.,.,.,.,,,,.,.,.,.,.,.,.,,,,.,"ПСЗ, Собрание первое. Т.24. №18273; Т.44, №18273.",.,.,Хацкевич М.,.,1795
189,Черниговская губерния,1795_49,Старобыков,.,1797,.,848.96,рубли,.,5.01,гарнизонная школа,расходы,.,.,.,.,.,,,,.,.,.,.,.,.,.,,,,.,"ПСЗ, Собрание первое. Т.24. №17720; Т.43. №18159.",.,.,Хацкевич М.,.,1795
192,Ярославская губерния,1795_50,Ярославль,.,1796,.,2000,рубли,.,5.01,семинария духовная,расходы,.,.,.,.,.,,,,.,.,.,.,.,.,.,,,,.,"ПСЗ, Собрание первое. Т.24. №18273; Т.44, №18273. Знаменский П. Духовные школы в России. Казань, 1881. С.497.",.,.,Хацкевич М.,.,1795
193,Ярославская губерния,1795_50,ростов,.,1798,.,3000000,рубли,.,5.01,капитал оборотный,ярмарка,.,.,.,.,.,,,,.,.,.,.,.,.,.,,,,.,РГВИА Ф. 846. Оп. 16. т. 3. д. 19178 (1798),.,л. 25,Korchmina,.,1795
191,Ярославская губерния,1795_50,Ростов,.,1796,.,2000,рубли,.,5.01,семинария духовная,расходы,.,.,.,.,.,,,,.,.,.,.,.,.,.,,,,.,"ПСЗ, Собрание первое. Т.24. №18273; Т.44, №18273.",.,.,Хацкевич М.,.,1795
