ID,TERRITORY,TER_CODE,TOWN,DISTRICT,YEAR,MONTH,VALUE,VALUE_UNIT,VALUE_LABEL,DATATYPE,HISTCLASS1,HISTCLASS2,HISTCLASS3,HISTCLASS4,HISTCLASS5,HISTCLASS6,HISTCLASS7,HISTCLASS8,HISTCLASS9,HISTCLASS10,CLASS1,CLASS2,CLASS3,CLASS4,CLASS5,CLASS6,CLASS7,CLASS8,CLASS9,CLASS10,COMMENT_SOURCE,SOURCE,VOLUME,PAGE,NABORSHIK_ID,COMMENT_NABORSHIK,
5,Башкирская АССР,1959_02,.,.,1959,.,1847051,человек,.,1.01,женщины,.,.,.,.,.,.,,,,женщины,.,.,.,.,.,.,,,,.,"Всесоюзная перепись населения 1959 года. Таблица 2,5. Распределение всего  http://demoscope.ru/weekly/ssp/census.php?cy=2",.,.,Маркевич А.М.,.,1959
76,Башкирская АССР,1959_02,.,.,1959,.,1494558,человек,.,1.01,мужчины,.,.,.,.,.,.,,,,мужчины,.,.,.,.,.,.,,,,.,"Всесоюзная перепись населения 1959 года. Таблица 2,5. Распределение всего  http://demoscope.ru/weekly/ssp/census.php?cy=2",.,.,Маркевич А.М.,.,1959
8,Бурятская АССР,1959_03,.,.,1959,.,360368,человек,.,1.01,женщины,.,.,.,.,.,.,,,,женщины,.,.,.,.,.,.,,,,.,"Всесоюзная перепись населения 1959 года. Таблица 2,5. Распределение всего  http://demoscope.ru/weekly/ssp/census.php?cy=2",.,.,Маркевич А.М.,.,1959
79,Бурятская АССР,1959_03,.,.,1959,.,312958,человек,.,1.01,мужчины,.,.,.,.,.,.,,,,мужчины,.,.,.,.,.,.,,,,.,"Всесоюзная перепись населения 1959 года. Таблица 2,5. Распределение всего  http://demoscope.ru/weekly/ssp/census.php?cy=2",.,.,Маркевич А.М.,.,1959
13,Дагестанская АССР,1959_05,.,.,1959,.,579871,человек,.,1.01,женщины,.,.,.,.,.,.,,,,женщины,.,.,.,.,.,.,,,,.,"Всесоюзная перепись населения 1959 года. Таблица 2,5. Распределение всего  http://demoscope.ru/weekly/ssp/census.php?cy=2",.,.,Маркевич А.М.,.,1959
84,Дагестанская АССР,1959_05,.,.,1959,.,482601,человек,.,1.01,мужчины,.,.,.,.,.,.,,,,мужчины,.,.,.,.,.,.,,,,.,"Всесоюзная перепись населения 1959 года. Таблица 2,5. Распределение всего  http://demoscope.ru/weekly/ssp/census.php?cy=2",.,.,Маркевич А.М.,.,1959
67,Чечено-Ингушская АССР,1959_06,.,.,1959,.,384239,человек,.,1.01,женщины,.,.,.,.,.,.,,,,женщины,.,.,.,.,.,.,,,,.,"Всесоюзная перепись населения 1959 года. Таблица 2,5. Распределение всего  http://demoscope.ru/weekly/ssp/census.php?cy=2",.,.,Маркевич А.М.,.,1959
138,Чечено-Ингушская АССР,1959_06,.,.,1959,.,326185,человек,.,1.01,мужчины,.,.,.,.,.,.,,,,мужчины,.,.,.,.,.,.,,,,.,"Всесоюзная перепись населения 1959 года. Таблица 2,5. Распределение всего  http://demoscope.ru/weekly/ssp/census.php?cy=2",.,.,Маркевич А.М.,.,1959
16,Кабардино-Балкарская АССР,1959_07,.,.,1959,.,228891,человек,.,1.01,женщины,.,.,.,.,.,.,,,,женщины,.,.,.,.,.,.,,,,.,"Всесоюзная перепись населения 1959 года. Таблица 2,5. Распределение всего  http://demoscope.ru/weekly/ssp/census.php?cy=2",.,.,Маркевич А.М.,.,1959
87,Кабардино-Балкарская АССР,1959_07,.,.,1959,.,191224,человек,.,1.01,мужчины,.,.,.,.,.,.,,,,мужчины,.,.,.,.,.,.,,,,.,"Всесоюзная перепись населения 1959 года. Таблица 2,5. Распределение всего  http://demoscope.ru/weekly/ssp/census.php?cy=2",.,.,Маркевич А.М.,.,1959
90,Калмыцкая АССР,1959_08,.,.,1959,.,89381,человек,.,1.01,мужчины,.,.,.,.,.,.,,,,мужчины,.,.,.,.,.,.,,,,.,"Всесоюзная перепись населения 1959 года. Таблица 2,5. Распределение всего  http://demoscope.ru/weekly/ssp/census.php?cy=2",.,.,Маркевич А.М.,.,1959
19,Калмыцкая АССР,1959_08,.,.,1959,.,95476,человек,.,1.01,женщины,.,.,.,.,.,.,,,,женщины,.,.,.,.,.,.,,,,.,"Всесоюзная перепись населения 1959 года. Таблица 2,5. Распределение всего  http://demoscope.ru/weekly/ssp/census.php?cy=2",.,.,Маркевич А.М.,.,1959
93,Карельская АССР,1959_10,.,.,1959,.,297216,человек,.,1.01,мужчины,.,.,.,.,.,.,,,,мужчины,.,.,.,.,.,.,,,,.,"Всесоюзная перепись населения 1959 года. Таблица 2,5. Распределение всего  http://demoscope.ru/weekly/ssp/census.php?cy=2",.,.,Маркевич А.М.,.,1959
22,Карельская АССР,1959_10,.,.,1959,.,354130,человек,.,1.01,женщины,.,.,.,.,.,.,,,,женщины,.,.,.,.,.,.,,,,.,"Всесоюзная перепись населения 1959 года. Таблица 2,5. Распределение всего  http://demoscope.ru/weekly/ssp/census.php?cy=2",.,.,Маркевич А.М.,.,1959
96,Коми АССР,1959_11,.,.,1959,.,419591,человек,.,1.01,мужчины,.,.,.,.,.,.,,,,мужчины,.,.,.,.,.,.,,,,.,"Всесоюзная перепись населения 1959 года. Таблица 2,5. Распределение всего  http://demoscope.ru/weekly/ssp/census.php?cy=2",.,.,Маркевич А.М.,.,1959
25,Коми АССР,1959_11,.,.,1959,.,386608,человек,.,1.01,женщины,.,.,.,.,.,.,,,,женщины,.,.,.,.,.,.,,,,.,"Всесоюзная перепись населения 1959 года. Таблица 2,5. Распределение всего  http://demoscope.ru/weekly/ssp/census.php?cy=2",.,.,Маркевич А.М.,.,1959
106,Марийская АССР,1959_12,.,.,1959,.,276483,человек,.,1.01,мужчины,.,.,.,.,.,.,,,,мужчины,.,.,.,.,.,.,,,,.,"Всесоюзная перепись населения 1959 года. Таблица 2,5. Распределение всего  http://demoscope.ru/weekly/ssp/census.php?cy=2",.,.,Маркевич А.М.,.,1959
35,Марийская АССР,1959_12,.,.,1959,.,371197,человек,.,1.01,женщины,.,.,.,.,.,.,,,,женщины,.,.,.,.,.,.,,,,.,"Всесоюзная перепись населения 1959 года. Таблица 2,5. Распределение всего  http://demoscope.ru/weekly/ssp/census.php?cy=2",.,.,Маркевич А.М.,.,1959
36,Мордовская АССР,1959_13,.,.,1959,.,571794,человек,.,1.01,женщины,.,.,.,.,.,.,,,,женщины,.,.,.,.,.,.,,,,.,"Всесоюзная перепись населения 1959 года. Таблица 2,5. Распределение всего  http://demoscope.ru/weekly/ssp/census.php?cy=2",.,.,Маркевич А.М.,.,1959
107,Мордовская АССР,1959_13,.,.,1959,.,428399,человек,.,1.01,мужчины,.,.,.,.,.,.,,,,мужчины,.,.,.,.,.,.,,,,.,"Всесоюзная перепись населения 1959 года. Таблица 2,5. Распределение всего  http://demoscope.ru/weekly/ssp/census.php?cy=2",.,.,Маркевич А.М.,.,1959
70,Якутская АССР,1959_14,.,.,1959,.,239748,человек,.,1.01,женщины,.,.,.,.,.,.,,,,женщины,.,.,.,.,.,.,,,,.,"Всесоюзная перепись населения 1959 года. Таблица 2,5. Распределение всего  http://demoscope.ru/weekly/ssp/census.php?cy=2",.,.,Маркевич А.М.,.,1959
141,Якутская АССР,1959_14,.,.,1959,.,247595,человек,.,1.01,мужчины,.,.,.,.,.,.,,,,мужчины,.,.,.,.,.,.,,,,.,"Всесоюзная перепись населения 1959 года. Таблица 2,5. Распределение всего  http://demoscope.ru/weekly/ssp/census.php?cy=2",.,.,Маркевич А.М.,.,1959
53,Северо-Осетинская АССР,1959_15,.,.,1959,.,247454,человек,.,1.01,женщины,.,.,.,.,.,.,,,,женщины,.,.,.,.,.,.,,,,.,"Всесоюзная перепись населения 1959 года. Таблица 2,5. Распределение всего  http://demoscope.ru/weekly/ssp/census.php?cy=2",.,.,Маркевич А.М.,.,1959
124,Северо-Осетинская АССР,1959_15,.,.,1959,.,203127,человек,.,1.01,мужчины,.,.,.,.,.,.,,,,мужчины,.,.,.,.,.,.,,,,.,"Всесоюзная перепись населения 1959 года. Таблица 2,5. Распределение всего  http://demoscope.ru/weekly/ssp/census.php?cy=2",.,.,Маркевич А.М.,.,1959
129,Татарская АССР,1959_16,.,.,1959,.,1244658,человек,.,1.01,мужчины,.,.,.,.,.,.,,,,мужчины,.,.,.,.,.,.,,,,.,"Всесоюзная перепись населения 1959 года. Таблица 2,5. Распределение всего  http://demoscope.ru/weekly/ssp/census.php?cy=2",.,.,Маркевич А.М.,.,1959
58,Татарская АССР,1959_16,.,.,1959,.,1605759,человек,.,1.01,женщины,.,.,.,.,.,.,,,,женщины,.,.,.,.,.,.,,,,.,"Всесоюзная перепись населения 1959 года. Таблица 2,5. Распределение всего  http://demoscope.ru/weekly/ssp/census.php?cy=2",.,.,Маркевич А.М.,.,1959
60,Тувинская автономная область,1959_17,.,.,1959,.,88007,человек,.,1.01,женщины,.,.,.,.,.,.,,,,женщины,.,.,.,.,.,.,,,,.,"Всесоюзная перепись населения 1959 года. Таблица 2,5. Распределение всего  http://demoscope.ru/weekly/ssp/census.php?cy=2",.,.,Маркевич А.М.,.,1959
131,Тувинская автономная область,1959_17,.,.,1959,.,83921,человек,.,1.01,мужчины,.,.,.,.,.,.,,,,мужчины,.,.,.,.,.,.,,,,.,"Всесоюзная перепись населения 1959 года. Таблица 2,5. Распределение всего  http://demoscope.ru/weekly/ssp/census.php?cy=2",.,.,Маркевич А.М.,.,1959
63,Удмуртская АССР,1959_18,.,.,1959,.,757586,человек,.,1.01,женщины,.,.,.,.,.,.,,,,женщины,.,.,.,.,.,.,,,,.,"Всесоюзная перепись населения 1959 года. Таблица 2,5. Распределение всего  http://demoscope.ru/weekly/ssp/census.php?cy=2",.,.,Маркевич А.М.,.,1959
134,Удмуртская АССР,1959_18,.,.,1959,.,579341,человек,.,1.01,мужчины,.,.,.,.,.,.,,,,мужчины,.,.,.,.,.,.,,,,.,"Всесоюзная перепись населения 1959 года. Таблица 2,5. Распределение всего  http://demoscope.ru/weekly/ssp/census.php?cy=2",.,.,Маркевич А.М.,.,1959
140,Чувашская АССР,1959_21,.,.,1959,.,468872,человек,.,1.01,мужчины,.,.,.,.,.,.,,,,мужчины,.,.,.,.,.,.,,,,.,"Всесоюзная перепись населения 1959 года. Таблица 2,5. Распределение всего  http://demoscope.ru/weekly/ssp/census.php?cy=2",.,.,Маркевич А.М.,.,1959
69,Чувашская АССР,1959_21,.,.,1959,.,628987,человек,.,1.01,женщины,.,.,.,.,.,.,,,,женщины,.,.,.,.,.,.,,,,.,"Всесоюзная перепись населения 1959 года. Таблица 2,5. Распределение всего  http://demoscope.ru/weekly/ssp/census.php?cy=2",.,.,Маркевич А.М.,.,1959
72,Алтайский край вкл. Горно-Алтайскую АО,1959_22,.,.,1959,.,1220757,человек,.,1.01,мужчины,.,.,.,.,.,.,,,,мужчины,.,.,.,.,.,.,,,,.,"Всесоюзная перепись населения 1959 года. Таблица 2,5. Распределение всего  http://demoscope.ru/weekly/ssp/census.php?cy=2",.,.,Маркевич А.М.,.,1959
1,Алтайский край вкл. Горно-Алтайскую АО,1959_22,.,.,1959,.,1462474,человек,.,1.01,женщины,.,.,.,.,.,.,,,,женщины,.,.,.,.,.,.,,,,.,"Всесоюзная перепись населения 1959 года. Таблица 2,5. Распределение всего  http://demoscope.ru/weekly/ssp/census.php?cy=2",.,.,Маркевич А.М.,.,1959
27,Краснодарский край вкл. Адыгейскую АО,1959_23,.,.,1959,.,2096004,человек,.,1.01,женщины,.,.,.,.,.,.,,,,женщины,.,.,.,.,.,.,,,,.,"Всесоюзная перепись населения 1959 года. Таблица 2,5. Распределение всего  http://demoscope.ru/weekly/ssp/census.php?cy=2",.,.,Маркевич А.М.,.,1959
98,Краснодарский край вкл. Адыгейскую АО,1959_23,.,.,1959,.,1666495,человек,.,1.01,мужчины,.,.,.,.,.,.,,,,мужчины,.,.,.,.,.,.,,,,.,"Всесоюзная перепись населения 1959 года. Таблица 2,5. Распределение всего  http://demoscope.ru/weekly/ssp/census.php?cy=2",.,.,Маркевич А.М.,.,1959
28,Красноярский край вкл. Хакасскую АО,1959_24,.,.,1959,.,1368472,человек,.,1.01,женщины,.,.,.,.,.,.,,,,женщины,.,.,.,.,.,.,,,,.,"Всесоюзная перепись населения 1959 года. Таблица 2,5. Распределение всего  http://demoscope.ru/weekly/ssp/census.php?cy=2",.,.,Маркевич А.М.,.,1959
99,Красноярский край вкл. Хакасскую АО,1959_24,.,.,1959,.,1246626,человек,.,1.01,мужчины,.,.,.,.,.,.,,,,мужчины,.,.,.,.,.,.,,,,.,"Всесоюзная перепись населения 1959 года. Таблица 2,5. Распределение всего  http://demoscope.ru/weekly/ssp/census.php?cy=2",.,.,Маркевич А.М.,.,1959
46,Приморский край,1959_25,.,.,1959,.,717550,человек,.,1.01,женщины,.,.,.,.,.,.,,,,женщины,.,.,.,.,.,.,,,,.,"Всесоюзная перепись населения 1959 года. Таблица 2,5. Распределение всего  http://demoscope.ru/weekly/ssp/census.php?cy=2",.,.,Маркевич А.М.,.,1959
117,Приморский край,1959_25,.,.,1959,.,663468,человек,.,1.01,мужчины,.,.,.,.,.,.,,,,мужчины,.,.,.,.,.,.,,,,.,"Всесоюзная перепись населения 1959 года. Таблица 2,5. Распределение всего  http://demoscope.ru/weekly/ssp/census.php?cy=2",.,.,Маркевич А.М.,.,1959
55,Ставропольский край вкл. Карачаево-Черкесской АО,1959_26,.,.,1959,.,1043632,человек,.,1.01,женщины,.,.,.,.,.,.,,,,женщины,.,.,.,.,.,.,,,,.,"Всесоюзная перепись населения 1959 года. Таблица 2,5. Распределение всего  http://demoscope.ru/weekly/ssp/census.php?cy=2",.,.,Маркевич А.М.,.,1959
126,Ставропольский край вкл. Карачаево-Черкесской АО,1959_26,.,.,1959,.,839279,человек,.,1.01,мужчины,.,.,.,.,.,.,,,,мужчины,.,.,.,.,.,.,,,,.,"Всесоюзная перепись населения 1959 года. Таблица 2,5. Распределение всего  http://demoscope.ru/weekly/ssp/census.php?cy=2",.,.,Маркевич А.М.,.,1959
65,Хабаровский край вкл. Еврейскую АО,1959_27,.,.,1959,.,591938,человек,.,1.01,женщины,.,.,.,.,.,.,,,,женщины,.,.,.,.,.,.,,,,.,"Всесоюзная перепись населения 1959 года. Таблица 2,5. Распределение всего  http://demoscope.ru/weekly/ssp/census.php?cy=2",.,.,Маркевич А.М.,.,1959
136,Хабаровский край вкл. Еврейскую АО,1959_27,.,.,1959,.,550597,человек,.,1.01,мужчины,.,.,.,.,.,.,,,,мужчины,.,.,.,.,.,.,,,,.,"Всесоюзная перепись населения 1959 года. Таблица 2,5. Распределение всего  http://demoscope.ru/weekly/ssp/census.php?cy=2",.,.,Маркевич А.М.,.,1959
2,Амурская область,1959_28,.,.,1959,.,372847,человек,.,1.01,женщины,.,.,.,.,.,.,,,,женщины,.,.,.,.,.,.,,,,.,"Всесоюзная перепись населения 1959 года. Таблица 2,5. Распределение всего  http://demoscope.ru/weekly/ssp/census.php?cy=2",.,.,Маркевич А.М.,.,1959
73,Амурская область,1959_28,.,.,1959,.,344667,человек,.,1.01,мужчины,.,.,.,.,.,.,,,,мужчины,.,.,.,.,.,.,,,,.,"Всесоюзная перепись населения 1959 года. Таблица 2,5. Распределение всего  http://demoscope.ru/weekly/ssp/census.php?cy=2",.,.,Маркевич А.М.,.,1959
74,Архангельская область,1959_29,.,.,1959,.,596358,человек,.,1.01,мужчины,.,.,.,.,.,.,,,,мужчины,.,.,.,.,.,.,,,,.,"Всесоюзная перепись населения 1959 года. Таблица 2,5. Распределение всего  http://demoscope.ru/weekly/ssp/census.php?cy=2",.,.,Маркевич А.М.,.,1959
3,Архангельская область,1959_29,.,.,1959,.,679481,человек,.,1.01,женщины,.,.,.,.,.,.,,,,женщины,.,.,.,.,.,.,,,,.,"Всесоюзная перепись населения 1959 года. Таблица 2,5. Распределение всего  http://demoscope.ru/weekly/ssp/census.php?cy=2",.,.,Маркевич А.М.,.,1959
75,Астраханская область,1959_30,.,.,1959,.,315716,человек,.,1.01,мужчины,.,.,.,.,.,.,,,,мужчины,.,.,.,.,.,.,,,,.,"Всесоюзная перепись населения 1959 года. Таблица 2,5. Распределение всего  http://demoscope.ru/weekly/ssp/census.php?cy=2",.,.,Маркевич А.М.,.,1959
4,Астраханская область,1959_30,.,.,1959,.,386258,человек,.,1.01,женщины,.,.,.,.,.,.,,,,женщины,.,.,.,.,.,.,,,,.,"Всесоюзная перепись населения 1959 года. Таблица 2,5. Распределение всего  http://demoscope.ru/weekly/ssp/census.php?cy=2",.,.,Маркевич А.М.,.,1959
77,Белгородская область,1959_31,.,.,1959,.,525772,человек,.,1.01,мужчины,.,.,.,.,.,.,,,,мужчины,.,.,.,.,.,.,,,,.,"Всесоюзная перепись населения 1959 года. Таблица 2,5. Распределение всего  http://demoscope.ru/weekly/ssp/census.php?cy=2",.,.,Маркевич А.М.,.,1959
6,Белгородская область,1959_31,.,.,1959,.,700556,человек,.,1.01,женщины,.,.,.,.,.,.,,,,женщины,.,.,.,.,.,.,,,,.,"Всесоюзная перепись населения 1959 года. Таблица 2,5. Распределение всего  http://demoscope.ru/weekly/ssp/census.php?cy=2",.,.,Маркевич А.М.,.,1959
7,Брянская область,1959_32,.,.,1959,.,882121,человек,.,1.01,женщины,.,.,.,.,.,.,,,,женщины,.,.,.,.,.,.,,,,.,"Всесоюзная перепись населения 1959 года. Таблица 2,5. Распределение всего  http://demoscope.ru/weekly/ssp/census.php?cy=2",.,.,Маркевич А.М.,.,1959
78,Брянская область,1959_32,.,.,1959,.,667824,человек,.,1.01,мужчины,.,.,.,.,.,.,,,,мужчины,.,.,.,.,.,.,,,,.,"Всесоюзная перепись населения 1959 года. Таблица 2,5. Распределение всего  http://demoscope.ru/weekly/ssp/census.php?cy=2",.,.,Маркевич А.М.,.,1959
80,Владимирская область,1959_33,.,.,1959,.,602631,человек,.,1.01,мужчины,.,.,.,.,.,.,,,,мужчины,.,.,.,.,.,.,,,,.,"Всесоюзная перепись населения 1959 года. Таблица 2,5. Распределение всего  http://demoscope.ru/weekly/ssp/census.php?cy=2",.,.,Маркевич А.М.,.,1959
9,Владимирская область,1959_33,.,.,1959,.,799740,человек,.,1.01,женщины,.,.,.,.,.,.,,,,женщины,.,.,.,.,.,.,,,,.,"Всесоюзная перепись населения 1959 года. Таблица 2,5. Распределение всего  http://demoscope.ru/weekly/ssp/census.php?cy=2",.,.,Маркевич А.М.,.,1959
56,Сталинградская область,1959_34,.,.,1959,.,1030497,человек,.,1.01,женщины,.,.,.,.,.,.,,,,женщины,.,.,.,.,.,.,,,,.,"Всесоюзная перепись населения 1959 года. Таблица 2,5. Распределение всего  http://demoscope.ru/weekly/ssp/census.php?cy=2",.,.,Маркевич А.М.,.,1959
127,Сталинградская область,1959_34,.,.,1959,.,823431,человек,.,1.01,мужчины,.,.,.,.,.,.,,,,мужчины,.,.,.,.,.,.,,,,.,"Всесоюзная перепись населения 1959 года. Таблица 2,5. Распределение всего  http://demoscope.ru/weekly/ssp/census.php?cy=2",.,.,Маркевич А.М.,.,1959
10,Вологодская область,1959_35,.,.,1959,.,740802,человек,.,1.01,женщины,.,.,.,.,.,.,,,,женщины,.,.,.,.,.,.,,,,.,"Всесоюзная перепись населения 1959 года. Таблица 2,5. Распределение всего  http://demoscope.ru/weekly/ssp/census.php?cy=2",.,.,Маркевич А.М.,.,1959
81,Вологодская область,1959_35,.,.,1959,.,566729,человек,.,1.01,мужчины,.,.,.,.,.,.,,,,мужчины,.,.,.,.,.,.,,,,.,"Всесоюзная перепись населения 1959 года. Таблица 2,5. Распределение всего  http://demoscope.ru/weekly/ssp/census.php?cy=2",.,.,Маркевич А.М.,.,1959
82,Воронежская область,1959_36,.,.,1959,.,1025109,человек,.,1.01,мужчины,.,.,.,.,.,.,,,,мужчины,.,.,.,.,.,.,,,,.,"Всесоюзная перепись населения 1959 года. Таблица 2,5. Распределение всего  http://demoscope.ru/weekly/ssp/census.php?cy=2",.,.,Маркевич А.М.,.,1959
11,Воронежская область,1959_36,.,.,1959,.,1343631,человек,.,1.01,женщины,.,.,.,.,.,.,,,,женщины,.,.,.,.,.,.,,,,.,"Всесоюзная перепись населения 1959 года. Таблица 2,5. Распределение всего  http://demoscope.ru/weekly/ssp/census.php?cy=2",.,.,Маркевич А.М.,.,1959
14,Ивановская область,1959_37,.,.,1959,.,770214,человек,.,1.01,женщины,.,.,.,.,.,.,,,,женщины,.,.,.,.,.,.,,,,.,"Всесоюзная перепись населения 1959 года. Таблица 2,5. Распределение всего  http://demoscope.ru/weekly/ssp/census.php?cy=2",.,.,Маркевич А.М.,.,1959
85,Ивановская область,1959_37,.,.,1959,.,551938,человек,.,1.01,мужчины,.,.,.,.,.,.,,,,мужчины,.,.,.,.,.,.,,,,.,"Всесоюзная перепись населения 1959 года. Таблица 2,5. Распределение всего  http://demoscope.ru/weekly/ssp/census.php?cy=2",.,.,Маркевич А.М.,.,1959
15,Иркутская область,1959_38,.,.,1959,.,1007664,человек,.,1.01,женщины,.,.,.,.,.,.,,,,женщины,.,.,.,.,.,.,,,,.,"Всесоюзная перепись населения 1959 года. Таблица 2,5. Распределение всего  http://demoscope.ru/weekly/ssp/census.php?cy=2",.,.,Маркевич А.М.,.,1959
86,Иркутская область,1959_38,.,.,1959,.,968789,человек,.,1.01,мужчины,.,.,.,.,.,.,,,,мужчины,.,.,.,.,.,.,,,,.,"Всесоюзная перепись населения 1959 года. Таблица 2,5. Распределение всего  http://demoscope.ru/weekly/ssp/census.php?cy=2",.,.,Маркевич А.М.,.,1959
17,Калининградская область,1959_39,.,.,1959,.,337238,человек,.,1.01,женщины,.,.,.,.,.,.,,,,женщины,.,.,.,.,.,.,,,,.,"Всесоюзная перепись населения 1959 года. Таблица 2,5. Распределение всего  http://demoscope.ru/weekly/ssp/census.php?cy=2",.,.,Маркевич А.М.,.,1959
88,Калининградская область,1959_39,.,.,1959,.,273647,человек,.,1.01,мужчины,.,.,.,.,.,.,,,,мужчины,.,.,.,.,.,.,,,,.,"Всесоюзная перепись населения 1959 года. Таблица 2,5. Распределение всего  http://demoscope.ru/weekly/ssp/census.php?cy=2",.,.,Маркевич А.М.,.,1959
91,Калужская область,1959_40,.,.,1959,.,401033,человек,.,1.01,мужчины,.,.,.,.,.,.,,,,мужчины,.,.,.,.,.,.,,,,.,"Всесоюзная перепись населения 1959 года. Таблица 2,5. Распределение всего  http://demoscope.ru/weekly/ssp/census.php?cy=2",.,.,Маркевич А.М.,.,1959
20,Калужская область,1959_40,.,.,1959,.,534819,человек,.,1.01,женщины,.,.,.,.,.,.,,,,женщины,.,.,.,.,.,.,,,,.,"Всесоюзная перепись населения 1959 года. Таблица 2,5. Распределение всего  http://demoscope.ru/weekly/ssp/census.php?cy=2",.,.,Маркевич А.М.,.,1959
21,Камчатская область,1959_41,.,.,1959,.,109334,человек,.,1.01,женщины,.,.,.,.,.,.,,,,женщины,.,.,.,.,.,.,,,,.,"Всесоюзная перепись населения 1959 года. Таблица 2,5. Распределение всего  http://demoscope.ru/weekly/ssp/census.php?cy=2",.,.,Маркевич А.М.,.,1959
92,Камчатская область,1959_41,.,.,1959,.,111419,человек,.,1.01,мужчины,.,.,.,.,.,.,,,,мужчины,.,.,.,.,.,.,,,,.,"Всесоюзная перепись населения 1959 года. Таблица 2,5. Распределение всего  http://demoscope.ru/weekly/ssp/census.php?cy=2",.,.,Маркевич А.М.,.,1959
23,Кемеровская область,1959_42,.,.,1959,.,1465122,человек,.,1.01,женщины,.,.,.,.,.,.,,,,женщины,.,.,.,.,.,.,,,,.,"Всесоюзная перепись населения 1959 года. Таблица 2,5. Распределение всего  http://demoscope.ru/weekly/ssp/census.php?cy=2",.,.,Маркевич А.М.,.,1959
94,Кемеровская область,1959_42,.,.,1959,.,1320784,человек,.,1.01,мужчины,.,.,.,.,.,.,,,,мужчины,.,.,.,.,.,.,,,,.,"Всесоюзная перепись населения 1959 года. Таблица 2,5. Распределение всего  http://demoscope.ru/weekly/ssp/census.php?cy=2",.,.,Маркевич А.М.,.,1959
24,Кировская область,1959_43,.,.,1959,.,1076156,человек,.,1.01,женщины,.,.,.,.,.,.,,,,женщины,.,.,.,.,.,.,,,,.,"Всесоюзная перепись населения 1959 года. Таблица 2,5. Распределение всего  http://demoscope.ru/weekly/ssp/census.php?cy=2",.,.,Маркевич А.М.,.,1959
95,Кировская область,1959_43,.,.,1959,.,840337,человек,.,1.01,мужчины,.,.,.,.,.,.,,,,мужчины,.,.,.,.,.,.,,,,.,"Всесоюзная перепись населения 1959 года. Таблица 2,5. Распределение всего  http://demoscope.ru/weekly/ssp/census.php?cy=2",.,.,Маркевич А.М.,.,1959
97,Костромская область,1959_44,.,.,1959,.,397236,человек,.,1.01,мужчины,.,.,.,.,.,.,,,,мужчины,.,.,.,.,.,.,,,,.,"Всесоюзная перепись населения 1959 года. Таблица 2,5. Распределение всего  http://demoscope.ru/weekly/ssp/census.php?cy=2",.,.,Маркевич А.М.,.,1959
26,Костромская область,1959_44,.,.,1959,.,522763,человек,.,1.01,женщины,.,.,.,.,.,.,,,,женщины,.,.,.,.,.,.,,,,.,"Всесоюзная перепись населения 1959 года. Таблица 2,5. Распределение всего  http://demoscope.ru/weekly/ssp/census.php?cy=2",.,.,Маркевич А.М.,.,1959
30,Курганская область,1959_45,.,.,1959,.,560709,человек,.,1.01,женщины,.,.,.,.,.,.,,,,женщины,.,.,.,.,.,.,,,,.,"Всесоюзная перепись населения 1959 года. Таблица 2,5. Распределение всего  http://demoscope.ru/weekly/ssp/census.php?cy=2",.,.,Маркевич А.М.,.,1959
101,Курганская область,1959_45,.,.,1959,.,438461,человек,.,1.01,мужчины,.,.,.,.,.,.,,,,мужчины,.,.,.,.,.,.,,,,.,"Всесоюзная перепись населения 1959 года. Таблица 2,5. Распределение всего  http://demoscope.ru/weekly/ssp/census.php?cy=2",.,.,Маркевич А.М.,.,1959
102,Курская область,1959_46,.,.,1959,.,644595,человек,.,1.01,мужчины,.,.,.,.,.,.,,,,мужчины,.,.,.,.,.,.,,,,.,"Всесоюзная перепись населения 1959 года. Таблица 2,5. Распределение всего  http://demoscope.ru/weekly/ssp/census.php?cy=2",.,.,Маркевич А.М.,.,1959
31,Курская область,1959_46,.,.,1959,.,838710,человек,.,1.01,женщины,.,.,.,.,.,.,,,,женщины,.,.,.,.,.,.,,,,.,"Всесоюзная перепись населения 1959 года. Таблица 2,5. Распределение всего  http://demoscope.ru/weekly/ssp/census.php?cy=2",.,.,Маркевич А.М.,.,1959
103,Ленинградская область,1959_47,.,.,1959,.,1915716,человек,.,1.01,мужчины,.,.,.,.,.,.,,,,мужчины,.,.,.,.,.,.,,,,.,"Всесоюзная перепись населения 1959 года. Таблица 2,5. Распределение всего  http://demoscope.ru/weekly/ssp/census.php?cy=2",.,.,Маркевич А.М.,.,1959
32,Ленинградская область,1959_47,.,.,1959,.,2650471,человек,.,1.01,женщины,.,.,.,.,.,.,,,,женщины,.,.,.,.,.,.,,,,.,"Всесоюзная перепись населения 1959 года. Таблица 2,5. Распределение всего  http://demoscope.ru/weekly/ssp/census.php?cy=2",.,.,Маркевич А.М.,.,1959
33,Липецкая область,1959_48,.,.,1959,.,645740,человек,.,1.01,женщины,.,.,.,.,.,.,,,,женщины,.,.,.,.,.,.,,,,.,"Всесоюзная перепись населения 1959 года. Таблица 2,5. Распределение всего  http://demoscope.ru/weekly/ssp/census.php?cy=2",.,.,Маркевич А.М.,.,1959
104,Липецкая область,1959_48,.,.,1959,.,495782,человек,.,1.01,мужчины,.,.,.,.,.,.,,,,мужчины,.,.,.,.,.,.,,,,.,"Всесоюзная перепись населения 1959 года. Таблица 2,5. Распределение всего  http://demoscope.ru/weekly/ssp/census.php?cy=2",.,.,Маркевич А.М.,.,1959
34,Магаданская область вкл. Чукотский НО,1959_49,.,.,1959,.,103436,человек,.,1.01,женщины,.,.,.,.,.,.,,,,женщины,.,.,.,.,.,.,,,,.,"Всесоюзная перепись населения 1959 года. Таблица 2,5. Распределение всего  http://demoscope.ru/weekly/ssp/census.php?cy=2",.,.,Маркевич А.М.,.,1959
105,Магаданская область вкл. Чукотский НО,1959_49,.,.,1959,.,132142,человек,.,1.01,мужчины,.,.,.,.,.,.,,,,мужчины,.,.,.,.,.,.,,,,.,"Всесоюзная перепись населения 1959 года. Таблица 2,5. Распределение всего  http://demoscope.ru/weekly/ssp/census.php?cy=2",.,.,Маркевич А.М.,.,1959
108,Московская область,1959_50,.,.,1959,.,4692722,человек,.,1.01,мужчины,.,.,.,.,.,.,,,,мужчины,.,.,.,.,.,.,,,,.,"Всесоюзная перепись населения 1959 года. Таблица 2,5. Распределение всего  http://demoscope.ru/weekly/ssp/census.php?cy=2",.,.,Маркевич А.М.,.,1959
37,Московская область,1959_50,.,.,1959,.,6255862,человек,.,1.01,женщины,.,.,.,.,.,.,,,,женщины,.,.,.,.,.,.,,,,.,"Всесоюзная перепись населения 1959 года. Таблица 2,5. Распределение всего  http://demoscope.ru/weekly/ssp/census.php?cy=2",.,.,Маркевич А.М.,.,1959
38,Мурманская область,1959_51,.,.,1959,.,298001,человек,.,1.01,женщины,.,.,.,.,.,.,,,,женщины,.,.,.,.,.,.,,,,.,"Всесоюзная перепись населения 1959 года. Таблица 2,5. Распределение всего  http://demoscope.ru/weekly/ssp/census.php?cy=2",.,.,Маркевич А.М.,.,1959
109,Мурманская область,1959_51,.,.,1959,.,269671,человек,.,1.01,мужчины,.,.,.,.,.,.,,,,мужчины,.,.,.,.,.,.,,,,.,"Всесоюзная перепись населения 1959 года. Таблица 2,5. Распределение всего  http://demoscope.ru/weekly/ssp/census.php?cy=2",.,.,Маркевич А.М.,.,1959
83,Горьковская область,1959_52,.,.,1959,.,1576220,человек,.,1.01,мужчины,.,.,.,.,.,.,,,,мужчины,.,.,.,.,.,.,,,,.,"Всесоюзная перепись населения 1959 года. Таблица 2,5. Распределение всего  http://demoscope.ru/weekly/ssp/census.php?cy=2",.,.,Маркевич А.М.,.,1959
12,Горьковская область,1959_52,.,.,1959,.,2014593,человек,.,1.01,женщины,.,.,.,.,.,.,,,,женщины,.,.,.,.,.,.,,,,.,"Всесоюзная перепись населения 1959 года. Таблица 2,5. Распределение всего  http://demoscope.ru/weekly/ssp/census.php?cy=2",.,.,Маркевич А.М.,.,1959
110,Новгородская область,1959_53,.,.,1959,.,313547,человек,.,1.01,мужчины,.,.,.,.,.,.,,,,мужчины,.,.,.,.,.,.,,,,.,"Всесоюзная перепись населения 1959 года. Таблица 2,5. Распределение всего  http://demoscope.ru/weekly/ssp/census.php?cy=2",.,.,Маркевич А.М.,.,1959
39,Новгородская область,1959_53,.,.,1959,.,422982,человек,.,1.01,женщины,.,.,.,.,.,.,,,,женщины,.,.,.,.,.,.,,,,.,"Всесоюзная перепись населения 1959 года. Таблица 2,5. Распределение всего  http://demoscope.ru/weekly/ssp/census.php?cy=2",.,.,Маркевич А.М.,.,1959
40,Новосибирская область,1959_54,.,.,1959,.,1254379,человек,.,1.01,женщины,.,.,.,.,.,.,,,,женщины,.,.,.,.,.,.,,,,.,"Всесоюзная перепись населения 1959 года. Таблица 2,5. Распределение всего  http://demoscope.ru/weekly/ssp/census.php?cy=2",.,.,Маркевич А.М.,.,1959
111,Новосибирская область,1959_54,.,.,1959,.,1044102,человек,.,1.01,мужчины,.,.,.,.,.,.,,,,мужчины,.,.,.,.,.,.,,,,.,"Всесоюзная перепись населения 1959 года. Таблица 2,5. Распределение всего  http://demoscope.ru/weekly/ssp/census.php?cy=2",.,.,Маркевич А.М.,.,1959
112,Омская область,1959_55,.,.,1959,.,750064,человек,.,1.01,мужчины,.,.,.,.,.,.,,,,мужчины,.,.,.,.,.,.,,,,.,"Всесоюзная перепись населения 1959 года. Таблица 2,5. Распределение всего  http://demoscope.ru/weekly/ssp/census.php?cy=2",.,.,Маркевич А.М.,.,1959
41,Омская область,1959_55,.,.,1959,.,894953,человек,.,1.01,женщины,.,.,.,.,.,.,,,,женщины,.,.,.,.,.,.,,,,.,"Всесоюзная перепись населения 1959 года. Таблица 2,5. Распределение всего  http://demoscope.ru/weekly/ssp/census.php?cy=2",.,.,Маркевич А.М.,.,1959
42,Оренбургская область,1959_56,.,.,1959,.,1002123,человек,.,1.01,женщины,.,.,.,.,.,.,,,,женщины,.,.,.,.,.,.,,,,.,"Всесоюзная перепись населения 1959 года. Таблица 2,5. Распределение всего  http://demoscope.ru/weekly/ssp/census.php?cy=2",.,.,Маркевич А.М.,.,1959
113,Оренбургская область,1959_56,.,.,1959,.,827358,человек,.,1.01,мужчины,.,.,.,.,.,.,,,,мужчины,.,.,.,.,.,.,,,,.,"Всесоюзная перепись населения 1959 года. Таблица 2,5. Распределение всего  http://demoscope.ru/weekly/ssp/census.php?cy=2",.,.,Маркевич А.М.,.,1959
43,Орловская область,1959_57,.,.,1959,.,524657,человек,.,1.01,женщины,.,.,.,.,.,.,,,,женщины,.,.,.,.,.,.,,,,.,"Всесоюзная перепись населения 1959 года. Таблица 2,5. Распределение всего  http://demoscope.ru/weekly/ssp/census.php?cy=2",.,.,Маркевич А.М.,.,1959
114,Орловская область,1959_57,.,.,1959,.,404356,человек,.,1.01,мужчины,.,.,.,.,.,.,,,,мужчины,.,.,.,.,.,.,,,,.,"Всесоюзная перепись населения 1959 года. Таблица 2,5. Распределение всего  http://demoscope.ru/weekly/ssp/census.php?cy=2",.,.,Маркевич А.М.,.,1959
115,Пензенская область,1959_58,.,.,1959,.,656978,человек,.,1.01,мужчины,.,.,.,.,.,.,,,,мужчины,.,.,.,.,.,.,,,,.,"Всесоюзная перепись населения 1959 года. Таблица 2,5. Распределение всего  http://demoscope.ru/weekly/ssp/census.php?cy=2",.,.,Маркевич А.М.,.,1959
44,Пензенская область,1959_58,.,.,1959,.,852588,человек,.,1.01,женщины,.,.,.,.,.,.,,,,женщины,.,.,.,.,.,.,,,,.,"Всесоюзная перепись населения 1959 года. Таблица 2,5. Распределение всего  http://demoscope.ru/weekly/ssp/census.php?cy=2",.,.,Маркевич А.М.,.,1959
116,Пермская область,1959_59,.,.,1959,.,1361934,человек,.,1.01,мужчины,.,.,.,.,.,.,,,,мужчины,.,.,.,.,.,.,,,,.,"Всесоюзная перепись населения 1959 года. Таблица 2,5. Распределение всего  http://demoscope.ru/weekly/ssp/census.php?cy=2",.,.,Маркевич А.М.,.,1959
45,Пермская область,1959_59,.,.,1959,.,1630942,человек,.,1.01,женщины,.,.,.,.,.,.,,,,женщины,.,.,.,.,.,.,,,,.,"Всесоюзная перепись населения 1959 года. Таблица 2,5. Распределение всего  http://demoscope.ru/weekly/ssp/census.php?cy=2",.,.,Маркевич А.М.,.,1959
47,Псковская область,1959_60,.,.,1959,.,545226,человек,.,1.01,женщины,.,.,.,.,.,.,,,,женщины,.,.,.,.,.,.,,,,.,"Всесоюзная перепись населения 1959 года. Таблица 2,5. Распределение всего  http://demoscope.ru/weekly/ssp/census.php?cy=2",.,.,Маркевич А.М.,.,1959
118,Псковская область,1959_60,.,.,1959,.,406640,человек,.,1.01,мужчины,.,.,.,.,.,.,,,,мужчины,.,.,.,.,.,.,,,,.,"Всесоюзная перепись населения 1959 года. Таблица 2,5. Распределение всего  http://demoscope.ru/weekly/ssp/census.php?cy=2",.,.,Маркевич А.М.,.,1959
119,Ростовская область,1959_61,.,.,1959,.,1484293,человек,.,1.01,мужчины,.,.,.,.,.,.,,,,мужчины,.,.,.,.,.,.,,,,.,"Всесоюзная перепись населения 1959 года. Таблица 2,5. Распределение всего  http://demoscope.ru/weekly/ssp/census.php?cy=2",.,.,Маркевич А.М.,.,1959
48,Ростовская область,1959_61,.,.,1959,.,1827454,человек,.,1.01,женщины,.,.,.,.,.,.,,,,женщины,.,.,.,.,.,.,,,,.,"Всесоюзная перепись населения 1959 года. Таблица 2,5. Распределение всего  http://demoscope.ru/weekly/ssp/census.php?cy=2",.,.,Маркевич А.М.,.,1959
120,Рязанская область,1959_62,.,.,1959,.,632460,человек,.,1.01,мужчины,.,.,.,.,.,.,,,,мужчины,.,.,.,.,.,.,,,,.,"Всесоюзная перепись населения 1959 года. Таблица 2,5. Распределение всего  http://demoscope.ru/weekly/ssp/census.php?cy=2",.,.,Маркевич А.М.,.,1959
49,Рязанская область,1959_62,.,.,1959,.,812295,человек,.,1.01,женщины,.,.,.,.,.,.,,,,женщины,.,.,.,.,.,.,,,,.,"Всесоюзная перепись населения 1959 года. Таблица 2,5. Распределение всего  http://demoscope.ru/weekly/ssp/census.php?cy=2",.,.,Маркевич А.М.,.,1959
100,Куйбышевская область,1959_63,.,.,1959,.,1016263,человек,.,1.01,мужчины,.,.,.,.,.,.,,,,мужчины,.,.,.,.,.,.,,,,.,"Всесоюзная перепись населения 1959 года. Таблица 2,5. Распределение всего  http://demoscope.ru/weekly/ssp/census.php?cy=2",.,.,Маркевич А.М.,.,1959
29,Куйбышевская область,1959_63,.,.,1959,.,1242096,человек,.,1.01,женщины,.,.,.,.,.,.,,,,женщины,.,.,.,.,.,.,,,,.,"Всесоюзная перепись населения 1959 года. Таблица 2,5. Распределение всего  http://demoscope.ru/weekly/ssp/census.php?cy=2",.,.,Маркевич А.М.,.,1959
50,Саратовская область,1959_64,.,.,1959,.,1199611,человек,.,1.01,женщины,.,.,.,.,.,.,,,,женщины,.,.,.,.,.,.,,,,.,"Всесоюзная перепись населения 1959 года. Таблица 2,5. Распределение всего  http://demoscope.ru/weekly/ssp/census.php?cy=2",.,.,Маркевич А.М.,.,1959
121,Саратовская область,1959_64,.,.,1959,.,963140,человек,.,1.01,мужчины,.,.,.,.,.,.,,,,мужчины,.,.,.,.,.,.,,,,.,"Всесоюзная перепись населения 1959 года. Таблица 2,5. Распределение всего  http://demoscope.ru/weekly/ssp/census.php?cy=2",.,.,Маркевич А.М.,.,1959
122,Сахалинская область,1959_65,.,.,1959,.,322840,человек,.,1.01,мужчины,.,.,.,.,.,.,,,,мужчины,.,.,.,.,.,.,,,,.,"Всесоюзная перепись населения 1959 года. Таблица 2,5. Распределение всего  http://demoscope.ru/weekly/ssp/census.php?cy=2",.,.,Маркевич А.М.,.,1959
51,Сахалинская область,1959_65,.,.,1959,.,326565,человек,.,1.01,женщины,.,.,.,.,.,.,,,,женщины,.,.,.,.,.,.,,,,.,"Всесоюзная перепись населения 1959 года. Таблица 2,5. Распределение всего  http://demoscope.ru/weekly/ssp/census.php?cy=2",.,.,Маркевич А.М.,.,1959
52,Свердловская область,1959_66,.,.,1959,.,2188329,человек,.,1.01,женщины,.,.,.,.,.,.,,,,женщины,.,.,.,.,.,.,,,,.,"Всесоюзная перепись населения 1959 года. Таблица 2,5. Распределение всего  http://demoscope.ru/weekly/ssp/census.php?cy=2",.,.,Маркевич А.М.,.,1959
123,Свердловская область,1959_66,.,.,1959,.,1856087,человек,.,1.01,мужчины,.,.,.,.,.,.,,,,мужчины,.,.,.,.,.,.,,,,.,"Всесоюзная перепись населения 1959 года. Таблица 2,5. Распределение всего  http://demoscope.ru/weekly/ssp/census.php?cy=2",.,.,Маркевич А.М.,.,1959
125,Смоленская область,1959_67,.,.,1959,.,483894,человек,.,1.01,мужчины,.,.,.,.,.,.,,,,мужчины,.,.,.,.,.,.,,,,.,"Всесоюзная перепись населения 1959 года. Таблица 2,5. Распределение всего  http://demoscope.ru/weekly/ssp/census.php?cy=2",.,.,Маркевич А.М.,.,1959
54,Смоленская область,1959_67,.,.,1959,.,659075,человек,.,1.01,женщины,.,.,.,.,.,.,,,,женщины,.,.,.,.,.,.,,,,.,"Всесоюзная перепись населения 1959 года. Таблица 2,5. Распределение всего  http://demoscope.ru/weekly/ssp/census.php?cy=2",.,.,Маркевич А.М.,.,1959
57,Тамбовская область,1959_68,.,.,1959,.,872140,человек,.,1.01,женщины,.,.,.,.,.,.,,,,женщины,.,.,.,.,.,.,,,,.,"Всесоюзная перепись населения 1959 года. Таблица 2,5. Распределение всего  http://demoscope.ru/weekly/ssp/census.php?cy=2",.,.,Маркевич А.М.,.,1959
128,Тамбовская область,1959_68,.,.,1959,.,676861,человек,.,1.01,мужчины,.,.,.,.,.,.,,,,мужчины,.,.,.,.,.,.,,,,.,"Всесоюзная перепись населения 1959 года. Таблица 2,5. Распределение всего  http://demoscope.ru/weekly/ssp/census.php?cy=2",.,.,Маркевич А.М.,.,1959
18,Калининская область,1959_69,.,.,1959,.,1050783,человек,.,1.01,женщины,.,.,.,.,.,.,,,,женщины,.,.,.,.,.,.,,,,.,"Всесоюзная перепись населения 1959 года. Таблица 2,5. Распределение всего  http://demoscope.ru/weekly/ssp/census.php?cy=2",.,.,Маркевич А.М.,.,1959
89,Калининская область,1959_69,.,.,1959,.,756004,человек,.,1.01,мужчины,.,.,.,.,.,.,,,,мужчины,.,.,.,.,.,.,,,,.,"Всесоюзная перепись населения 1959 года. Таблица 2,5. Распределение всего  http://demoscope.ru/weekly/ssp/census.php?cy=2",.,.,Маркевич А.М.,.,1959
59,Томская область,1959_70,.,.,1959,.,401397,человек,.,1.01,женщины,.,.,.,.,.,.,,,,женщины,.,.,.,.,.,.,,,,.,"Всесоюзная перепись населения 1959 года. Таблица 2,5. Распределение всего  http://demoscope.ru/weekly/ssp/census.php?cy=2",.,.,Маркевич А.М.,.,1959
130,Томская область,1959_70,.,.,1959,.,345405,человек,.,1.01,мужчины,.,.,.,.,.,.,,,,мужчины,.,.,.,.,.,.,,,,.,"Всесоюзная перепись населения 1959 года. Таблица 2,5. Распределение всего  http://demoscope.ru/weekly/ssp/census.php?cy=2",.,.,Маркевич А.М.,.,1959
61,Тульская область,1959_71,.,.,1959,.,1059815,человек,.,1.01,женщины,.,.,.,.,.,.,,,,женщины,.,.,.,.,.,.,,,,.,"Всесоюзная перепись населения 1959 года. Таблица 2,5. Распределение всего  http://demoscope.ru/weekly/ssp/census.php?cy=2",.,.,Маркевич А.М.,.,1959
132,Тульская область,1959_71,.,.,1959,.,860493,человек,.,1.01,мужчины,.,.,.,.,.,.,,,,мужчины,.,.,.,.,.,.,,,,.,"Всесоюзная перепись населения 1959 года. Таблица 2,5. Распределение всего  http://demoscope.ru/weekly/ssp/census.php?cy=2",.,.,Маркевич А.М.,.,1959
62,Тюменская область,1959_72,.,.,1959,.,604225,человек,.,1.01,женщины,.,.,.,.,.,.,,,,женщины,.,.,.,.,.,.,,,,.,"Всесоюзная перепись населения 1959 года. Таблица 2,5. Распределение всего  http://demoscope.ru/weekly/ssp/census.php?cy=2",.,.,Маркевич А.М.,.,1959
133,Тюменская область,1959_72,.,.,1959,.,487901,человек,.,1.01,мужчины,.,.,.,.,.,.,,,,мужчины,.,.,.,.,.,.,,,,.,"Всесоюзная перепись населения 1959 года. Таблица 2,5. Распределение всего  http://demoscope.ru/weekly/ssp/census.php?cy=2",.,.,Маркевич А.М.,.,1959
135,Ульяновская область,1959_73,.,.,1959,.,490112,человек,.,1.01,мужчины,.,.,.,.,.,.,,,,мужчины,.,.,.,.,.,.,,,,.,"Всесоюзная перепись населения 1959 года. Таблица 2,5. Распределение всего  http://demoscope.ru/weekly/ssp/census.php?cy=2",.,.,Маркевич А.М.,.,1959
64,Ульяновская область,1959_73,.,.,1959,.,627247,человек,.,1.01,женщины,.,.,.,.,.,.,,,,женщины,.,.,.,.,.,.,,,,.,"Всесоюзная перепись населения 1959 года. Таблица 2,5. Распределение всего  http://demoscope.ru/weekly/ssp/census.php?cy=2",.,.,Маркевич А.М.,.,1959
137,Челябинская область,1959_74,.,.,1959,.,1370064,человек,.,1.01,мужчины,.,.,.,.,.,.,,,,мужчины,.,.,.,.,.,.,,,,.,"Всесоюзная перепись населения 1959 года. Таблица 2,5. Распределение всего  http://demoscope.ru/weekly/ssp/census.php?cy=2",.,.,Маркевич А.М.,.,1959
66,Челябинская область,1959_74,.,.,1959,.,1606561,человек,.,1.01,женщины,.,.,.,.,.,.,,,,женщины,.,.,.,.,.,.,,,,.,"Всесоюзная перепись населения 1959 года. Таблица 2,5. Распределение всего  http://demoscope.ru/weekly/ssp/census.php?cy=2",.,.,Маркевич А.М.,.,1959
139,Читинская область,1959_75,.,.,1959,.,487460,человек,.,1.01,мужчины,.,.,.,.,.,.,,,,мужчины,.,.,.,.,.,.,,,,.,"Всесоюзная перепись населения 1959 года. Таблица 2,5. Распределение всего  http://demoscope.ru/weekly/ssp/census.php?cy=2",.,.,Маркевич А.М.,.,1959
68,Читинская область,1959_75,.,.,1959,.,548927,человек,.,1.01,женщины,.,.,.,.,.,.,,,,женщины,.,.,.,.,.,.,,,,.,"Всесоюзная перепись населения 1959 года. Таблица 2,5. Распределение всего  http://demoscope.ru/weekly/ssp/census.php?cy=2",.,.,Маркевич А.М.,.,1959
71,Ярославская область,1959_76,.,.,1959,.,801177,человек,.,1.01,женщины,.,.,.,.,.,.,,,,женщины,.,.,.,.,.,.,,,,.,"Всесоюзная перепись населения 1959 года. Таблица 2,5. Распределение всего  http://demoscope.ru/weekly/ssp/census.php?cy=2",.,.,Маркевич А.М.,.,1959
142,Ярославская область,1959_76,.,.,1959,.,594450,человек,.,1.01,мужчины,.,.,.,.,.,.,,,,мужчины,.,.,.,.,.,.,,,,.,"Всесоюзная перепись населения 1959 года. Таблица 2,5. Распределение всего  http://demoscope.ru/weekly/ssp/census.php?cy=2",.,.,Маркевич А.М.,.,1959
