ID,TERRITORY,TER_CODE,TOWN,DISTRICT,YEAR,MONTH,VALUE,VALUE_UNIT,VALUE_LABEL,DATATYPE,HISTCLASS1,HISTCLASS2,HISTCLASS3,HISTCLASS4,HISTCLASS5,HISTCLASS6,HISTCLASS7,HISTCLASS8,HISTCLASS9,HISTCLASS10,CLASS1,CLASS2,CLASS3,CLASS4,CLASS5,CLASS6,CLASS7,CLASS8,CLASS9,CLASS10,COMMENT_SOURCE,SOURCE,VOLUME,PAGE,NABORSHIK_ID,COMMENT_NABORSHIK,
59,Республика Адыгея,2002_01,.,.,2002,.,331600,гектар,.,7.01,Сельскохозяйственные угодья без пашни,.,.,.,.,.,.,,,,.,.,.,.,.,.,.,,,,.,"Регионы России. Социально-экономические показатели. 2003: Стат. сб. / Госкомстат России. − М.,2003 http://www.gks.ru/bgd/regl/B03_14/IssWWW.exe/Stg/d010/i011750r.htm",.,349-350,Sidorenko,.,2002
60,Республика Адыгея,2002_01,.,.,2002,.,258100,гектар,.,7.01,Пашня,.,.,.,.,.,.,,,,.,.,.,.,.,.,.,,,,.,"Регионы России. Социально-экономические показатели. 2003: Стат. сб. / Госкомстат России. − М.,2003 http://www.gks.ru/bgd/regl/B03_14/IssWWW.exe/Stg/d010/i011750r.htm",.,349-350,Sidorenko,.,2002
86,Республика Башкортостан,2002_02,.,.,2002,.,4180100,гектар,.,7.01,Пашня,.,.,.,.,.,.,,,,.,.,.,.,.,.,.,,,,.,"Регионы России. Социально-экономические показатели. 2003: Стат. сб. / Госкомстат России. − М.,2003 http://www.gks.ru/bgd/regl/B03_14/IssWWW.exe/Stg/d010/i011750r.htm",.,349-350,Sidorenko,.,2002
85,Республика Башкортостан,2002_02,.,.,2002,.,7180500,гектар,.,7.01,Сельскохозяйственные угодья без пашни,.,.,.,.,.,.,,,,.,.,.,.,.,.,.,,,,.,"Регионы России. Социально-экономические показатели. 2003: Стат. сб. / Госкомстат России. − М.,2003 http://www.gks.ru/bgd/regl/B03_14/IssWWW.exe/Stg/d010/i011750r.htm",.,349-350,Sidorenko,.,2002
130,Республика Бурятия,2002_03,.,.,2002,.,710800,гектар,.,7.01,Пашня,.,.,.,.,.,.,,,,.,.,.,.,.,.,.,,,,.,"Регионы России. Социально-экономические показатели. 2003: Стат. сб. / Госкомстат России. − М.,2003 http://www.gks.ru/bgd/regl/B03_14/IssWWW.exe/Stg/d010/i011750r.htm",.,349-350,Sidorenko,.,2002
129,Республика Бурятия,2002_03,.,.,2002,.,2187800,гектар,.,7.01,Сельскохозяйственные угодья без пашни,.,.,.,.,.,.,,,,.,.,.,.,.,.,.,,,,.,"Регионы России. Социально-экономические показатели. 2003: Стат. сб. / Госкомстат России. − М.,2003 http://www.gks.ru/bgd/regl/B03_14/IssWWW.exe/Stg/d010/i011750r.htm",.,349-350,Sidorenko,.,2002
127,Республика Алтай,2002_04,.,.,2002,.,1255600,гектар,.,7.01,Сельскохозяйственные угодья без пашни,.,.,.,.,.,.,,,,.,.,.,.,.,.,.,,,,.,"Регионы России. Социально-экономические показатели. 2003: Стат. сб. / Госкомстат России. − М.,2003 http://www.gks.ru/bgd/regl/B03_14/IssWWW.exe/Stg/d010/i011750r.htm",.,349-350,Sidorenko,.,2002
128,Республика Алтай,2002_04,.,.,2002,.,141000,гектар,.,7.01,Пашня,.,.,.,.,.,.,,,,.,.,.,.,.,.,.,,,,.,"Регионы России. Социально-экономические показатели. 2003: Стат. сб. / Госкомстат России. − М.,2003 http://www.gks.ru/bgd/regl/B03_14/IssWWW.exe/Stg/d010/i011750r.htm",.,349-350,Sidorenko,.,2002
62,Республика Дагестан,2002_05,.,.,2002,.,500000,гектар,.,7.01,Пашня,.,.,.,.,.,.,,,,.,.,.,.,.,.,.,,,,.,"Регионы России. Социально-экономические показатели. 2003: Стат. сб. / Госкомстат России. − М.,2003 http://www.gks.ru/bgd/regl/B03_14/IssWWW.exe/Stg/d010/i011750r.htm",.,349-350,Sidorenko,.,2002
61,Республика Дагестан,2002_05,.,.,2002,.,3356000,гектар,.,7.01,Сельскохозяйственные угодья без пашни,.,.,.,.,.,.,,,,.,.,.,.,.,.,.,,,,.,"Регионы России. Социально-экономические показатели. 2003: Стат. сб. / Госкомстат России. − М.,2003 http://www.gks.ru/bgd/regl/B03_14/IssWWW.exe/Stg/d010/i011750r.htm",.,349-350,Sidorenko,.,2002
64,Республика Ингушетия,2002_06,.,.,2002,.,95000,гектар,.,7.01,Пашня,.,.,.,.,.,.,,,,.,.,.,.,.,.,.,,,,.,"Регионы России. Социально-экономические показатели. 2003: Стат. сб. / Госкомстат России. − М.,2003 http://www.gks.ru/bgd/regl/B03_14/IssWWW.exe/Stg/d010/i011750r.htm",.,349-350,Sidorenko,.,2002
63,Республика Ингушетия,2002_06,.,.,2002,.,166300,гектар,.,7.01,Сельскохозяйственные угодья без пашни,.,.,.,.,.,.,,,,.,.,.,.,.,.,.,,,,.,"Регионы России. Социально-экономические показатели. 2003: Стат. сб. / Госкомстат России. − М.,2003 http://www.gks.ru/bgd/regl/B03_14/IssWWW.exe/Stg/d010/i011750r.htm",.,349-350,Sidorenko,.,2002
66,Кабардино-Балкарская Республика,2002_07,.,.,2002,.,314900,гектар,.,7.01,Пашня,.,.,.,.,.,.,,,,.,.,.,.,.,.,.,,,,.,"Регионы России. Социально-экономические показатели. 2003: Стат. сб. / Госкомстат России. − М.,2003 http://www.gks.ru/bgd/regl/B03_14/IssWWW.exe/Stg/d010/i011750r.htm",.,349-350,Sidorenko,.,2002
65,Кабардино-Балкарская Республика,2002_07,.,.,2002,.,571400,гектар,.,7.01,Сельскохозяйственные угодья без пашни,.,.,.,.,.,.,,,,.,.,.,.,.,.,.,,,,.,"Регионы России. Социально-экономические показатели. 2003: Стат. сб. / Госкомстат России. − М.,2003 http://www.gks.ru/bgd/regl/B03_14/IssWWW.exe/Stg/d010/i011750r.htm",.,349-350,Sidorenko,.,2002
67,Республика Калмыкия,2002_08,.,.,2002,.,4155700,гектар,.,7.01,Сельскохозяйственные угодья без пашни,.,.,.,.,.,.,,,,.,.,.,.,.,.,.,,,,.,"Регионы России. Социально-экономические показатели. 2003: Стат. сб. / Госкомстат России. − М.,2003 http://www.gks.ru/bgd/regl/B03_14/IssWWW.exe/Stg/d010/i011750r.htm",.,349-350,Sidorenko,.,2002
68,Республика Калмыкия,2002_08,.,.,2002,.,679100,гектар,.,7.01,Пашня,.,.,.,.,.,.,,,,.,.,.,.,.,.,.,,,,.,"Регионы России. Социально-экономические показатели. 2003: Стат. сб. / Госкомстат России. − М.,2003 http://www.gks.ru/bgd/regl/B03_14/IssWWW.exe/Stg/d010/i011750r.htm",.,349-350,Sidorenko,.,2002
70,Карачаево-Черкесская Республика,2002_09,.,.,2002,.,154600,гектар,.,7.01,Пашня,.,.,.,.,.,.,,,,.,.,.,.,.,.,.,,,,.,"Регионы России. Социально-экономические показатели. 2003: Стат. сб. / Госкомстат России. − М.,2003 http://www.gks.ru/bgd/regl/B03_14/IssWWW.exe/Stg/d010/i011750r.htm",.,349-350,Sidorenko,.,2002
69,Карачаево-Черкесская Республика,2002_09,.,.,2002,.,581500,гектар,.,7.01,Сельскохозяйственные угодья без пашни,.,.,.,.,.,.,,,,.,.,.,.,.,.,.,,,,.,"Регионы России. Социально-экономические показатели. 2003: Стат. сб. / Госкомстат России. − М.,2003 http://www.gks.ru/bgd/regl/B03_14/IssWWW.exe/Stg/d010/i011750r.htm",.,349-350,Sidorenko,.,2002
38,Республика Карелия,2002_10,.,.,2002,.,65800,гектар,.,7.01,Пашня,.,.,.,.,.,.,,,,.,.,.,.,.,.,.,,,,.,"Регионы России. Социально-экономические показатели. 2003: Стат. сб. / Госкомстат России. − М.,2003 http://www.gks.ru/bgd/regl/B03_14/IssWWW.exe/Stg/d010/i011750r.htm",.,349-350,Sidorenko,.,2002
37,Республика Карелия,2002_10,.,.,2002,.,119300,гектар,.,7.01,Сельскохозяйственные угодья без пашни,.,.,.,.,.,.,,,,.,.,.,.,.,.,.,,,,.,"Регионы России. Социально-экономические показатели. 2003: Стат. сб. / Госкомстат России. − М.,2003 http://www.gks.ru/bgd/regl/B03_14/IssWWW.exe/Stg/d010/i011750r.htm",.,349-350,Sidorenko,.,2002
40,Республика Коми,2002_11,.,.,2002,.,84600,гектар,.,7.01,Пашня,.,.,.,.,.,.,,,,.,.,.,.,.,.,.,,,,.,"Регионы России. Социально-экономические показатели. 2003: Стат. сб. / Госкомстат России. − М.,2003 http://www.gks.ru/bgd/regl/B03_14/IssWWW.exe/Stg/d010/i011750r.htm",.,349-350,Sidorenko,.,2002
39,Республика Коми,2002_11,.,.,2002,.,265300,гектар,.,7.01,Сельскохозяйственные угодья без пашни,.,.,.,.,.,.,,,,.,.,.,.,.,.,.,,,,.,"Регионы России. Социально-экономические показатели. 2003: Стат. сб. / Госкомстат России. − М.,2003 http://www.gks.ru/bgd/regl/B03_14/IssWWW.exe/Stg/d010/i011750r.htm",.,349-350,Sidorenko,.,2002
87,Республика Марий Эл,2002_12,.,.,2002,.,758600,гектар,.,7.01,Сельскохозяйственные угодья без пашни,.,.,.,.,.,.,,,,.,.,.,.,.,.,.,,,,.,"Регионы России. Социально-экономические показатели. 2003: Стат. сб. / Госкомстат России. − М.,2003 http://www.gks.ru/bgd/regl/B03_14/IssWWW.exe/Stg/d010/i011750r.htm",.,349-350,Sidorenko,.,2002
88,Республика Марий Эл,2002_12,.,.,2002,.,591000,гектар,.,7.01,Пашня,.,.,.,.,.,.,,,,.,.,.,.,.,.,.,,,,.,"Регионы России. Социально-экономические показатели. 2003: Стат. сб. / Госкомстат России. − М.,2003 http://www.gks.ru/bgd/regl/B03_14/IssWWW.exe/Stg/d010/i011750r.htm",.,349-350,Sidorenko,.,2002
89,Республика Мордовия,2002_13,.,.,2002,.,1618800,гектар,.,7.01,Сельскохозяйственные угодья без пашни,.,.,.,.,.,.,,,,.,.,.,.,.,.,.,,,,.,"Регионы России. Социально-экономические показатели. 2003: Стат. сб. / Госкомстат России. − М.,2003 http://www.gks.ru/bgd/regl/B03_14/IssWWW.exe/Stg/d010/i011750r.htm",.,349-350,Sidorenko,.,2002
90,Республика Мордовия,2002_13,.,.,2002,.,1110700,гектар,.,7.01,Пашня,.,.,.,.,.,.,,,,.,.,.,.,.,.,.,,,,.,"Регионы России. Социально-экономические показатели. 2003: Стат. сб. / Госкомстат России. − М.,2003 http://www.gks.ru/bgd/regl/B03_14/IssWWW.exe/Stg/d010/i011750r.htm",.,349-350,Sidorenko,.,2002
160,Республика Саха (Якутия),2002_14,.,.,2002,.,99100,гектар,.,7.01,Пашня,.,.,.,.,.,.,,,,.,.,.,.,.,.,.,,,,.,"Регионы России. Социально-экономические показатели. 2003: Стат. сб. / Госкомстат России. − М.,2003 http://www.gks.ru/bgd/regl/B03_14/IssWWW.exe/Stg/d010/i011750r.htm",.,349-350,Sidorenko,.,2002
159,Республика Саха (Якутия),2002_14,.,.,2002,.,883700,гектар,.,7.01,Сельскохозяйственные угодья без пашни,.,.,.,.,.,.,,,,.,.,.,.,.,.,.,,,,.,"Регионы России. Социально-экономические показатели. 2003: Стат. сб. / Госкомстат России. − М.,2003 http://www.gks.ru/bgd/regl/B03_14/IssWWW.exe/Stg/d010/i011750r.htm",.,349-350,Sidorenko,.,2002
71,Республика Северная Осетия – Алания,2002_15,.,.,2002,.,341900,гектар,.,7.01,Сельскохозяйственные угодья без пашни,.,.,.,.,.,.,,,,.,.,.,.,.,.,.,,,,.,"Регионы России. Социально-экономические показатели. 2003: Стат. сб. / Госкомстат России. − М.,2003 http://www.gks.ru/bgd/regl/B03_14/IssWWW.exe/Stg/d010/i011750r.htm",.,349-350,Sidorenko,.,2002
72,Республика Северная Осетия – Алания,2002_15,.,.,2002,.,192400,гектар,.,7.01,Пашня,.,.,.,.,.,.,,,,.,.,.,.,.,.,.,,,,.,"Регионы России. Социально-экономические показатели. 2003: Стат. сб. / Госкомстат России. − М.,2003 http://www.gks.ru/bgd/regl/B03_14/IssWWW.exe/Stg/d010/i011750r.htm",.,349-350,Sidorenko,.,2002
91,Республика Татарстан,2002_16,.,.,2002,.,4510900,гектар,.,7.01,Сельскохозяйственные угодья без пашни,.,.,.,.,.,.,,,,.,.,.,.,.,.,.,,,,.,"Регионы России. Социально-экономические показатели. 2003: Стат. сб. / Госкомстат России. − М.,2003 http://www.gks.ru/bgd/regl/B03_14/IssWWW.exe/Stg/d010/i011750r.htm",.,349-350,Sidorenko,.,2002
92,Республика Татарстан,2002_16,.,.,2002,.,3474300,гектар,.,7.01,Пашня,.,.,.,.,.,.,,,,.,.,.,.,.,.,.,,,,.,"Регионы России. Социально-экономические показатели. 2003: Стат. сб. / Госкомстат России. − М.,2003 http://www.gks.ru/bgd/regl/B03_14/IssWWW.exe/Stg/d010/i011750r.htm",.,349-350,Sidorenko,.,2002
131,Республика Тыва,2002_17,.,.,2002,.,1956100,гектар,.,7.01,Сельскохозяйственные угодья без пашни,.,.,.,.,.,.,,,,.,.,.,.,.,.,.,,,,.,"Регионы России. Социально-экономические показатели. 2003: Стат. сб. / Госкомстат России. − М.,2003 http://www.gks.ru/bgd/regl/B03_14/IssWWW.exe/Stg/d010/i011750r.htm",.,349-350,Sidorenko,.,2002
132,Республика Тыва,2002_17,.,.,2002,.,117700,гектар,.,7.01,Пашня,.,.,.,.,.,.,,,,.,.,.,.,.,.,.,,,,.,"Регионы России. Социально-экономические показатели. 2003: Стат. сб. / Госкомстат России. − М.,2003 http://www.gks.ru/bgd/regl/B03_14/IssWWW.exe/Stg/d010/i011750r.htm",.,349-350,Sidorenko,.,2002
93,Удмуртская Республика,2002_18,.,.,2002,.,1767200,гектар,.,7.01,Сельскохозяйственные угодья без пашни,.,.,.,.,.,.,,,,.,.,.,.,.,.,.,,,,.,"Регионы России. Социально-экономические показатели. 2003: Стат. сб. / Госкомстат России. − М.,2003 http://www.gks.ru/bgd/regl/B03_14/IssWWW.exe/Stg/d010/i011750r.htm",.,349-350,Sidorenko,.,2002
94,Удмуртская Республика,2002_18,.,.,2002,.,1397300,гектар,.,7.01,Пашня,.,.,.,.,.,.,,,,.,.,.,.,.,.,.,,,,.,"Регионы России. Социально-экономические показатели. 2003: Стат. сб. / Госкомстат России. − М.,2003 http://www.gks.ru/bgd/regl/B03_14/IssWWW.exe/Stg/d010/i011750r.htm",.,349-350,Sidorenko,.,2002
134,Республика Хакасия,2002_19,.,.,2002,.,604200,гектар,.,7.01,Пашня,.,.,.,.,.,.,,,,.,.,.,.,.,.,.,,,,.,"Регионы России. Социально-экономические показатели. 2003: Стат. сб. / Госкомстат России. − М.,2003 http://www.gks.ru/bgd/regl/B03_14/IssWWW.exe/Stg/d010/i011750r.htm",.,349-350,Sidorenko,.,2002
133,Республика Хакасия,2002_19,.,.,2002,.,1560900,гектар,.,7.01,Сельскохозяйственные угодья без пашни,.,.,.,.,.,.,,,,.,.,.,.,.,.,.,,,,.,"Регионы России. Социально-экономические показатели. 2003: Стат. сб. / Госкомстат России. − М.,2003 http://www.gks.ru/bgd/regl/B03_14/IssWWW.exe/Stg/d010/i011750r.htm",.,349-350,Sidorenko,.,2002
74,Чеченская республика,2002_20,.,.,2002,.,.,гектар,.,7.01,Пашня,.,.,.,.,.,.,,,,.,.,.,.,.,.,.,,,,.,"Регионы России. Социально-экономические показатели. 2003: Стат. сб. / Госкомстат России. − М.,2003 http://www.gks.ru/bgd/regl/B03_14/IssWWW.exe/Stg/d010/i011750r.htm",.,349-350,Sidorenko,.,2002
73,Чеченская республика,2002_20,.,.,2002,.,.,гектар,.,7.01,Сельскохозяйственные угодья без пашни,.,.,.,.,.,.,,,,.,.,.,.,.,.,.,,,,.,"Регионы России. Социально-экономические показатели. 2003: Стат. сб. / Госкомстат России. − М.,2003 http://www.gks.ru/bgd/regl/B03_14/IssWWW.exe/Stg/d010/i011750r.htm",.,349-350,Sidorenko,.,2002
96,Чувашская Республика – Чувашия,2002_21,.,.,2002,.,803600,гектар,.,7.01,Пашня,.,.,.,.,.,.,,,,.,.,.,.,.,.,.,,,,.,"Регионы России. Социально-экономические показатели. 2003: Стат. сб. / Госкомстат России. − М.,2003 http://www.gks.ru/bgd/regl/B03_14/IssWWW.exe/Stg/d010/i011750r.htm",.,349-350,Sidorenko,.,2002
95,Чувашская Республика – Чувашия,2002_21,.,.,2002,.,980400,гектар,.,7.01,Сельскохозяйственные угодья без пашни,.,.,.,.,.,.,,,,.,.,.,.,.,.,.,,,,.,"Регионы России. Социально-экономические показатели. 2003: Стат. сб. / Госкомстат России. − М.,2003 http://www.gks.ru/bgd/regl/B03_14/IssWWW.exe/Stg/d010/i011750r.htm",.,349-350,Sidorenko,.,2002
136,Алтайский край,2002_22,.,.,2002,.,6615600,гектар,.,7.01,Пашня,.,.,.,.,.,.,,,,.,.,.,.,.,.,.,,,,.,"Регионы России. Социально-экономические показатели. 2003: Стат. сб. / Госкомстат России. − М.,2003 http://www.gks.ru/bgd/regl/B03_14/IssWWW.exe/Stg/d010/i011750r.htm",.,349-350,Sidorenko,.,2002
135,Алтайский край,2002_22,.,.,2002,.,10484400,гектар,.,7.01,Сельскохозяйственные угодья без пашни,.,.,.,.,.,.,,,,.,.,.,.,.,.,.,,,,.,"Регионы России. Социально-экономические показатели. 2003: Стат. сб. / Госкомстат России. − М.,2003 http://www.gks.ru/bgd/regl/B03_14/IssWWW.exe/Stg/d010/i011750r.htm",.,349-350,Sidorenko,.,2002
75,Краснодарский край,2002_23,.,.,2002,.,4464300,гектар,.,7.01,Сельскохозяйственные угодья без пашни,.,.,.,.,.,.,,,,.,.,.,.,.,.,.,,,,.,"Регионы России. Социально-экономические показатели. 2003: Стат. сб. / Госкомстат России. − М.,2003 http://www.gks.ru/bgd/regl/B03_14/IssWWW.exe/Stg/d010/i011750r.htm",.,349-350,Sidorenko,.,2002
76,Краснодарский край,2002_23,.,.,2002,.,3929400,гектар,.,7.01,Пашня,.,.,.,.,.,.,,,,.,.,.,.,.,.,.,,,,.,"Регионы России. Социально-экономические показатели. 2003: Стат. сб. / Госкомстат России. − М.,2003 http://www.gks.ru/bgd/regl/B03_14/IssWWW.exe/Stg/d010/i011750r.htm",.,349-350,Sidorenko,.,2002
137,Красноярский край,2002_24,.,.,2002,.,5076600,гектар,.,7.01,Сельскохозяйственные угодья без пашни,.,.,.,.,.,.,,,,.,.,.,.,.,.,.,,,,.,"Регионы России. Социально-экономические показатели. 2003: Стат. сб. / Госкомстат России. − М.,2003 http://www.gks.ru/bgd/regl/B03_14/IssWWW.exe/Stg/d010/i011750r.htm",.,349-350,Sidorenko,.,2002
138,Красноярский край,2002_24,.,.,2002,.,3076600,гектар,.,7.01,Пашня,.,.,.,.,.,.,,,,.,.,.,.,.,.,.,,,,.,"Регионы России. Социально-экономические показатели. 2003: Стат. сб. / Госкомстат России. − М.,2003 http://www.gks.ru/bgd/regl/B03_14/IssWWW.exe/Stg/d010/i011750r.htm",.,349-350,Sidorenko,.,2002
161,Приморский край,2002_25,.,.,2002,.,997400,гектар,.,7.01,Сельскохозяйственные угодья без пашни,.,.,.,.,.,.,,,,.,.,.,.,.,.,.,,,,.,"Регионы России. Социально-экономические показатели. 2003: Стат. сб. / Госкомстат России. − М.,2003 http://www.gks.ru/bgd/regl/B03_14/IssWWW.exe/Stg/d010/i011750r.htm",.,349-350,Sidorenko,.,2002
162,Приморский край,2002_25,.,.,2002,.,607200,гектар,.,7.01,Пашня,.,.,.,.,.,.,,,,.,.,.,.,.,.,.,,,,.,"Регионы России. Социально-экономические показатели. 2003: Стат. сб. / Госкомстат России. − М.,2003 http://www.gks.ru/bgd/regl/B03_14/IssWWW.exe/Stg/d010/i011750r.htm",.,349-350,Sidorenko,.,2002
78,Ставропольский край,2002_26,.,.,2002,.,3957500,гектар,.,7.01,Пашня,.,.,.,.,.,.,,,,.,.,.,.,.,.,.,,,,.,"Регионы России. Социально-экономические показатели. 2003: Стат. сб. / Госкомстат России. − М.,2003 http://www.gks.ru/bgd/regl/B03_14/IssWWW.exe/Stg/d010/i011750r.htm",.,349-350,Sidorenko,.,2002
77,Ставропольский край,2002_26,.,.,2002,.,5612500,гектар,.,7.01,Сельскохозяйственные угодья без пашни,.,.,.,.,.,.,,,,.,.,.,.,.,.,.,,,,.,"Регионы России. Социально-экономические показатели. 2003: Стат. сб. / Госкомстат России. − М.,2003 http://www.gks.ru/bgd/regl/B03_14/IssWWW.exe/Stg/d010/i011750r.htm",.,349-350,Sidorenko,.,2002
164,Хабаровский край,2002_27,.,.,2002,.,100200,гектар,.,7.01,Пашня,.,.,.,.,.,.,,,,.,.,.,.,.,.,.,,,,.,"Регионы России. Социально-экономические показатели. 2003: Стат. сб. / Госкомстат России. − М.,2003 http://www.gks.ru/bgd/regl/B03_14/IssWWW.exe/Stg/d010/i011750r.htm",.,349-350,Sidorenko,.,2002
163,Хабаровский край,2002_27,.,.,2002,.,274300,гектар,.,7.01,Сельскохозяйственные угодья без пашни,.,.,.,.,.,.,,,,.,.,.,.,.,.,.,,,,.,"Регионы России. Социально-экономические показатели. 2003: Стат. сб. / Госкомстат России. − М.,2003 http://www.gks.ru/bgd/regl/B03_14/IssWWW.exe/Stg/d010/i011750r.htm",.,349-350,Sidorenko,.,2002
165,Амурская область,2002_28,.,.,2002,.,1788200,гектар,.,7.01,Сельскохозяйственные угодья без пашни,.,.,.,.,.,.,,,,.,.,.,.,.,.,.,,,,.,"Регионы России. Социально-экономические показатели. 2003: Стат. сб. / Госкомстат России. − М.,2003 http://www.gks.ru/bgd/regl/B03_14/IssWWW.exe/Stg/d010/i011750r.htm",.,349-350,Sidorenko,.,2002
166,Амурская область,2002_28,.,.,2002,.,1186700,гектар,.,7.01,Пашня,.,.,.,.,.,.,,,,.,.,.,.,.,.,.,,,,.,"Регионы России. Социально-экономические показатели. 2003: Стат. сб. / Госкомстат России. − М.,2003 http://www.gks.ru/bgd/regl/B03_14/IssWWW.exe/Stg/d010/i011750r.htm",.,349-350,Sidorenko,.,2002
42,Архангельская область,2002_29,.,.,2002,.,258000,гектар,.,7.01,Пашня,.,.,.,.,.,.,,,,.,.,.,.,.,.,.,,,,.,"Регионы России. Социально-экономические показатели. 2003: Стат. сб. / Госкомстат России. − М.,2003 http://www.gks.ru/bgd/regl/B03_14/IssWWW.exe/Stg/d010/i011750r.htm",.,349-350,Sidorenko,.,2002
41,Архангельская область,2002_29,.,.,2002,.,556400,гектар,.,7.01,Сельскохозяйственные угодья без пашни,.,.,.,.,.,.,,,,.,.,.,.,.,.,.,,,,.,"Регионы России. Социально-экономические показатели. 2003: Стат. сб. / Госкомстат России. − М.,2003 http://www.gks.ru/bgd/regl/B03_14/IssWWW.exe/Stg/d010/i011750r.htm",.,349-350,Sidorenko,.,2002
80,Астраханская область,2002_30,.,.,2002,.,242400,гектар,.,7.01,Пашня,.,.,.,.,.,.,,,,.,.,.,.,.,.,.,,,,.,"Регионы России. Социально-экономические показатели. 2003: Стат. сб. / Госкомстат России. − М.,2003 http://www.gks.ru/bgd/regl/B03_14/IssWWW.exe/Stg/d010/i011750r.htm",.,349-350,Sidorenko,.,2002
79,Астраханская область,2002_30,.,.,2002,.,2290400,гектар,.,7.01,Сельскохозяйственные угодья без пашни,.,.,.,.,.,.,,,,.,.,.,.,.,.,.,,,,.,"Регионы России. Социально-экономические показатели. 2003: Стат. сб. / Госкомстат России. − М.,2003 http://www.gks.ru/bgd/regl/B03_14/IssWWW.exe/Stg/d010/i011750r.htm",.,349-350,Sidorenko,.,2002
1,Белгородская область,2002_31,.,.,2002,.,1947700,гектар,.,7.01,Сельскохозяйственные угодья без пашни,.,.,.,.,.,.,,,,.,.,.,.,.,.,.,,,,.,"Регионы России. Социально-экономические показатели. 2003: Стат. сб. / Госкомстат России. − М.,2003 http://www.gks.ru/bgd/regl/B03_14/IssWWW.exe/Stg/d010/i011750r.htm",.,349-350,Sidorenko,.,2002
2,Белгородская область,2002_31,.,.,2002,.,1612100,гектар,.,7.01,Пашня,.,.,.,.,.,.,,,,.,.,.,.,.,.,.,,,,.,"Регионы России. Социально-экономические показатели. 2003: Стат. сб. / Госкомстат России. − М.,2003 http://www.gks.ru/bgd/regl/B03_14/IssWWW.exe/Stg/d010/i011750r.htm",.,349-350,Sidorenko,.,2002
4,Брянская область,2002_32,.,.,2002,.,1090600,гектар,.,7.01,Пашня,.,.,.,.,.,.,,,,.,.,.,.,.,.,.,,,,.,"Регионы России. Социально-экономические показатели. 2003: Стат. сб. / Госкомстат России. − М.,2003 http://www.gks.ru/bgd/regl/B03_14/IssWWW.exe/Stg/d010/i011750r.htm",.,349-350,Sidorenko,.,2002
3,Брянская область,2002_32,.,.,2002,.,1752000,гектар,.,7.01,Сельскохозяйственные угодья без пашни,.,.,.,.,.,.,,,,.,.,.,.,.,.,.,,,,.,"Регионы России. Социально-экономические показатели. 2003: Стат. сб. / Госкомстат России. − М.,2003 http://www.gks.ru/bgd/regl/B03_14/IssWWW.exe/Stg/d010/i011750r.htm",.,349-350,Sidorenko,.,2002
6,Владимирская область,2002_33,.,.,2002,.,611200,гектар,.,7.01,Пашня,.,.,.,.,.,.,,,,.,.,.,.,.,.,.,,,,.,"Регионы России. Социально-экономические показатели. 2003: Стат. сб. / Госкомстат России. − М.,2003 http://www.gks.ru/bgd/regl/B03_14/IssWWW.exe/Stg/d010/i011750r.htm",.,349-350,Sidorenko,.,2002
5,Владимирская область,2002_33,.,.,2002,.,920200,гектар,.,7.01,Сельскохозяйственные угодья без пашни,.,.,.,.,.,.,,,,.,.,.,.,.,.,.,,,,.,"Регионы России. Социально-экономические показатели. 2003: Стат. сб. / Госкомстат России. − М.,2003 http://www.gks.ru/bgd/regl/B03_14/IssWWW.exe/Stg/d010/i011750r.htm",.,349-350,Sidorenko,.,2002
82,Волгоградская область,2002_34,.,.,2002,.,5671500,гектар,.,7.01,Пашня,.,.,.,.,.,.,,,,.,.,.,.,.,.,.,,,,.,"Регионы России. Социально-экономические показатели. 2003: Стат. сб. / Госкомстат России. − М.,2003 http://www.gks.ru/bgd/regl/B03_14/IssWWW.exe/Stg/d010/i011750r.htm",.,349-350,Sidorenko,.,2002
81,Волгоградская область,2002_34,.,.,2002,.,8299100,гектар,.,7.01,Сельскохозяйственные угодья без пашни,.,.,.,.,.,.,,,,.,.,.,.,.,.,.,,,,.,"Регионы России. Социально-экономические показатели. 2003: Стат. сб. / Госкомстат России. − М.,2003 http://www.gks.ru/bgd/regl/B03_14/IssWWW.exe/Stg/d010/i011750r.htm",.,349-350,Sidorenko,.,2002
46,Вологодская область,2002_35,.,.,2002,.,777900,гектар,.,7.01,Пашня,.,.,.,.,.,.,,,,.,.,.,.,.,.,.,,,,.,"Регионы России. Социально-экономические показатели. 2003: Стат. сб. / Госкомстат России. − М.,2003 http://www.gks.ru/bgd/regl/B03_14/IssWWW.exe/Stg/d010/i011750r.htm",.,349-350,Sidorenko,.,2002
45,Вологодская область,2002_35,.,.,2002,.,1173800,гектар,.,7.01,Сельскохозяйственные угодья без пашни,.,.,.,.,.,.,,,,.,.,.,.,.,.,.,,,,.,"Регионы России. Социально-экономические показатели. 2003: Стат. сб. / Госкомстат России. − М.,2003 http://www.gks.ru/bgd/regl/B03_14/IssWWW.exe/Stg/d010/i011750r.htm",.,349-350,Sidorenko,.,2002
8,Воронежская область,2002_36,.,.,2002,.,3037100,гектар,.,7.01,Пашня,.,.,.,.,.,.,,,,.,.,.,.,.,.,.,,,,.,"Регионы России. Социально-экономические показатели. 2003: Стат. сб. / Госкомстат России. − М.,2003 http://www.gks.ru/bgd/regl/B03_14/IssWWW.exe/Stg/d010/i011750r.htm",.,349-350,Sidorenko,.,2002
7,Воронежская область,2002_36,.,.,2002,.,4004400,гектар,.,7.01,Сельскохозяйственные угодья без пашни,.,.,.,.,.,.,,,,.,.,.,.,.,.,.,,,,.,"Регионы России. Социально-экономические показатели. 2003: Стат. сб. / Госкомстат России. − М.,2003 http://www.gks.ru/bgd/regl/B03_14/IssWWW.exe/Stg/d010/i011750r.htm",.,349-350,Sidorenko,.,2002
9,Ивановская область,2002_37,.,.,2002,.,760200,гектар,.,7.01,Сельскохозяйственные угодья без пашни,.,.,.,.,.,.,,,,.,.,.,.,.,.,.,,,,.,"Регионы России. Социально-экономические показатели. 2003: Стат. сб. / Госкомстат России. − М.,2003 http://www.gks.ru/bgd/regl/B03_14/IssWWW.exe/Stg/d010/i011750r.htm",.,349-350,Sidorenko,.,2002
10,Ивановская область,2002_37,.,.,2002,.,555700,гектар,.,7.01,Пашня,.,.,.,.,.,.,,,,.,.,.,.,.,.,.,,,,.,"Регионы России. Социально-экономические показатели. 2003: Стат. сб. / Госкомстат России. − М.,2003 http://www.gks.ru/bgd/regl/B03_14/IssWWW.exe/Stg/d010/i011750r.htm",.,349-350,Sidorenko,.,2002
143,Иркутская область,2002_38,.,.,2002,.,2422600,гектар,.,7.01,Сельскохозяйственные угодья без пашни,.,.,.,.,.,.,,,,.,.,.,.,.,.,.,,,,.,"Регионы России. Социально-экономические показатели. 2003: Стат. сб. / Госкомстат России. − М.,2003 http://www.gks.ru/bgd/regl/B03_14/IssWWW.exe/Stg/d010/i011750r.htm",.,349-350,Sidorenko,.,2002
144,Иркутская область,2002_38,.,.,2002,.,1656600,гектар,.,7.01,Пашня,.,.,.,.,.,.,,,,.,.,.,.,.,.,.,,,,.,"Регионы России. Социально-экономические показатели. 2003: Стат. сб. / Госкомстат России. − М.,2003 http://www.gks.ru/bgd/regl/B03_14/IssWWW.exe/Stg/d010/i011750r.htm",.,349-350,Sidorenko,.,2002
48,Калининградская область,2002_39,.,.,2002,.,358800,гектар,.,7.01,Пашня,.,.,.,.,.,.,,,,.,.,.,.,.,.,.,,,,.,"Регионы России. Социально-экономические показатели. 2003: Стат. сб. / Госкомстат России. − М.,2003 http://www.gks.ru/bgd/regl/B03_14/IssWWW.exe/Stg/d010/i011750r.htm",.,349-350,Sidorenko,.,2002
47,Калининградская область,2002_39,.,.,2002,.,656700,гектар,.,7.01,Сельскохозяйственные угодья без пашни,.,.,.,.,.,.,,,,.,.,.,.,.,.,.,,,,.,"Регионы России. Социально-экономические показатели. 2003: Стат. сб. / Госкомстат России. − М.,2003 http://www.gks.ru/bgd/regl/B03_14/IssWWW.exe/Stg/d010/i011750r.htm",.,349-350,Sidorenko,.,2002
11,Калужская область,2002_40,.,.,2002,.,1291400,гектар,.,7.01,Сельскохозяйственные угодья без пашни,.,.,.,.,.,.,,,,.,.,.,.,.,.,.,,,,.,"Регионы России. Социально-экономические показатели. 2003: Стат. сб. / Госкомстат России. − М.,2003 http://www.gks.ru/bgd/regl/B03_14/IssWWW.exe/Stg/d010/i011750r.htm",.,349-350,Sidorenko,.,2002
12,Калужская область,2002_40,.,.,2002,.,907500,гектар,.,7.01,Пашня,.,.,.,.,.,.,,,,.,.,.,.,.,.,.,,,,.,"Регионы России. Социально-экономические показатели. 2003: Стат. сб. / Госкомстат России. − М.,2003 http://www.gks.ru/bgd/regl/B03_14/IssWWW.exe/Stg/d010/i011750r.htm",.,349-350,Sidorenko,.,2002
168,Камчатская область,2002_41,.,.,2002,.,54400,гектар,.,7.01,Пашня,.,.,.,.,.,.,,,,.,.,.,.,.,.,.,,,,.,"Регионы России. Социально-экономические показатели. 2003: Стат. сб. / Госкомстат России. − М.,2003 http://www.gks.ru/bgd/regl/B03_14/IssWWW.exe/Stg/d010/i011750r.htm",.,349-350,Sidorenko,.,2002
167,Камчатская область,2002_41,.,.,2002,.,107100,гектар,.,7.01,Сельскохозяйственные угодья без пашни,.,.,.,.,.,.,,,,.,.,.,.,.,.,.,,,,.,"Регионы России. Социально-экономические показатели. 2003: Стат. сб. / Госкомстат России. − М.,2003 http://www.gks.ru/bgd/regl/B03_14/IssWWW.exe/Stg/d010/i011750r.htm",.,349-350,Sidorenko,.,2002
147,Кемеровская область,2002_42,.,.,2002,.,2406800,гектар,.,7.01,Сельскохозяйственные угодья без пашни,.,.,.,.,.,.,,,,.,.,.,.,.,.,.,,,,.,"Регионы России. Социально-экономические показатели. 2003: Стат. сб. / Госкомстат России. − М.,2003 http://www.gks.ru/bgd/regl/B03_14/IssWWW.exe/Stg/d010/i011750r.htm",.,349-350,Sidorenko,.,2002
148,Кемеровская область,2002_42,.,.,2002,.,1507000,гектар,.,7.01,Пашня,.,.,.,.,.,.,,,,.,.,.,.,.,.,.,,,,.,"Регионы России. Социально-экономические показатели. 2003: Стат. сб. / Госкомстат России. − М.,2003 http://www.gks.ru/bgd/regl/B03_14/IssWWW.exe/Stg/d010/i011750r.htm",.,349-350,Sidorenko,.,2002
98,Кировская область,2002_43,.,.,2002,.,2130600,гектар,.,7.01,Пашня,.,.,.,.,.,.,,,,.,.,.,.,.,.,.,,,,.,"Регионы России. Социально-экономические показатели. 2003: Стат. сб. / Госкомстат России. − М.,2003 http://www.gks.ru/bgd/regl/B03_14/IssWWW.exe/Stg/d010/i011750r.htm",.,349-350,Sidorenko,.,2002
97,Кировская область,2002_43,.,.,2002,.,2669400,гектар,.,7.01,Сельскохозяйственные угодья без пашни,.,.,.,.,.,.,,,,.,.,.,.,.,.,.,,,,.,"Регионы России. Социально-экономические показатели. 2003: Стат. сб. / Госкомстат России. − М.,2003 http://www.gks.ru/bgd/regl/B03_14/IssWWW.exe/Stg/d010/i011750r.htm",.,349-350,Sidorenko,.,2002
13,Костромская область,2002_44,.,.,2002,.,914100,гектар,.,7.01,Сельскохозяйственные угодья без пашни,.,.,.,.,.,.,,,,.,.,.,.,.,.,.,,,,.,"Регионы России. Социально-экономические показатели. 2003: Стат. сб. / Госкомстат России. − М.,2003 http://www.gks.ru/bgd/regl/B03_14/IssWWW.exe/Stg/d010/i011750r.htm",.,349-350,Sidorenko,.,2002
14,Костромская область,2002_44,.,.,2002,.,629900,гектар,.,7.01,Пашня,.,.,.,.,.,.,,,,.,.,.,.,.,.,.,,,,.,"Регионы России. Социально-экономические показатели. 2003: Стат. сб. / Госкомстат России. − М.,2003 http://www.gks.ru/bgd/regl/B03_14/IssWWW.exe/Stg/d010/i011750r.htm",.,349-350,Sidorenko,.,2002
116,Курганская область,2002_45,.,.,2002,.,2591100,гектар,.,7.01,Пашня,.,.,.,.,.,.,,,,.,.,.,.,.,.,.,,,,.,"Регионы России. Социально-экономические показатели. 2003: Стат. сб. / Госкомстат России. − М.,2003 http://www.gks.ru/bgd/regl/B03_14/IssWWW.exe/Stg/d010/i011750r.htm",.,349-350,Sidorenko,.,2002
115,Курганская область,2002_45,.,.,2002,.,3840800,гектар,.,7.01,Сельскохозяйственные угодья без пашни,.,.,.,.,.,.,,,,.,.,.,.,.,.,.,,,,.,"Регионы России. Социально-экономические показатели. 2003: Стат. сб. / Госкомстат России. − М.,2003 http://www.gks.ru/bgd/regl/B03_14/IssWWW.exe/Stg/d010/i011750r.htm",.,349-350,Sidorenko,.,2002
16,Курская область,2002_46,.,.,2002,.,1911600,гектар,.,7.01,Пашня,.,.,.,.,.,.,,,,.,.,.,.,.,.,.,,,,.,"Регионы России. Социально-экономические показатели. 2003: Стат. сб. / Госкомстат России. − М.,2003 http://www.gks.ru/bgd/regl/B03_14/IssWWW.exe/Stg/d010/i011750r.htm",.,349-350,Sidorenko,.,2002
15,Курская область,2002_46,.,.,2002,.,2390400,гектар,.,7.01,Сельскохозяйственные угодья без пашни,.,.,.,.,.,.,,,,.,.,.,.,.,.,.,,,,.,"Регионы России. Социально-экономические показатели. 2003: Стат. сб. / Госкомстат России. − М.,2003 http://www.gks.ru/bgd/regl/B03_14/IssWWW.exe/Stg/d010/i011750r.htm",.,349-350,Sidorenko,.,2002
50,Ленинградская область,2002_47,.,.,2002,.,418400,гектар,.,7.01,Пашня,.,.,.,.,.,.,,,,.,.,.,.,.,.,.,,,,.,"Регионы России. Социально-экономические показатели. 2003: Стат. сб. / Госкомстат России. − М.,2003 http://www.gks.ru/bgd/regl/B03_14/IssWWW.exe/Stg/d010/i011750r.htm",.,349-350,Sidorenko,.,2002
49,Ленинградская область,2002_47,.,.,2002,.,680200,гектар,.,7.01,Сельскохозяйственные угодья без пашни,.,.,.,.,.,.,,,,.,.,.,.,.,.,.,,,,.,"Регионы России. Социально-экономические показатели. 2003: Стат. сб. / Госкомстат России. − М.,2003 http://www.gks.ru/bgd/regl/B03_14/IssWWW.exe/Stg/d010/i011750r.htm",.,349-350,Sidorenko,.,2002
17,Липецкая область,2002_48,.,.,2002,.,1933400,гектар,.,7.01,Сельскохозяйственные угодья без пашни,.,.,.,.,.,.,,,,.,.,.,.,.,.,.,,,,.,"Регионы России. Социально-экономические показатели. 2003: Стат. сб. / Госкомстат России. − М.,2003 http://www.gks.ru/bgd/regl/B03_14/IssWWW.exe/Stg/d010/i011750r.htm",.,349-350,Sidorenko,.,2002
18,Липецкая область,2002_48,.,.,2002,.,1548500,гектар,.,7.01,Пашня,.,.,.,.,.,.,,,,.,.,.,.,.,.,.,,,,.,"Регионы России. Социально-экономические показатели. 2003: Стат. сб. / Госкомстат России. − М.,2003 http://www.gks.ru/bgd/regl/B03_14/IssWWW.exe/Stg/d010/i011750r.htm",.,349-350,Sidorenko,.,2002
171,Магаданская область,2002_49,.,.,2002,.,63000,гектар,.,7.01,Сельскохозяйственные угодья без пашни,.,.,.,.,.,.,,,,.,.,.,.,.,.,.,,,,.,"Регионы России. Социально-экономические показатели. 2003: Стат. сб. / Госкомстат России. − М.,2003 http://www.gks.ru/bgd/regl/B03_14/IssWWW.exe/Stg/d010/i011750r.htm",.,349-350,Sidorenko,.,2002
172,Магаданская область,2002_49,.,.,2002,.,17200,гектар,.,7.01,Пашня,.,.,.,.,.,.,,,,.,.,.,.,.,.,.,,,,.,"Регионы России. Социально-экономические показатели. 2003: Стат. сб. / Госкомстат России. − М.,2003 http://www.gks.ru/bgd/regl/B03_14/IssWWW.exe/Stg/d010/i011750r.htm",.,349-350,Sidorenko,.,2002
19,Московская область,2002_50,.,.,2002,.,1582800,гектар,.,7.01,Сельскохозяйственные угодья без пашни,.,.,.,.,.,.,,,,.,.,.,.,.,.,.,,,,.,"Регионы России. Социально-экономические показатели. 2003: Стат. сб. / Госкомстат России. − М.,2003 http://www.gks.ru/bgd/regl/B03_14/IssWWW.exe/Stg/d010/i011750r.htm",.,349-350,Sidorenko,.,2002
20,Московская область,2002_50,.,.,2002,.,1175000,гектар,.,7.01,Пашня,.,.,.,.,.,.,,,,.,.,.,.,.,.,.,,,,.,"Регионы России. Социально-экономические показатели. 2003: Стат. сб. / Госкомстат России. − М.,2003 http://www.gks.ru/bgd/regl/B03_14/IssWWW.exe/Stg/d010/i011750r.htm",.,349-350,Sidorenko,.,2002
51,Мурманская область,2002_51,.,.,2002,.,22900,гектар,.,7.01,Сельскохозяйственные угодья без пашни,.,.,.,.,.,.,,,,.,.,.,.,.,.,.,,,,.,"Регионы России. Социально-экономические показатели. 2003: Стат. сб. / Госкомстат России. − М.,2003 http://www.gks.ru/bgd/regl/B03_14/IssWWW.exe/Stg/d010/i011750r.htm",.,349-350,Sidorenko,.,2002
52,Мурманская область,2002_51,.,.,2002,.,17700,гектар,.,7.01,Пашня,.,.,.,.,.,.,,,,.,.,.,.,.,.,.,,,,.,"Регионы России. Социально-экономические показатели. 2003: Стат. сб. / Госкомстат России. − М.,2003 http://www.gks.ru/bgd/regl/B03_14/IssWWW.exe/Stg/d010/i011750r.htm",.,349-350,Sidorenko,.,2002
100,Нижегородская область,2002_52,.,.,2002,.,2067200,гектар,.,7.01,Пашня,.,.,.,.,.,.,,,,.,.,.,.,.,.,.,,,,.,"Регионы России. Социально-экономические показатели. 2003: Стат. сб. / Госкомстат России. − М.,2003 http://www.gks.ru/bgd/regl/B03_14/IssWWW.exe/Stg/d010/i011750r.htm",.,349-350,Sidorenko,.,2002
99,Нижегородская область,2002_52,.,.,2002,.,2913700,гектар,.,7.01,Сельскохозяйственные угодья без пашни,.,.,.,.,.,.,,,,.,.,.,.,.,.,.,,,,.,"Регионы России. Социально-экономические показатели. 2003: Стат. сб. / Госкомстат России. − М.,2003 http://www.gks.ru/bgd/regl/B03_14/IssWWW.exe/Stg/d010/i011750r.htm",.,349-350,Sidorenko,.,2002
53,Новгородская область,2002_53,.,.,2002,.,650700,гектар,.,7.01,Сельскохозяйственные угодья без пашни,.,.,.,.,.,.,,,,.,.,.,.,.,.,.,,,,.,"Регионы России. Социально-экономические показатели. 2003: Стат. сб. / Госкомстат России. − М.,2003 http://www.gks.ru/bgd/regl/B03_14/IssWWW.exe/Stg/d010/i011750r.htm",.,349-350,Sidorenko,.,2002
54,Новгородская область,2002_53,.,.,2002,.,445700,гектар,.,7.01,Пашня,.,.,.,.,.,.,,,,.,.,.,.,.,.,.,,,,.,"Регионы России. Социально-экономические показатели. 2003: Стат. сб. / Госкомстат России. − М.,2003 http://www.gks.ru/bgd/regl/B03_14/IssWWW.exe/Stg/d010/i011750r.htm",.,349-350,Sidorenko,.,2002
150,Новосибирская область,2002_54,.,.,2002,.,3642300,гектар,.,7.01,Пашня,.,.,.,.,.,.,,,,.,.,.,.,.,.,.,,,,.,"Регионы России. Социально-экономические показатели. 2003: Стат. сб. / Госкомстат России. − М.,2003 http://www.gks.ru/bgd/regl/B03_14/IssWWW.exe/Stg/d010/i011750r.htm",.,349-350,Sidorenko,.,2002
149,Новосибирская область,2002_54,.,.,2002,.,7706800,гектар,.,7.01,Сельскохозяйственные угодья без пашни,.,.,.,.,.,.,,,,.,.,.,.,.,.,.,,,,.,"Регионы России. Социально-экономические показатели. 2003: Стат. сб. / Госкомстат России. − М.,2003 http://www.gks.ru/bgd/regl/B03_14/IssWWW.exe/Stg/d010/i011750r.htm",.,349-350,Sidorenko,.,2002
152,Омская область,2002_55,.,.,2002,.,4047600,гектар,.,7.01,Пашня,.,.,.,.,.,.,,,,.,.,.,.,.,.,.,,,,.,"Регионы России. Социально-экономические показатели. 2003: Стат. сб. / Госкомстат России. − М.,2003 http://www.gks.ru/bgd/regl/B03_14/IssWWW.exe/Stg/d010/i011750r.htm",.,349-350,Sidorenko,.,2002
151,Омская область,2002_55,.,.,2002,.,6202100,гектар,.,7.01,Сельскохозяйственные угодья без пашни,.,.,.,.,.,.,,,,.,.,.,.,.,.,.,,,,.,"Регионы России. Социально-экономические показатели. 2003: Стат. сб. / Госкомстат России. − М.,2003 http://www.gks.ru/bgd/regl/B03_14/IssWWW.exe/Stg/d010/i011750r.htm",.,349-350,Sidorenko,.,2002
102,Оренбургская область,2002_56,.,.,2002,.,6102200,гектар,.,7.01,Пашня,.,.,.,.,.,.,,,,.,.,.,.,.,.,.,,,,.,"Регионы России. Социально-экономические показатели. 2003: Стат. сб. / Госкомстат России. − М.,2003 http://www.gks.ru/bgd/regl/B03_14/IssWWW.exe/Stg/d010/i011750r.htm",.,349-350,Sidorenko,.,2002
101,Оренбургская область,2002_56,.,.,2002,.,10653900,гектар,.,7.01,Сельскохозяйственные угодья без пашни,.,.,.,.,.,.,,,,.,.,.,.,.,.,.,,,,.,"Регионы России. Социально-экономические показатели. 2003: Стат. сб. / Госкомстат России. − М.,2003 http://www.gks.ru/bgd/regl/B03_14/IssWWW.exe/Stg/d010/i011750r.htm",.,349-350,Sidorenko,.,2002
21,Орловская область,2002_57,.,.,2002,.,2034600,гектар,.,7.01,Сельскохозяйственные угодья без пашни,.,.,.,.,.,.,,,,.,.,.,.,.,.,.,,,,.,"Регионы России. Социально-экономические показатели. 2003: Стат. сб. / Госкомстат России. − М.,2003 http://www.gks.ru/bgd/regl/B03_14/IssWWW.exe/Stg/d010/i011750r.htm",.,349-350,Sidorenko,.,2002
22,Орловская область,2002_57,.,.,2002,.,1577100,гектар,.,7.01,Пашня,.,.,.,.,.,.,,,,.,.,.,.,.,.,.,,,,.,"Регионы России. Социально-экономические показатели. 2003: Стат. сб. / Госкомстат России. − М.,2003 http://www.gks.ru/bgd/regl/B03_14/IssWWW.exe/Stg/d010/i011750r.htm",.,349-350,Sidorenko,.,2002
103,Пензенская область,2002_58,.,.,2002,.,2947700,гектар,.,7.01,Сельскохозяйственные угодья без пашни,.,.,.,.,.,.,,,,.,.,.,.,.,.,.,,,,.,"Регионы России. Социально-экономические показатели. 2003: Стат. сб. / Госкомстат России. − М.,2003 http://www.gks.ru/bgd/regl/B03_14/IssWWW.exe/Stg/d010/i011750r.htm",.,349-350,Sidorenko,.,2002
104,Пензенская область,2002_58,.,.,2002,.,2179700,гектар,.,7.01,Пашня,.,.,.,.,.,.,,,,.,.,.,.,.,.,.,,,,.,"Регионы России. Социально-экономические показатели. 2003: Стат. сб. / Госкомстат России. − М.,2003 http://www.gks.ru/bgd/regl/B03_14/IssWWW.exe/Stg/d010/i011750r.htm",.,349-350,Sidorenko,.,2002
105,Пермская область,2002_59,.,.,2002,.,2374800,гектар,.,7.01,Сельскохозяйственные угодья без пашни,.,.,.,.,.,.,,,,.,.,.,.,.,.,.,,,,.,"Регионы России. Социально-экономические показатели. 2003: Стат. сб. / Госкомстат России. − М.,2003 http://www.gks.ru/bgd/regl/B03_14/IssWWW.exe/Stg/d010/i011750r.htm",.,349-350,Sidorenko,.,2002
106,Пермская область,2002_59,.,.,2002,.,1809100,гектар,.,7.01,Пашня,.,.,.,.,.,.,,,,.,.,.,.,.,.,.,,,,.,"Регионы России. Социально-экономические показатели. 2003: Стат. сб. / Госкомстат России. − М.,2003 http://www.gks.ru/bgd/regl/B03_14/IssWWW.exe/Stg/d010/i011750r.htm",.,349-350,Sidorenko,.,2002
55,Псковская область,2002_60,.,.,2002,.,1289600,гектар,.,7.01,Сельскохозяйственные угодья без пашни,.,.,.,.,.,.,,,,.,.,.,.,.,.,.,,,,.,"Регионы России. Социально-экономические показатели. 2003: Стат. сб. / Госкомстат России. − М.,2003 http://www.gks.ru/bgd/regl/B03_14/IssWWW.exe/Stg/d010/i011750r.htm",.,349-350,Sidorenko,.,2002
56,Псковская область,2002_60,.,.,2002,.,705100,гектар,.,7.01,Пашня,.,.,.,.,.,.,,,,.,.,.,.,.,.,.,,,,.,"Регионы России. Социально-экономические показатели. 2003: Стат. сб. / Госкомстат России. − М.,2003 http://www.gks.ru/bgd/regl/B03_14/IssWWW.exe/Stg/d010/i011750r.htm",.,349-350,Sidorenko,.,2002
83,Ростовская область,2002_61,.,.,2002,.,8256500,гектар,.,7.01,Сельскохозяйственные угодья без пашни,.,.,.,.,.,.,,,,.,.,.,.,.,.,.,,,,.,"Регионы России. Социально-экономические показатели. 2003: Стат. сб. / Госкомстат России. − М.,2003 http://www.gks.ru/bgd/regl/B03_14/IssWWW.exe/Stg/d010/i011750r.htm",.,349-350,Sidorenko,.,2002
84,Ростовская область,2002_61,.,.,2002,.,5668300,гектар,.,7.01,Пашня,.,.,.,.,.,.,,,,.,.,.,.,.,.,.,,,,.,"Регионы России. Социально-экономические показатели. 2003: Стат. сб. / Госкомстат России. − М.,2003 http://www.gks.ru/bgd/regl/B03_14/IssWWW.exe/Stg/d010/i011750r.htm",.,349-350,Sidorenko,.,2002
24,Рязанская область,2002_62,.,.,2002,.,1528300,гектар,.,7.01,Пашня,.,.,.,.,.,.,,,,.,.,.,.,.,.,.,,,,.,"Регионы России. Социально-экономические показатели. 2003: Стат. сб. / Госкомстат России. − М.,2003 http://www.gks.ru/bgd/regl/B03_14/IssWWW.exe/Stg/d010/i011750r.htm",.,349-350,Sidorenko,.,2002
23,Рязанская область,2002_62,.,.,2002,.,2379400,гектар,.,7.01,Сельскохозяйственные угодья без пашни,.,.,.,.,.,.,,,,.,.,.,.,.,.,.,,,,.,"Регионы России. Социально-экономические показатели. 2003: Стат. сб. / Госкомстат России. − М.,2003 http://www.gks.ru/bgd/regl/B03_14/IssWWW.exe/Stg/d010/i011750r.htm",.,349-350,Sidorenko,.,2002
109,Самарская область,2002_63,.,.,2002,.,3847900,гектар,.,7.01,Сельскохозяйственные угодья без пашни,.,.,.,.,.,.,,,,.,.,.,.,.,.,.,,,,.,"Регионы России. Социально-экономические показатели. 2003: Стат. сб. / Госкомстат России. − М.,2003 http://www.gks.ru/bgd/regl/B03_14/IssWWW.exe/Stg/d010/i011750r.htm",.,349-350,Sidorenko,.,2002
110,Самарская область,2002_63,.,.,2002,.,3004900,гектар,.,7.01,Пашня,.,.,.,.,.,.,,,,.,.,.,.,.,.,.,,,,.,"Регионы России. Социально-экономические показатели. 2003: Стат. сб. / Госкомстат России. − М.,2003 http://www.gks.ru/bgd/regl/B03_14/IssWWW.exe/Stg/d010/i011750r.htm",.,349-350,Sidorenko,.,2002
111,Саратовская область,2002_64,.,.,2002,.,8202100,гектар,.,7.01,Сельскохозяйственные угодья без пашни,.,.,.,.,.,.,,,,.,.,.,.,.,.,.,,,,.,"Регионы России. Социально-экономические показатели. 2003: Стат. сб. / Госкомстат России. − М.,2003 http://www.gks.ru/bgd/regl/B03_14/IssWWW.exe/Stg/d010/i011750r.htm",.,349-350,Sidorenko,.,2002
112,Саратовская область,2002_64,.,.,2002,.,5760600,гектар,.,7.01,Пашня,.,.,.,.,.,.,,,,.,.,.,.,.,.,.,,,,.,"Регионы России. Социально-экономические показатели. 2003: Стат. сб. / Госкомстат России. − М.,2003 http://www.gks.ru/bgd/regl/B03_14/IssWWW.exe/Stg/d010/i011750r.htm",.,349-350,Sidorenko,.,2002
173,Сахалинская область,2002_65,.,.,2002,.,92500,гектар,.,7.01,Сельскохозяйственные угодья без пашни,.,.,.,.,.,.,,,,.,.,.,.,.,.,.,,,,.,"Регионы России. Социально-экономические показатели. 2003: Стат. сб. / Госкомстат России. − М.,2003 http://www.gks.ru/bgd/regl/B03_14/IssWWW.exe/Stg/d010/i011750r.htm",.,349-350,Sidorenko,.,2002
174,Сахалинская область,2002_65,.,.,2002,.,43600,гектар,.,7.01,Пашня,.,.,.,.,.,.,,,,.,.,.,.,.,.,.,,,,.,"Регионы России. Социально-экономические показатели. 2003: Стат. сб. / Госкомстат России. − М.,2003 http://www.gks.ru/bgd/regl/B03_14/IssWWW.exe/Stg/d010/i011750r.htm",.,349-350,Sidorenko,.,2002
117,Свердловская область,2002_66,.,.,2002,.,2172700,гектар,.,7.01,Сельскохозяйственные угодья без пашни,.,.,.,.,.,.,,,,.,.,.,.,.,.,.,,,,.,"Регионы России. Социально-экономические показатели. 2003: Стат. сб. / Госкомстат России. − М.,2003 http://www.gks.ru/bgd/regl/B03_14/IssWWW.exe/Stg/d010/i011750r.htm",.,349-350,Sidorenko,.,2002
118,Свердловская область,2002_66,.,.,2002,.,1505000,гектар,.,7.01,Пашня,.,.,.,.,.,.,,,,.,.,.,.,.,.,.,,,,.,"Регионы России. Социально-экономические показатели. 2003: Стат. сб. / Госкомстат России. − М.,2003 http://www.gks.ru/bgd/regl/B03_14/IssWWW.exe/Stg/d010/i011750r.htm",.,349-350,Sidorenko,.,2002
26,Смоленская область,2002_67,.,.,2002,.,1294900,гектар,.,7.01,Пашня,.,.,.,.,.,.,,,,.,.,.,.,.,.,.,,,,.,"Регионы России. Социально-экономические показатели. 2003: Стат. сб. / Госкомстат России. − М.,2003 http://www.gks.ru/bgd/regl/B03_14/IssWWW.exe/Stg/d010/i011750r.htm",.,349-350,Sidorenko,.,2002
25,Смоленская область,2002_67,.,.,2002,.,1798000,гектар,.,7.01,Сельскохозяйственные угодья без пашни,.,.,.,.,.,.,,,,.,.,.,.,.,.,.,,,,.,"Регионы России. Социально-экономические показатели. 2003: Стат. сб. / Госкомстат России. − М.,2003 http://www.gks.ru/bgd/regl/B03_14/IssWWW.exe/Stg/d010/i011750r.htm",.,349-350,Sidorenko,.,2002
27,Тамбовская область,2002_68,.,.,2002,.,2666100,гектар,.,7.01,Сельскохозяйственные угодья без пашни,.,.,.,.,.,.,,,,.,.,.,.,.,.,.,,,,.,"Регионы России. Социально-экономические показатели. 2003: Стат. сб. / Госкомстат России. − М.,2003 http://www.gks.ru/bgd/regl/B03_14/IssWWW.exe/Stg/d010/i011750r.htm",.,349-350,Sidorenko,.,2002
28,Тамбовская область,2002_68,.,.,2002,.,2068100,гектар,.,7.01,Пашня,.,.,.,.,.,.,,,,.,.,.,.,.,.,.,,,,.,"Регионы России. Социально-экономические показатели. 2003: Стат. сб. / Госкомстат России. − М.,2003 http://www.gks.ru/bgd/regl/B03_14/IssWWW.exe/Stg/d010/i011750r.htm",.,349-350,Sidorenko,.,2002
29,Тверская область,2002_69,.,.,2002,.,2158800,гектар,.,7.01,Сельскохозяйственные угодья без пашни,.,.,.,.,.,.,,,,.,.,.,.,.,.,.,,,,.,"Регионы России. Социально-экономические показатели. 2003: Стат. сб. / Госкомстат России. − М.,2003 http://www.gks.ru/bgd/regl/B03_14/IssWWW.exe/Stg/d010/i011750r.htm",.,349-350,Sidorenko,.,2002
30,Тверская область,2002_69,.,.,2002,.,1421900,гектар,.,7.01,Пашня,.,.,.,.,.,.,,,,.,.,.,.,.,.,.,,,,.,"Регионы России. Социально-экономические показатели. 2003: Стат. сб. / Госкомстат России. − М.,2003 http://www.gks.ru/bgd/regl/B03_14/IssWWW.exe/Stg/d010/i011750r.htm",.,349-350,Sidorenko,.,2002
153,Томская область,2002_70,.,.,2002,.,1163700,гектар,.,7.01,Сельскохозяйственные угодья без пашни,.,.,.,.,.,.,,,,.,.,.,.,.,.,.,,,,.,"Регионы России. Социально-экономические показатели. 2003: Стат. сб. / Госкомстат России. − М.,2003 http://www.gks.ru/bgd/regl/B03_14/IssWWW.exe/Stg/d010/i011750r.htm",.,349-350,Sidorenko,.,2002
154,Томская область,2002_70,.,.,2002,.,644500,гектар,.,7.01,Пашня,.,.,.,.,.,.,,,,.,.,.,.,.,.,.,,,,.,"Регионы России. Социально-экономические показатели. 2003: Стат. сб. / Госкомстат России. − М.,2003 http://www.gks.ru/bgd/regl/B03_14/IssWWW.exe/Stg/d010/i011750r.htm",.,349-350,Sidorenko,.,2002
32,Тульская область,2002_71,.,.,2002,.,1461100,гектар,.,7.01,Пашня,.,.,.,.,.,.,,,,.,.,.,.,.,.,.,,,,.,"Регионы России. Социально-экономические показатели. 2003: Стат. сб. / Госкомстат России. − М.,2003 http://www.gks.ru/bgd/regl/B03_14/IssWWW.exe/Stg/d010/i011750r.htm",.,349-350,Sidorenko,.,2002
31,Тульская область,2002_71,.,.,2002,.,1736000,гектар,.,7.01,Сельскохозяйственные угодья без пашни,.,.,.,.,.,.,,,,.,.,.,.,.,.,.,,,,.,"Регионы России. Социально-экономические показатели. 2003: Стат. сб. / Госкомстат России. − М.,2003 http://www.gks.ru/bgd/regl/B03_14/IssWWW.exe/Stg/d010/i011750r.htm",.,349-350,Sidorenko,.,2002
120,Тюменская область,2002_72,.,.,2002,.,1468600,гектар,.,7.01,Пашня,.,.,.,.,.,.,,,,.,.,.,.,.,.,.,,,,.,"Регионы России. Социально-экономические показатели. 2003: Стат. сб. / Госкомстат России. − М.,2003 http://www.gks.ru/bgd/regl/B03_14/IssWWW.exe/Stg/d010/i011750r.htm",.,349-350,Sidorenko,.,2002
119,Тюменская область,2002_72,.,.,2002,.,3206600,гектар,.,7.01,Сельскохозяйственные угодья без пашни,.,.,.,.,.,.,,,,.,.,.,.,.,.,.,,,,.,"Регионы России. Социально-экономические показатели. 2003: Стат. сб. / Госкомстат России. − М.,2003 http://www.gks.ru/bgd/regl/B03_14/IssWWW.exe/Stg/d010/i011750r.htm",.,349-350,Sidorenko,.,2002
113,Ульяновская область,2002_73,.,.,2002,.,2099100,гектар,.,7.01,Сельскохозяйственные угодья без пашни,.,.,.,.,.,.,,,,.,.,.,.,.,.,.,,,,.,"Регионы России. Социально-экономические показатели. 2003: Стат. сб. / Госкомстат России. − М.,2003 http://www.gks.ru/bgd/regl/B03_14/IssWWW.exe/Stg/d010/i011750r.htm",.,349-350,Sidorenko,.,2002
114,Ульяновская область,2002_73,.,.,2002,.,1688200,гектар,.,7.01,Пашня,.,.,.,.,.,.,,,,.,.,.,.,.,.,.,,,,.,"Регионы России. Социально-экономические показатели. 2003: Стат. сб. / Госкомстат России. − М.,2003 http://www.gks.ru/bgd/regl/B03_14/IssWWW.exe/Stg/d010/i011750r.htm",.,349-350,Sidorenko,.,2002
125,Челябинская область,2002_74,.,.,2002,.,4756700,гектар,.,7.01,Сельскохозяйственные угодья без пашни,.,.,.,.,.,.,,,,.,.,.,.,.,.,.,,,,.,"Регионы России. Социально-экономические показатели. 2003: Стат. сб. / Госкомстат России. − М.,2003 http://www.gks.ru/bgd/regl/B03_14/IssWWW.exe/Stg/d010/i011750r.htm",.,349-350,Sidorenko,.,2002
126,Челябинская область,2002_74,.,.,2002,.,2968500,гектар,.,7.01,Пашня,.,.,.,.,.,.,,,,.,.,.,.,.,.,.,,,,.,"Регионы России. Социально-экономические показатели. 2003: Стат. сб. / Госкомстат России. − М.,2003 http://www.gks.ru/bgd/regl/B03_14/IssWWW.exe/Stg/d010/i011750r.htm",.,349-350,Sidorenko,.,2002
155,Читинская область,2002_75,.,.,2002,.,6186400,гектар,.,7.01,Сельскохозяйственные угодья без пашни,.,.,.,.,.,.,,,,.,.,.,.,.,.,.,,,,.,"Регионы России. Социально-экономические показатели. 2003: Стат. сб. / Госкомстат России. − М.,2003 http://www.gks.ru/bgd/regl/B03_14/IssWWW.exe/Stg/d010/i011750r.htm",.,349-350,Sidorenko,.,2002
156,Читинская область,2002_75,.,.,2002,.,679700,гектар,.,7.01,Пашня,.,.,.,.,.,.,,,,.,.,.,.,.,.,.,,,,.,"Регионы России. Социально-экономические показатели. 2003: Стат. сб. / Госкомстат России. − М.,2003 http://www.gks.ru/bgd/regl/B03_14/IssWWW.exe/Stg/d010/i011750r.htm",.,349-350,Sidorenko,.,2002
33,Ярославская область,2002_76,.,.,2002,.,1018800,гектар,.,7.01,Сельскохозяйственные угодья без пашни,.,.,.,.,.,.,,,,.,.,.,.,.,.,.,,,,.,"Регионы России. Социально-экономические показатели. 2003: Стат. сб. / Госкомстат России. − М.,2003 http://www.gks.ru/bgd/regl/B03_14/IssWWW.exe/Stg/d010/i011750r.htm",.,349-350,Sidorenko,.,2002
34,Ярославская область,2002_76,.,.,2002,.,743700,гектар,.,7.01,Пашня,.,.,.,.,.,.,,,,.,.,.,.,.,.,.,,,,.,"Регионы России. Социально-экономические показатели. 2003: Стат. сб. / Госкомстат России. − М.,2003 http://www.gks.ru/bgd/regl/B03_14/IssWWW.exe/Stg/d010/i011750r.htm",.,349-350,Sidorenko,.,2002
35,г. Москва,2002_77,.,.,2002,.,0,гектар,.,7.01,Сельскохозяйственные угодья без пашни,.,.,.,.,.,.,,,,.,.,.,.,.,.,.,,,,.,"Регионы России. Социально-экономические показатели. 2003: Стат. сб. / Госкомстат России. − М.,2003 http://www.gks.ru/bgd/regl/B03_14/IssWWW.exe/Stg/d010/i011750r.htm",.,349-350,Sidorenko,.,2002
36,г. Москва,2002_77,.,.,2002,.,0,гектар,.,7.01,Пашня,.,.,.,.,.,.,,,,.,.,.,.,.,.,.,,,,.,"Регионы России. Социально-экономические показатели. 2003: Стат. сб. / Госкомстат России. − М.,2003 http://www.gks.ru/bgd/regl/B03_14/IssWWW.exe/Stg/d010/i011750r.htm",.,349-350,Sidorenko,.,2002
58,г. Санкт-Петербург,2002_78,.,.,2002,.,0,гектар,.,7.01,Пашня,.,.,.,.,.,.,,,,.,.,.,.,.,.,.,,,,.,"Регионы России. Социально-экономические показатели. 2003: Стат. сб. / Госкомстат России. − М.,2003 http://www.gks.ru/bgd/regl/B03_14/IssWWW.exe/Stg/d010/i011750r.htm",.,349-350,Sidorenko,.,2002
57,г. Санкт-Петербург,2002_78,.,.,2002,.,0,гектар,.,7.01,Сельскохозяйственные угодья без пашни,.,.,.,.,.,.,,,,.,.,.,.,.,.,.,,,,.,"Регионы России. Социально-экономические показатели. 2003: Стат. сб. / Госкомстат России. − М.,2003 http://www.gks.ru/bgd/regl/B03_14/IssWWW.exe/Stg/d010/i011750r.htm",.,349-350,Sidorenko,.,2002
175,Еврейская автономная область,2002_79,.,.,2002,.,168200,гектар,.,7.01,Сельскохозяйственные угодья без пашни,.,.,.,.,.,.,,,,.,.,.,.,.,.,.,,,,.,"Регионы России. Социально-экономические показатели. 2003: Стат. сб. / Госкомстат России. − М.,2003 http://www.gks.ru/bgd/regl/B03_14/IssWWW.exe/Stg/d010/i011750r.htm",.,349-350,Sidorenko,.,2002
176,Еврейская автономная область,2002_79,.,.,2002,.,86400,гектар,.,7.01,Пашня,.,.,.,.,.,.,,,,.,.,.,.,.,.,.,,,,.,"Регионы России. Социально-экономические показатели. 2003: Стат. сб. / Госкомстат России. − М.,2003 http://www.gks.ru/bgd/regl/B03_14/IssWWW.exe/Stg/d010/i011750r.htm",.,349-350,Sidorenko,.,2002
157,Агинский Бурятский автономный округ,2002_80,.,.,2002,.,941500,гектар,.,7.01,Сельскохозяйственные угодья без пашни,.,.,.,.,.,.,,,,.,.,.,.,.,.,.,,,,.,"Регионы России. Социально-экономические показатели. 2003: Стат. сб. / Госкомстат России. − М.,2003 http://www.gks.ru/bgd/regl/B03_14/IssWWW.exe/Stg/d010/i011750r.htm",.,349-350,Sidorenko,.,2002
158,Агинский Бурятский автономный округ,2002_80,.,.,2002,.,97200,гектар,.,7.01,Пашня,.,.,.,.,.,.,,,,.,.,.,.,.,.,.,,,,.,"Регионы России. Социально-экономические показатели. 2003: Стат. сб. / Госкомстат России. − М.,2003 http://www.gks.ru/bgd/regl/B03_14/IssWWW.exe/Stg/d010/i011750r.htm",.,349-350,Sidorenko,.,2002
107,Коми-Пермяцкий автономный округ,2002_81,.,.,2002,.,302800,гектар,.,7.01,Сельскохозяйственные угодья без пашни,.,.,.,.,.,.,,,,.,.,.,.,.,.,.,,,,.,"Регионы России. Социально-экономические показатели. 2003: Стат. сб. / Госкомстат России. − М.,2003 http://www.gks.ru/bgd/regl/B03_14/IssWWW.exe/Stg/d010/i011750r.htm",.,349-350,Sidorenko,.,2002
108,Коми-Пермяцкий автономный округ,2002_81,.,.,2002,.,220200,гектар,.,7.01,Пашня,.,.,.,.,.,.,,,,.,.,.,.,.,.,.,,,,.,"Регионы России. Социально-экономические показатели. 2003: Стат. сб. / Госкомстат России. − М.,2003 http://www.gks.ru/bgd/regl/B03_14/IssWWW.exe/Stg/d010/i011750r.htm",.,349-350,Sidorenko,.,2002
169,Корякский автономный округ,2002_82,.,.,2002,.,25300,гектар,.,7.01,Сельскохозяйственные угодья без пашни,.,.,.,.,.,.,,,,.,.,.,.,.,.,.,,,,.,"Регионы России. Социально-экономические показатели. 2003: Стат. сб. / Госкомстат России. − М.,2003 http://www.gks.ru/bgd/regl/B03_14/IssWWW.exe/Stg/d010/i011750r.htm",.,349-350,Sidorenko,.,2002
170,Корякский автономный округ,2002_82,.,.,2002,.,1600,гектар,.,7.01,Пашня,.,.,.,.,.,.,,,,.,.,.,.,.,.,.,,,,.,"Регионы России. Социально-экономические показатели. 2003: Стат. сб. / Госкомстат России. − М.,2003 http://www.gks.ru/bgd/regl/B03_14/IssWWW.exe/Stg/d010/i011750r.htm",.,349-350,Sidorenko,.,2002
44,Ненецкий автономный округ,2002_83,.,.,2002,.,200,гектар,.,7.01,Пашня,.,.,.,.,.,.,,,,.,.,.,.,.,.,.,,,,.,"Регионы России. Социально-экономические показатели. 2003: Стат. сб. / Госкомстат России. − М.,2003 http://www.gks.ru/bgd/regl/B03_14/IssWWW.exe/Stg/d010/i011750r.htm",.,349-350,Sidorenko,.,2002
43,Ненецкий автономный округ,2002_83,.,.,2002,.,22000,гектар,.,7.01,Сельскохозяйственные угодья без пашни,.,.,.,.,.,.,,,,.,.,.,.,.,.,.,,,,.,"Регионы России. Социально-экономические показатели. 2003: Стат. сб. / Госкомстат России. − М.,2003 http://www.gks.ru/bgd/regl/B03_14/IssWWW.exe/Stg/d010/i011750r.htm",.,349-350,Sidorenko,.,2002
140,Таймырский (Долгано-Ненецкий) автономный округ,2002_84,.,.,2002,.,0,гектар,.,7.01,Пашня,.,.,.,.,.,.,,,,.,.,.,.,.,.,.,,,,.,"Регионы России. Социально-экономические показатели. 2003: Стат. сб. / Госкомстат России. − М.,2003 http://www.gks.ru/bgd/regl/B03_14/IssWWW.exe/Stg/d010/i011750r.htm",.,349-350,Sidorenko,.,2002
139,Таймырский (Долгано-Ненецкий) автономный округ,2002_84,.,.,2002,.,11600,гектар,.,7.01,Сельскохозяйственные угодья без пашни,.,.,.,.,.,.,,,,.,.,.,.,.,.,.,,,,.,"Регионы России. Социально-экономические показатели. 2003: Стат. сб. / Госкомстат России. − М.,2003 http://www.gks.ru/bgd/regl/B03_14/IssWWW.exe/Stg/d010/i011750r.htm",.,349-350,Sidorenko,.,2002
145,Усть-Ордынский Бурятский автономный округ,2002_85,.,.,2002,.,835200,гектар,.,7.01,Сельскохозяйственные угодья без пашни,.,.,.,.,.,.,,,,.,.,.,.,.,.,.,,,,.,"Регионы России. Социально-экономические показатели. 2003: Стат. сб. / Госкомстат России. − М.,2003 http://www.gks.ru/bgd/regl/B03_14/IssWWW.exe/Stg/d010/i011750r.htm",.,349-350,Sidorenko,.,2002
146,Усть-Ордынский Бурятский автономный округ,2002_85,.,.,2002,.,537700,гектар,.,7.01,Пашня,.,.,.,.,.,.,,,,.,.,.,.,.,.,.,,,,.,"Регионы России. Социально-экономические показатели. 2003: Стат. сб. / Госкомстат России. − М.,2003 http://www.gks.ru/bgd/regl/B03_14/IssWWW.exe/Stg/d010/i011750r.htm",.,349-350,Sidorenko,.,2002
121,Ханты-Мансийский автономный округ,2002_86,.,.,2002,.,213800,гектар,.,7.01,Сельскохозяйственные угодья без пашни,.,.,.,.,.,.,,,,.,.,.,.,.,.,.,,,,.,"Регионы России. Социально-экономические показатели. 2003: Стат. сб. / Госкомстат России. − М.,2003 http://www.gks.ru/bgd/regl/B03_14/IssWWW.exe/Stg/d010/i011750r.htm",.,349-350,Sidorenko,.,2002
122,Ханты-Мансийский автономный округ,2002_86,.,.,2002,.,11900,гектар,.,7.01,Пашня,.,.,.,.,.,.,,,,.,.,.,.,.,.,.,,,,.,"Регионы России. Социально-экономические показатели. 2003: Стат. сб. / Госкомстат России. − М.,2003 http://www.gks.ru/bgd/regl/B03_14/IssWWW.exe/Stg/d010/i011750r.htm",.,349-350,Sidorenko,.,2002
178,Чукотский автономный округ,2002_87,.,.,2002,.,0,гектар,.,7.01,Пашня,.,.,.,.,.,.,,,,.,.,.,.,.,.,.,,,,.,"Регионы России. Социально-экономические показатели. 2003: Стат. сб. / Госкомстат России. − М.,2003 http://www.gks.ru/bgd/regl/B03_14/IssWWW.exe/Stg/d010/i011750r.htm",.,349-350,Sidorenko,.,2002
177,Чукотский автономный округ,2002_87,.,.,2002,.,7700,гектар,.,7.01,Сельскохозяйственные угодья без пашни,.,.,.,.,.,.,,,,.,.,.,.,.,.,.,,,,.,"Регионы России. Социально-экономические показатели. 2003: Стат. сб. / Госкомстат России. − М.,2003 http://www.gks.ru/bgd/regl/B03_14/IssWWW.exe/Stg/d010/i011750r.htm",.,349-350,Sidorenko,.,2002
141,Эвенкийский автономный округ,2002_88,.,.,2002,.,3200,гектар,.,7.01,Сельскохозяйственные угодья без пашни,.,.,.,.,.,.,,,,.,.,.,.,.,.,.,,,,.,"Регионы России. Социально-экономические показатели. 2003: Стат. сб. / Госкомстат России. − М.,2003 http://www.gks.ru/bgd/regl/B03_14/IssWWW.exe/Stg/d010/i011750r.htm",.,349-350,Sidorenko,.,2002
142,Эвенкийский автономный округ,2002_88,.,.,2002,.,100,гектар,.,7.01,Пашня,.,.,.,.,.,.,,,,.,.,.,.,.,.,.,,,,.,"Регионы России. Социально-экономические показатели. 2003: Стат. сб. / Госкомстат России. − М.,2003 http://www.gks.ru/bgd/regl/B03_14/IssWWW.exe/Stg/d010/i011750r.htm",.,349-350,Sidorenko,.,2002
123,Ямало-Ненецкий автономный округ,2002_89,.,.,2002,.,41800,гектар,.,7.01,Сельскохозяйственные угодья без пашни,.,.,.,.,.,.,,,,.,.,.,.,.,.,.,,,,.,"Регионы России. Социально-экономические показатели. 2003: Стат. сб. / Госкомстат России. − М.,2003 http://www.gks.ru/bgd/regl/B03_14/IssWWW.exe/Stg/d010/i011750r.htm",.,349-350,Sidorenko,.,2002
124,Ямало-Ненецкий автономный округ,2002_89,.,.,2002,.,700,гектар,.,7.01,Пашня,.,.,.,.,.,.,,,,.,.,.,.,.,.,.,,,,.,"Регионы России. Социально-экономические показатели. 2003: Стат. сб. / Госкомстат России. − М.,2003 http://www.gks.ru/bgd/regl/B03_14/IssWWW.exe/Stg/d010/i011750r.htm",.,349-350,Sidorenko,.,2002
