ID,TERRITORY,TER_CODE,TOWN,DISTRICT,YEAR,MONTH,VALUE,VALUE_UNIT,VALUE_LABEL,DATATYPE,HISTCLASS1,HISTCLASS2,HISTCLASS3,HISTCLASS4,HISTCLASS5,HISTCLASS6,HISTCLASS7,HISTCLASS8,HISTCLASS9,HISTCLASS10,CLASS1,CLASS2,CLASS3,CLASS4,CLASS5,CLASS6,CLASS7,CLASS8,CLASS9,CLASS10,COMMENT_SOURCE,SOURCE,VOLUME,PAGE,NABORSHIK_ID,COMMENT_NABORSHIK,
60,Республика Адыгея,2002_01,.,.,2002,.,212209,человек,.,1.03,сельское население,.,.,.,.,.,.,,,,сельское,.,.,.,.,.,.,,,,.,Итоги переписи населения 2002 г. http://www.perepis2002.ru/ct/html/TOM_01_04_1.htm,.,.,Sidorenko,.,2002
59,Республика Адыгея,2002_01,.,.,2002,.,234900,человек,.,1.03,городское население,.,.,.,.,.,.,,,,городское,.,.,.,.,.,.,,,,.,Итоги переписи населения 2002 г. http://www.perepis2002.ru/ct/html/TOM_01_04_1.htm,.,.,Sidorenko,.,2002
85,Республика Башкортостан,2002_02,.,.,2002,.,2626613,человек,.,1.03,городское население,.,.,.,.,.,.,,,,городское,.,.,.,.,.,.,,,,.,Итоги переписи населения 2002 г. http://www.perepis2002.ru/ct/html/TOM_01_04_1.htm,.,.,Sidorenko,.,2002
86,Республика Башкортостан,2002_02,.,.,2002,.,1477723,человек,.,1.03,сельское население,.,.,.,.,.,.,,,,сельское,.,.,.,.,.,.,,,,.,Итоги переписи населения 2002 г. http://www.perepis2002.ru/ct/html/TOM_01_04_1.htm,.,.,Sidorenko,.,2002
130,Республика Бурятия,2002_03,.,.,2002,.,396268,человек,.,1.03,сельское население,.,.,.,.,.,.,,,,сельское,.,.,.,.,.,.,,,,.,Итоги переписи населения 2002 г. http://www.perepis2002.ru/ct/html/TOM_01_04_1.htm,.,.,Sidorenko,.,2002
129,Республика Бурятия,2002_03,.,.,2002,.,584970,человек,.,1.03,городское население,.,.,.,.,.,.,,,,городское,.,.,.,.,.,.,,,,.,Итоги переписи населения 2002 г. http://www.perepis2002.ru/ct/html/TOM_01_04_1.htm,.,.,Sidorenko,.,2002
128,Республика Алтай,2002_04,.,.,2002,.,149409,человек,.,1.03,сельское население,.,.,.,.,.,.,,,,сельское,.,.,.,.,.,.,,,,.,Итоги переписи населения 2002 г. http://www.perepis2002.ru/ct/html/TOM_01_04_1.htm,.,.,Sidorenko,.,2002
127,Республика Алтай,2002_04,.,.,2002,.,53538,человек,.,1.03,городское население,.,.,.,.,.,.,,,,городское,.,.,.,.,.,.,,,,.,Итоги переписи населения 2002 г. http://www.perepis2002.ru/ct/html/TOM_01_04_1.htm,.,.,Sidorenko,.,2002
61,Республика Дагестан,2002_05,.,.,2002,.,1102577,человек,.,1.03,городское население,.,.,.,.,.,.,,,,городское,.,.,.,.,.,.,,,,.,Итоги переписи населения 2002 г. http://www.perepis2002.ru/ct/html/TOM_01_04_1.htm,.,.,Sidorenko,.,2002
62,Республика Дагестан,2002_05,.,.,2002,.,1473954,человек,.,1.03,сельское население,.,.,.,.,.,.,,,,сельское,.,.,.,.,.,.,,,,.,Итоги переписи населения 2002 г. http://www.perepis2002.ru/ct/html/TOM_01_04_1.htm,.,.,Sidorenko,.,2002
64,Республика Ингушетия,2002_06,.,.,2002,.,268798,человек,.,1.03,сельское население,.,.,.,.,.,.,,,,сельское,.,.,.,.,.,.,,,,.,Итоги переписи населения 2002 г. http://www.perepis2002.ru/ct/html/TOM_01_04_1.htm,.,.,Sidorenko,.,2002
63,Республика Ингушетия,2002_06,.,.,2002,.,198496,человек,.,1.03,городское население,.,.,.,.,.,.,,,,городское,.,.,.,.,.,.,,,,.,Итоги переписи населения 2002 г. http://www.perepis2002.ru/ct/html/TOM_01_04_1.htm,.,.,Sidorenko,.,2002
66,Кабардино-Балкарская Республика,2002_07,.,.,2002,.,391148,человек,.,1.03,сельское население,.,.,.,.,.,.,,,,сельское,.,.,.,.,.,.,,,,.,Итоги переписи населения 2002 г. http://www.perepis2002.ru/ct/html/TOM_01_04_1.htm,.,.,Sidorenko,.,2002
65,Кабардино-Балкарская Республика,2002_07,.,.,2002,.,510346,человек,.,1.03,городское население,.,.,.,.,.,.,,,,городское,.,.,.,.,.,.,,,,.,Итоги переписи населения 2002 г. http://www.perepis2002.ru/ct/html/TOM_01_04_1.htm,.,.,Sidorenko,.,2002
67,Республика Калмыкия,2002_08,.,.,2002,.,129539,человек,.,1.03,городское население,.,.,.,.,.,.,,,,городское,.,.,.,.,.,.,,,,.,Итоги переписи населения 2002 г. http://www.perepis2002.ru/ct/html/TOM_01_04_1.htm,.,.,Sidorenko,.,2002
68,Республика Калмыкия,2002_08,.,.,2002,.,162871,человек,.,1.03,сельское население,.,.,.,.,.,.,,,,сельское,.,.,.,.,.,.,,,,.,Итоги переписи населения 2002 г. http://www.perepis2002.ru/ct/html/TOM_01_04_1.htm,.,.,Sidorenko,.,2002
70,Карачаево-Черкесская Республика,2002_09,.,.,2002,.,245939,человек,.,1.03,сельское население,.,.,.,.,.,.,,,,сельское,.,.,.,.,.,.,,,,.,Итоги переписи населения 2002 г. http://www.perepis2002.ru/ct/html/TOM_01_04_1.htm,.,.,Sidorenko,.,2002
69,Карачаево-Черкесская Республика,2002_09,.,.,2002,.,193531,человек,.,1.03,городское население,.,.,.,.,.,.,,,,городское,.,.,.,.,.,.,,,,.,Итоги переписи населения 2002 г. http://www.perepis2002.ru/ct/html/TOM_01_04_1.htm,.,.,Sidorenko,.,2002
37,Республика Карелия,2002_10,.,.,2002,.,537395,человек,.,1.03,городское население,.,.,.,.,.,.,,,,городское,.,.,.,.,.,.,,,,.,Итоги переписи населения 2002 г. http://www.perepis2002.ru/ct/html/TOM_01_04_1.htm,.,.,Sidorenko,.,2002
38,Республика Карелия,2002_10,.,.,2002,.,178886,человек,.,1.03,сельское население,.,.,.,.,.,.,,,,сельское,.,.,.,.,.,.,,,,.,Итоги переписи населения 2002 г. http://www.perepis2002.ru/ct/html/TOM_01_04_1.htm,.,.,Sidorenko,.,2002
40,Республика Коми,2002_11,.,.,2002,.,252087,человек,.,1.03,сельское население,.,.,.,.,.,.,,,,сельское,.,.,.,.,.,.,,,,.,Итоги переписи населения 2002 г. http://www.perepis2002.ru/ct/html/TOM_01_04_1.htm,.,.,Sidorenko,.,2002
39,Республика Коми,2002_11,.,.,2002,.,766587,человек,.,1.03,городское население,.,.,.,.,.,.,,,,городское,.,.,.,.,.,.,,,,.,Итоги переписи населения 2002 г. http://www.perepis2002.ru/ct/html/TOM_01_04_1.htm,.,.,Sidorenko,.,2002
87,Республика Марий Эл,2002_12,.,.,2002,.,459687,человек,.,1.03,городское население,.,.,.,.,.,.,,,,городское,.,.,.,.,.,.,,,,.,Итоги переписи населения 2002 г. http://www.perepis2002.ru/ct/html/TOM_01_04_1.htm,.,.,Sidorenko,.,2002
88,Республика Марий Эл,2002_12,.,.,2002,.,268292,человек,.,1.03,сельское население,.,.,.,.,.,.,,,,сельское,.,.,.,.,.,.,,,,.,Итоги переписи населения 2002 г. http://www.perepis2002.ru/ct/html/TOM_01_04_1.htm,.,.,Sidorenko,.,2002
89,Республика Мордовия,2002_13,.,.,2002,.,531478,человек,.,1.03,городское население,.,.,.,.,.,.,,,,городское,.,.,.,.,.,.,,,,.,Итоги переписи населения 2002 г. http://www.perepis2002.ru/ct/html/TOM_01_04_1.htm,.,.,Sidorenko,.,2002
90,Республика Мордовия,2002_13,.,.,2002,.,357288,человек,.,1.03,сельское население,.,.,.,.,.,.,,,,сельское,.,.,.,.,.,.,,,,.,Итоги переписи населения 2002 г. http://www.perepis2002.ru/ct/html/TOM_01_04_1.htm,.,.,Sidorenko,.,2002
160,Республика Саха (Якутия),2002_14,.,.,2002,.,339281,человек,.,1.03,сельское население,.,.,.,.,.,.,,,,сельское,.,.,.,.,.,.,,,,.,Итоги переписи населения 2002 г. http://www.perepis2002.ru/ct/html/TOM_01_04_1.htm,.,.,Sidorenko,.,2002
159,Республика Саха (Якутия),2002_14,.,.,2002,.,609999,человек,.,1.03,городское население,.,.,.,.,.,.,,,,городское,.,.,.,.,.,.,,,,.,Итоги переписи населения 2002 г. http://www.perepis2002.ru/ct/html/TOM_01_04_1.htm,.,.,Sidorenko,.,2002
71,Республика Северная Осетия – Алания,2002_15,.,.,2002,.,464875,человек,.,1.03,городское население,.,.,.,.,.,.,,,,городское,.,.,.,.,.,.,,,,.,Итоги переписи населения 2002 г. http://www.perepis2002.ru/ct/html/TOM_01_04_1.htm,.,.,Sidorenko,.,2002
72,Республика Северная Осетия – Алания,2002_15,.,.,2002,.,245400,человек,.,1.03,сельское население,.,.,.,.,.,.,,,,сельское,.,.,.,.,.,.,,,,.,Итоги переписи населения 2002 г. http://www.perepis2002.ru/ct/html/TOM_01_04_1.htm,.,.,Sidorenko,.,2002
92,Республика Татарстан,2002_16,.,.,2002,.,988604,человек,.,1.03,сельское население,.,.,.,.,.,.,,,,сельское,.,.,.,.,.,.,,,,.,Итоги переписи населения 2002 г. http://www.perepis2002.ru/ct/html/TOM_01_04_1.htm,.,.,Sidorenko,.,2002
91,Республика Татарстан,2002_16,.,.,2002,.,2790661,человек,.,1.03,городское население,.,.,.,.,.,.,,,,городское,.,.,.,.,.,.,,,,.,Итоги переписи населения 2002 г. http://www.perepis2002.ru/ct/html/TOM_01_04_1.htm,.,.,Sidorenko,.,2002
132,Республика Тыва,2002_17,.,.,2002,.,148211,человек,.,1.03,сельское население,.,.,.,.,.,.,,,,сельское,.,.,.,.,.,.,,,,.,Итоги переписи населения 2002 г. http://www.perepis2002.ru/ct/html/TOM_01_04_1.htm,.,.,Sidorenko,.,2002
131,Республика Тыва,2002_17,.,.,2002,.,157299,человек,.,1.03,городское население,.,.,.,.,.,.,,,,городское,.,.,.,.,.,.,,,,.,Итоги переписи населения 2002 г. http://www.perepis2002.ru/ct/html/TOM_01_04_1.htm,.,.,Sidorenko,.,2002
94,Удмуртская Республика,2002_18,.,.,2002,.,475978,человек,.,1.03,сельское население,.,.,.,.,.,.,,,,сельское,.,.,.,.,.,.,,,,.,Итоги переписи населения 2002 г. http://www.perepis2002.ru/ct/html/TOM_01_04_1.htm,.,.,Sidorenko,.,2002
93,Удмуртская Республика,2002_18,.,.,2002,.,1094338,человек,.,1.03,городское население,.,.,.,.,.,.,,,,городское,.,.,.,.,.,.,,,,.,Итоги переписи населения 2002 г. http://www.perepis2002.ru/ct/html/TOM_01_04_1.htm,.,.,Sidorenko,.,2002
133,Республика Хакасия,2002_19,.,.,2002,.,386865,человек,.,1.03,городское население,.,.,.,.,.,.,,,,городское,.,.,.,.,.,.,,,,.,Итоги переписи населения 2002 г. http://www.perepis2002.ru/ct/html/TOM_01_04_1.htm,.,.,Sidorenko,.,2002
134,Республика Хакасия,2002_19,.,.,2002,.,159207,человек,.,1.03,сельское население,.,.,.,.,.,.,,,,сельское,.,.,.,.,.,.,,,,.,Итоги переписи населения 2002 г. http://www.perepis2002.ru/ct/html/TOM_01_04_1.htm,.,.,Sidorenko,.,2002
74,Чеченская республика,2002_20,.,.,2002,.,730509,человек,.,1.03,сельское население,.,.,.,.,.,.,,,,сельское,.,.,.,.,.,.,,,,.,Итоги переписи населения 2002 г. http://www.perepis2002.ru/ct/html/TOM_01_04_1.htm,.,.,Sidorenko,.,2002
73,Чеченская республика,2002_20,.,.,2002,.,373177,человек,.,1.03,городское население,.,.,.,.,.,.,,,,городское,.,.,.,.,.,.,,,,.,Итоги переписи населения 2002 г. http://www.perepis2002.ru/ct/html/TOM_01_04_1.htm,.,.,Sidorenko,.,2002
96,Чувашская Республика – Чувашия,2002_21,.,.,2002,.,517558,человек,.,1.03,сельское население,.,.,.,.,.,.,,,,сельское,.,.,.,.,.,.,,,,.,Итоги переписи населения 2002 г. http://www.perepis2002.ru/ct/html/TOM_01_04_1.htm,.,.,Sidorenko,.,2002
95,Чувашская Республика – Чувашия,2002_21,.,.,2002,.,796196,человек,.,1.03,городское население,.,.,.,.,.,.,,,,городское,.,.,.,.,.,.,,,,.,Итоги переписи населения 2002 г. http://www.perepis2002.ru/ct/html/TOM_01_04_1.htm,.,.,Sidorenko,.,2002
135,Алтайский край,2002_22,.,.,2002,.,1386765,человек,.,1.03,городское население,.,.,.,.,.,.,,,,городское,.,.,.,.,.,.,,,,.,Итоги переписи населения 2002 г. http://www.perepis2002.ru/ct/html/TOM_01_04_1.htm,.,.,Sidorenko,.,2002
136,Алтайский край,2002_22,.,.,2002,.,1220661,человек,.,1.03,сельское население,.,.,.,.,.,.,,,,сельское,.,.,.,.,.,.,,,,.,Итоги переписи населения 2002 г. http://www.perepis2002.ru/ct/html/TOM_01_04_1.htm,.,.,Sidorenko,.,2002
76,Краснодарский край,2002_23,.,.,2002,.,2384677,человек,.,1.03,сельское население,.,.,.,.,.,.,,,,сельское,.,.,.,.,.,.,,,,.,Итоги переписи населения 2002 г. http://www.perepis2002.ru/ct/html/TOM_01_04_1.htm,.,.,Sidorenko,.,2002
75,Краснодарский край,2002_23,.,.,2002,.,2740544,человек,.,1.03,городское население,.,.,.,.,.,.,,,,городское,.,.,.,.,.,.,,,,.,Итоги переписи населения 2002 г. http://www.perepis2002.ru/ct/html/TOM_01_04_1.htm,.,.,Sidorenko,.,2002
137,Красноярский край,2002_24,.,.,2002,.,2245715,человек,.,1.03,городское население,.,.,.,.,.,.,,,,городское,.,.,.,.,.,.,,,,.,Итоги переписи населения 2002 г. http://www.perepis2002.ru/ct/html/TOM_01_04_1.htm,.,.,Sidorenko,.,2002
138,Красноярский край,2002_24,.,.,2002,.,720327,человек,.,1.03,сельское население,.,.,.,.,.,.,,,,сельское,.,.,.,.,.,.,,,,.,Итоги переписи населения 2002 г. http://www.perepis2002.ru/ct/html/TOM_01_04_1.htm,.,.,Sidorenko,.,2002
161,Приморский край,2002_25,.,.,2002,.,1621977,человек,.,1.03,городское население,.,.,.,.,.,.,,,,городское,.,.,.,.,.,.,,,,.,Итоги переписи населения 2002 г. http://www.perepis2002.ru/ct/html/TOM_01_04_1.htm,.,.,Sidorenko,.,2002
162,Приморский край,2002_25,.,.,2002,.,449233,человек,.,1.03,сельское население,.,.,.,.,.,.,,,,сельское,.,.,.,.,.,.,,,,.,Итоги переписи населения 2002 г. http://www.perepis2002.ru/ct/html/TOM_01_04_1.htm,.,.,Sidorenko,.,2002
77,Ставропольский край,2002_26,.,.,2002,.,1530591,человек,.,1.03,городское население,.,.,.,.,.,.,,,,городское,.,.,.,.,.,.,,,,.,Итоги переписи населения 2002 г. http://www.perepis2002.ru/ct/html/TOM_01_04_1.htm,.,.,Sidorenko,.,2002
78,Ставропольский край,2002_26,.,.,2002,.,1204548,человек,.,1.03,сельское население,.,.,.,.,.,.,,,,сельское,.,.,.,.,.,.,,,,.,Итоги переписи населения 2002 г. http://www.perepis2002.ru/ct/html/TOM_01_04_1.htm,.,.,Sidorenko,.,2002
163,Хабаровский край,2002_27,.,.,2002,.,1157326,человек,.,1.03,городское население,.,.,.,.,.,.,,,,городское,.,.,.,.,.,.,,,,.,Итоги переписи населения 2002 г. http://www.perepis2002.ru/ct/html/TOM_01_04_1.htm,.,.,Sidorenko,.,2002
164,Хабаровский край,2002_27,.,.,2002,.,279244,человек,.,1.03,сельское население,.,.,.,.,.,.,,,,сельское,.,.,.,.,.,.,,,,.,Итоги переписи населения 2002 г. http://www.perepis2002.ru/ct/html/TOM_01_04_1.htm,.,.,Sidorenko,.,2002
165,Амурская область,2002_28,.,.,2002,.,594386,человек,.,1.03,городское население,.,.,.,.,.,.,,,,городское,.,.,.,.,.,.,,,,.,Итоги переписи населения 2002 г. http://www.perepis2002.ru/ct/html/TOM_01_04_1.htm,.,.,Sidorenko,.,2002
166,Амурская область,2002_28,.,.,2002,.,308458,человек,.,1.03,сельское население,.,.,.,.,.,.,,,,сельское,.,.,.,.,.,.,,,,.,Итоги переписи населения 2002 г. http://www.perepis2002.ru/ct/html/TOM_01_04_1.htm,.,.,Sidorenko,.,2002
41,Архангельская область,2002_29,.,.,2002,.,999591,человек,.,1.03,городское население,.,.,.,.,.,.,,,,городское,.,.,.,.,.,.,,,,.,Итоги переписи населения 2002 г. http://www.perepis2002.ru/ct/html/TOM_01_04_1.htm,.,.,Sidorenko,.,2002
42,Архангельская область,2002_29,.,.,2002,.,336948,человек,.,1.03,сельское население,.,.,.,.,.,.,,,,сельское,.,.,.,.,.,.,,,,.,Итоги переписи населения 2002 г. http://www.perepis2002.ru/ct/html/TOM_01_04_1.htm,.,.,Sidorenko,.,2002
79,Астраханская область,2002_30,.,.,2002,.,680441,человек,.,1.03,городское население,.,.,.,.,.,.,,,,городское,.,.,.,.,.,.,,,,.,Итоги переписи населения 2002 г. http://www.perepis2002.ru/ct/html/TOM_01_04_1.htm,.,.,Sidorenko,.,2002
80,Астраханская область,2002_30,.,.,2002,.,324835,человек,.,1.03,сельское население,.,.,.,.,.,.,,,,сельское,.,.,.,.,.,.,,,,.,Итоги переписи населения 2002 г. http://www.perepis2002.ru/ct/html/TOM_01_04_1.htm,.,.,Sidorenko,.,2002
1,Белгородская область,2002_31,.,.,2002,.,985584,человек,.,1.03,городское население,.,.,.,.,.,.,,,,городское,.,.,.,.,.,.,,,,.,Итоги переписи населения 2002 г. http://www.perepis2002.ru/ct/html/TOM_01_04_1.htm,.,.,Sidorenko,.,2002
2,Белгородская область,2002_31,.,.,2002,.,526036,человек,.,1.03,сельское население,.,.,.,.,.,.,,,,сельское,.,.,.,.,.,.,,,,.,Итоги переписи населения 2002 г. http://www.perepis2002.ru/ct/html/TOM_01_04_1.htm,.,.,Sidorenko,.,2002
3,Брянская область,2002_32,.,.,2002,.,943382,человек,.,1.03,городское население,.,.,.,.,.,.,,,,городское,.,.,.,.,.,.,,,,.,Итоги переписи населения 2002 г. http://www.perepis2002.ru/ct/html/TOM_01_04_1.htm,.,.,Sidorenko,.,2002
4,Брянская область,2002_32,.,.,2002,.,435559,человек,.,1.03,сельское население,.,.,.,.,.,.,,,,сельское,.,.,.,.,.,.,,,,.,Итоги переписи населения 2002 г. http://www.perepis2002.ru/ct/html/TOM_01_04_1.htm,.,.,Sidorenko,.,2002
6,Владимирская область,2002_33,.,.,2002,.,310125,человек,.,1.03,сельское население,.,.,.,.,.,.,,,,сельское,.,.,.,.,.,.,,,,.,Итоги переписи населения 2002 г. http://www.perepis2002.ru/ct/html/TOM_01_04_1.htm,.,.,Sidorenko,.,2002
5,Владимирская область,2002_33,.,.,2002,.,1213865,человек,.,1.03,городское население,.,.,.,.,.,.,,,,городское,.,.,.,.,.,.,,,,.,Итоги переписи населения 2002 г. http://www.perepis2002.ru/ct/html/TOM_01_04_1.htm,.,.,Sidorenko,.,2002
81,Волгоградская область,2002_34,.,.,2002,.,2029785,человек,.,1.03,городское население,.,.,.,.,.,.,,,,городское,.,.,.,.,.,.,,,,.,Итоги переписи населения 2002 г. http://www.perepis2002.ru/ct/html/TOM_01_04_1.htm,.,.,Sidorenko,.,2002
82,Волгоградская область,2002_34,.,.,2002,.,669438,человек,.,1.03,сельское население,.,.,.,.,.,.,,,,сельское,.,.,.,.,.,.,,,,.,Итоги переписи населения 2002 г. http://www.perepis2002.ru/ct/html/TOM_01_04_1.htm,.,.,Sidorenko,.,2002
45,Вологодская область,2002_35,.,.,2002,.,876572,человек,.,1.03,городское население,.,.,.,.,.,.,,,,городское,.,.,.,.,.,.,,,,.,Итоги переписи населения 2002 г. http://www.perepis2002.ru/ct/html/TOM_01_04_1.htm,.,.,Sidorenko,.,2002
46,Вологодская область,2002_35,.,.,2002,.,392996,человек,.,1.03,сельское население,.,.,.,.,.,.,,,,сельское,.,.,.,.,.,.,,,,.,Итоги переписи населения 2002 г. http://www.perepis2002.ru/ct/html/TOM_01_04_1.htm,.,.,Sidorenko,.,2002
7,Воронежская область,2002_36,.,.,2002,.,1471799,человек,.,1.03,городское население,.,.,.,.,.,.,,,,городское,.,.,.,.,.,.,,,,.,Итоги переписи населения 2002 г. http://www.perepis2002.ru/ct/html/TOM_01_04_1.htm,.,.,Sidorenko,.,2002
8,Воронежская область,2002_36,.,.,2002,.,907004,человек,.,1.03,сельское население,.,.,.,.,.,.,,,,сельское,.,.,.,.,.,.,,,,.,Итоги переписи населения 2002 г. http://www.perepis2002.ru/ct/html/TOM_01_04_1.htm,.,.,Sidorenko,.,2002
10,Ивановская область,2002_37,.,.,2002,.,199080,человек,.,1.03,сельское население,.,.,.,.,.,.,,,,сельское,.,.,.,.,.,.,,,,.,Итоги переписи населения 2002 г. http://www.perepis2002.ru/ct/html/TOM_01_04_1.htm,.,.,Sidorenko,.,2002
9,Ивановская область,2002_37,.,.,2002,.,949249,человек,.,1.03,городское население,.,.,.,.,.,.,,,,городское,.,.,.,.,.,.,,,,.,Итоги переписи населения 2002 г. http://www.perepis2002.ru/ct/html/TOM_01_04_1.htm,.,.,Sidorenko,.,2002
144,Иркутская область,2002_38,.,.,2002,.,534091,человек,.,1.03,сельское население,.,.,.,.,.,.,,,,сельское,.,.,.,.,.,.,,,,.,Итоги переписи населения 2002 г. http://www.perepis2002.ru/ct/html/TOM_01_04_1.htm,.,.,Sidorenko,.,2002
143,Иркутская область,2002_38,.,.,2002,.,2047614,человек,.,1.03,городское население,.,.,.,.,.,.,,,,городское,.,.,.,.,.,.,,,,.,Итоги переписи населения 2002 г. http://www.perepis2002.ru/ct/html/TOM_01_04_1.htm,.,.,Sidorenko,.,2002
48,Калининградская область,2002_39,.,.,2002,.,213794,человек,.,1.03,сельское население,.,.,.,.,.,.,,,,сельское,.,.,.,.,.,.,,,,.,Итоги переписи населения 2002 г. http://www.perepis2002.ru/ct/html/TOM_01_04_1.htm,.,.,Sidorenko,.,2002
47,Калининградская область,2002_39,.,.,2002,.,741487,человек,.,1.03,городское население,.,.,.,.,.,.,,,,городское,.,.,.,.,.,.,,,,.,Итоги переписи населения 2002 г. http://www.perepis2002.ru/ct/html/TOM_01_04_1.htm,.,.,Sidorenko,.,2002
11,Калужская область,2002_40,.,.,2002,.,779481,человек,.,1.03,городское население,.,.,.,.,.,.,,,,городское,.,.,.,.,.,.,,,,.,Итоги переписи населения 2002 г. http://www.perepis2002.ru/ct/html/TOM_01_04_1.htm,.,.,Sidorenko,.,2002
12,Калужская область,2002_40,.,.,2002,.,262160,человек,.,1.03,сельское население,.,.,.,.,.,.,,,,сельское,.,.,.,.,.,.,,,,.,Итоги переписи населения 2002 г. http://www.perepis2002.ru/ct/html/TOM_01_04_1.htm,.,.,Sidorenko,.,2002
168,Камчатская область,2002_41,.,.,2002,.,67990,человек,.,1.03,сельское население,.,.,.,.,.,.,,,,сельское,.,.,.,.,.,.,,,,.,Итоги переписи населения 2002 г. http://www.perepis2002.ru/ct/html/TOM_01_04_1.htm,.,.,Sidorenko,.,2002
167,Камчатская область,2002_41,.,.,2002,.,290811,человек,.,1.03,городское население,.,.,.,.,.,.,,,,городское,.,.,.,.,.,.,,,,.,Итоги переписи населения 2002 г. http://www.perepis2002.ru/ct/html/TOM_01_04_1.htm,.,.,Sidorenko,.,2002
147,Кемеровская область,2002_42,.,.,2002,.,2512948,человек,.,1.03,городское население,.,.,.,.,.,.,,,,городское,.,.,.,.,.,.,,,,.,Итоги переписи населения 2002 г. http://www.perepis2002.ru/ct/html/TOM_01_04_1.htm,.,.,Sidorenko,.,2002
148,Кемеровская область,2002_42,.,.,2002,.,386194,человек,.,1.03,сельское население,.,.,.,.,.,.,,,,сельское,.,.,.,.,.,.,,,,.,Итоги переписи населения 2002 г. http://www.perepis2002.ru/ct/html/TOM_01_04_1.htm,.,.,Sidorenko,.,2002
97,Кировская область,2002_43,.,.,2002,.,1079024,человек,.,1.03,городское население,.,.,.,.,.,.,,,,городское,.,.,.,.,.,.,,,,.,Итоги переписи населения 2002 г. http://www.perepis2002.ru/ct/html/TOM_01_04_1.htm,.,.,Sidorenko,.,2002
98,Кировская область,2002_43,.,.,2002,.,424505,человек,.,1.03,сельское население,.,.,.,.,.,.,,,,сельское,.,.,.,.,.,.,,,,.,Итоги переписи населения 2002 г. http://www.perepis2002.ru/ct/html/TOM_01_04_1.htm,.,.,Sidorenko,.,2002
13,Костромская область,2002_44,.,.,2002,.,496145,человек,.,1.03,городское население,.,.,.,.,.,.,,,,городское,.,.,.,.,.,.,,,,.,Итоги переписи населения 2002 г. http://www.perepis2002.ru/ct/html/TOM_01_04_1.htm,.,.,Sidorenko,.,2002
14,Костромская область,2002_44,.,.,2002,.,240496,человек,.,1.03,сельское население,.,.,.,.,.,.,,,,сельское,.,.,.,.,.,.,,,,.,Итоги переписи населения 2002 г. http://www.perepis2002.ru/ct/html/TOM_01_04_1.htm,.,.,Sidorenko,.,2002
116,Курганская область,2002_45,.,.,2002,.,445151,человек,.,1.03,сельское население,.,.,.,.,.,.,,,,сельское,.,.,.,.,.,.,,,,.,Итоги переписи населения 2002 г. http://www.perepis2002.ru/ct/html/TOM_01_04_1.htm,.,.,Sidorenko,.,2002
115,Курганская область,2002_45,.,.,2002,.,574381,человек,.,1.03,городское население,.,.,.,.,.,.,,,,городское,.,.,.,.,.,.,,,,.,Итоги переписи населения 2002 г. http://www.perepis2002.ru/ct/html/TOM_01_04_1.htm,.,.,Sidorenko,.,2002
16,Курская область,2002_46,.,.,2002,.,478611,человек,.,1.03,сельское население,.,.,.,.,.,.,,,,сельское,.,.,.,.,.,.,,,,.,Итоги переписи населения 2002 г. http://www.perepis2002.ru/ct/html/TOM_01_04_1.htm,.,.,Sidorenko,.,2002
15,Курская область,2002_46,.,.,2002,.,756480,человек,.,1.03,городское население,.,.,.,.,.,.,,,,городское,.,.,.,.,.,.,,,,.,Итоги переписи населения 2002 г. http://www.perepis2002.ru/ct/html/TOM_01_04_1.htm,.,.,Sidorenko,.,2002
50,Ленинградская область,2002_47,.,.,2002,.,560443,человек,.,1.03,сельское население,.,.,.,.,.,.,,,,сельское,.,.,.,.,.,.,,,,.,Итоги переписи населения 2002 г. http://www.perepis2002.ru/ct/html/TOM_01_04_1.htm,.,.,Sidorenko,.,2002
49,Ленинградская область,2002_47,.,.,2002,.,1108762,человек,.,1.03,городское население,.,.,.,.,.,.,,,,городское,.,.,.,.,.,.,,,,.,Итоги переписи населения 2002 г. http://www.perepis2002.ru/ct/html/TOM_01_04_1.htm,.,.,Sidorenko,.,2002
18,Липецкая область,2002_48,.,.,2002,.,433516,человек,.,1.03,сельское население,.,.,.,.,.,.,,,,сельское,.,.,.,.,.,.,,,,.,Итоги переписи населения 2002 г. http://www.perepis2002.ru/ct/html/TOM_01_04_1.htm,.,.,Sidorenko,.,2002
17,Липецкая область,2002_48,.,.,2002,.,779983,человек,.,1.03,городское население,.,.,.,.,.,.,,,,городское,.,.,.,.,.,.,,,,.,Итоги переписи населения 2002 г. http://www.perepis2002.ru/ct/html/TOM_01_04_1.htm,.,.,Sidorenko,.,2002
172,Магаданская область,2002_49,.,.,2002,.,14001,человек,.,1.03,сельское население,.,.,.,.,.,.,,,,сельское,.,.,.,.,.,.,,,,.,Итоги переписи населения 2002 г. http://www.perepis2002.ru/ct/html/TOM_01_04_1.htm,.,.,Sidorenko,.,2002
171,Магаданская область,2002_49,.,.,2002,.,168725,человек,.,1.03,городское население,.,.,.,.,.,.,,,,городское,.,.,.,.,.,.,,,,.,Итоги переписи населения 2002 г. http://www.perepis2002.ru/ct/html/TOM_01_04_1.htm,.,.,Sidorenko,.,2002
20,Московская область,2002_50,.,.,2002,.,1370004,человек,.,1.03,сельское население,.,.,.,.,.,.,,,,сельское,.,.,.,.,.,.,,,,.,Итоги переписи населения 2002 г. http://www.perepis2002.ru/ct/html/TOM_01_04_1.htm,.,.,Sidorenko,.,2002
19,Московская область,2002_50,.,.,2002,.,5248534,человек,.,1.03,городское население,.,.,.,.,.,.,,,,городское,.,.,.,.,.,.,,,,.,Итоги переписи населения 2002 г. http://www.perepis2002.ru/ct/html/TOM_01_04_1.htm,.,.,Sidorenko,.,2002
51,Мурманская область,2002_51,.,.,2002,.,823215,человек,.,1.03,городское население,.,.,.,.,.,.,,,,городское,.,.,.,.,.,.,,,,.,Итоги переписи населения 2002 г. http://www.perepis2002.ru/ct/html/TOM_01_04_1.htm,.,.,Sidorenko,.,2002
52,Мурманская область,2002_51,.,.,2002,.,69319,человек,.,1.03,сельское население,.,.,.,.,.,.,,,,сельское,.,.,.,.,.,.,,,,.,Итоги переписи населения 2002 г. http://www.perepis2002.ru/ct/html/TOM_01_04_1.htm,.,.,Sidorenko,.,2002
99,Нижегородская область,2002_52,.,.,2002,.,2754997,человек,.,1.03,городское население,.,.,.,.,.,.,,,,городское,.,.,.,.,.,.,,,,.,Итоги переписи населения 2002 г. http://www.perepis2002.ru/ct/html/TOM_01_04_1.htm,.,.,Sidorenko,.,2002
100,Нижегородская область,2002_52,.,.,2002,.,769031,человек,.,1.03,сельское население,.,.,.,.,.,.,,,,сельское,.,.,.,.,.,.,,,,.,Итоги переписи населения 2002 г. http://www.perepis2002.ru/ct/html/TOM_01_04_1.htm,.,.,Sidorenko,.,2002
54,Новгородская область,2002_53,.,.,2002,.,209435,человек,.,1.03,сельское население,.,.,.,.,.,.,,,,сельское,.,.,.,.,.,.,,,,.,Итоги переписи населения 2002 г. http://www.perepis2002.ru/ct/html/TOM_01_04_1.htm,.,.,Sidorenko,.,2002
53,Новгородская область,2002_53,.,.,2002,.,484920,человек,.,1.03,городское население,.,.,.,.,.,.,,,,городское,.,.,.,.,.,.,,,,.,Итоги переписи населения 2002 г. http://www.perepis2002.ru/ct/html/TOM_01_04_1.htm,.,.,Sidorenko,.,2002
149,Новосибирская область,2002_54,.,.,2002,.,2021597,человек,.,1.03,городское население,.,.,.,.,.,.,,,,городское,.,.,.,.,.,.,,,,.,Итоги переписи населения 2002 г. http://www.perepis2002.ru/ct/html/TOM_01_04_1.htm,.,.,Sidorenko,.,2002
150,Новосибирская область,2002_54,.,.,2002,.,670654,человек,.,1.03,сельское население,.,.,.,.,.,.,,,,сельское,.,.,.,.,.,.,,,,.,Итоги переписи населения 2002 г. http://www.perepis2002.ru/ct/html/TOM_01_04_1.htm,.,.,Sidorenko,.,2002
152,Омская область,2002_55,.,.,2002,.,650740,человек,.,1.03,сельское население,.,.,.,.,.,.,,,,сельское,.,.,.,.,.,.,,,,.,Итоги переписи населения 2002 г. http://www.perepis2002.ru/ct/html/TOM_01_04_1.htm,.,.,Sidorenko,.,2002
151,Омская область,2002_55,.,.,2002,.,1428480,человек,.,1.03,городское население,.,.,.,.,.,.,,,,городское,.,.,.,.,.,.,,,,.,Итоги переписи населения 2002 г. http://www.perepis2002.ru/ct/html/TOM_01_04_1.htm,.,.,Sidorenko,.,2002
101,Оренбургская область,2002_56,.,.,2002,.,1260128,человек,.,1.03,городское население,.,.,.,.,.,.,,,,городское,.,.,.,.,.,.,,,,.,Итоги переписи населения 2002 г. http://www.perepis2002.ru/ct/html/TOM_01_04_1.htm,.,.,Sidorenko,.,2002
102,Оренбургская область,2002_56,.,.,2002,.,919423,человек,.,1.03,сельское население,.,.,.,.,.,.,,,,сельское,.,.,.,.,.,.,,,,.,Итоги переписи населения 2002 г. http://www.perepis2002.ru/ct/html/TOM_01_04_1.htm,.,.,Sidorenko,.,2002
21,Орловская область,2002_57,.,.,2002,.,546478,человек,.,1.03,городское население,.,.,.,.,.,.,,,,городское,.,.,.,.,.,.,,,,.,Итоги переписи населения 2002 г. http://www.perepis2002.ru/ct/html/TOM_01_04_1.htm,.,.,Sidorenko,.,2002
22,Орловская область,2002_57,.,.,2002,.,313784,человек,.,1.03,сельское население,.,.,.,.,.,.,,,,сельское,.,.,.,.,.,.,,,,.,Итоги переписи населения 2002 г. http://www.perepis2002.ru/ct/html/TOM_01_04_1.htm,.,.,Sidorenko,.,2002
104,Пензенская область,2002_58,.,.,2002,.,507727,человек,.,1.03,сельское население,.,.,.,.,.,.,,,,сельское,.,.,.,.,.,.,,,,.,Итоги переписи населения 2002 г. http://www.perepis2002.ru/ct/html/TOM_01_04_1.htm,.,.,Sidorenko,.,2002
103,Пензенская область,2002_58,.,.,2002,.,945214,человек,.,1.03,городское население,.,.,.,.,.,.,,,,городское,.,.,.,.,.,.,,,,.,Итоги переписи населения 2002 г. http://www.perepis2002.ru/ct/html/TOM_01_04_1.htm,.,.,Sidorenko,.,2002
105,Пермская область,2002_59,.,.,2002,.,2121647,человек,.,1.03,городское население,.,.,.,.,.,.,,,,городское,.,.,.,.,.,.,,,,.,Итоги переписи населения 2002 г. http://www.perepis2002.ru/ct/html/TOM_01_04_1.htm,.,.,Sidorenko,.,2002
106,Пермская область,2002_59,.,.,2002,.,697774,человек,.,1.03,сельское население,.,.,.,.,.,.,,,,сельское,.,.,.,.,.,.,,,,.,Итоги переписи населения 2002 г. http://www.perepis2002.ru/ct/html/TOM_01_04_1.htm,.,.,Sidorenko,.,2002
56,Псковская область,2002_60,.,.,2002,.,258156,человек,.,1.03,сельское население,.,.,.,.,.,.,,,,сельское,.,.,.,.,.,.,,,,.,Итоги переписи населения 2002 г. http://www.perepis2002.ru/ct/html/TOM_01_04_1.htm,.,.,Sidorenko,.,2002
55,Псковская область,2002_60,.,.,2002,.,502654,человек,.,1.03,городское население,.,.,.,.,.,.,,,,городское,.,.,.,.,.,.,,,,.,Итоги переписи населения 2002 г. http://www.perepis2002.ru/ct/html/TOM_01_04_1.htm,.,.,Sidorenko,.,2002
84,Ростовская область,2002_61,.,.,2002,.,1426488,человек,.,1.03,сельское население,.,.,.,.,.,.,,,,сельское,.,.,.,.,.,.,,,,.,Итоги переписи населения 2002 г. http://www.perepis2002.ru/ct/html/TOM_01_04_1.htm,.,.,Sidorenko,.,2002
83,Ростовская область,2002_61,.,.,2002,.,2977525,человек,.,1.03,городское население,.,.,.,.,.,.,,,,городское,.,.,.,.,.,.,,,,.,Итоги переписи населения 2002 г. http://www.perepis2002.ru/ct/html/TOM_01_04_1.htm,.,.,Sidorenko,.,2002
23,Рязанская область,2002_62,.,.,2002,.,846180,человек,.,1.03,городское население,.,.,.,.,.,.,,,,городское,.,.,.,.,.,.,,,,.,Итоги переписи населения 2002 г. http://www.perepis2002.ru/ct/html/TOM_01_04_1.htm,.,.,Sidorenko,.,2002
24,Рязанская область,2002_62,.,.,2002,.,381730,человек,.,1.03,сельское население,.,.,.,.,.,.,,,,сельское,.,.,.,.,.,.,,,,.,Итоги переписи населения 2002 г. http://www.perepis2002.ru/ct/html/TOM_01_04_1.htm,.,.,Sidorenko,.,2002
109,Самарская область,2002_63,.,.,2002,.,2611680,человек,.,1.03,городское население,.,.,.,.,.,.,,,,городское,.,.,.,.,.,.,,,,.,Итоги переписи населения 2002 г. http://www.perepis2002.ru/ct/html/TOM_01_04_1.htm,.,.,Sidorenko,.,2002
110,Самарская область,2002_63,.,.,2002,.,628057,человек,.,1.03,сельское население,.,.,.,.,.,.,,,,сельское,.,.,.,.,.,.,,,,.,Итоги переписи населения 2002 г. http://www.perepis2002.ru/ct/html/TOM_01_04_1.htm,.,.,Sidorenko,.,2002
111,Саратовская область,2002_64,.,.,2002,.,1963858,человек,.,1.03,городское население,.,.,.,.,.,.,,,,городское,.,.,.,.,.,.,,,,.,Итоги переписи населения 2002 г. http://www.perepis2002.ru/ct/html/TOM_01_04_1.htm,.,.,Sidorenko,.,2002
112,Саратовская область,2002_64,.,.,2002,.,704452,человек,.,1.03,сельское население,.,.,.,.,.,.,,,,сельское,.,.,.,.,.,.,,,,.,Итоги переписи населения 2002 г. http://www.perepis2002.ru/ct/html/TOM_01_04_1.htm,.,.,Sidorenko,.,2002
174,Сахалинская область,2002_65,.,.,2002,.,72572,человек,.,1.03,сельское население,.,.,.,.,.,.,,,,сельское,.,.,.,.,.,.,,,,.,Итоги переписи населения 2002 г. http://www.perepis2002.ru/ct/html/TOM_01_04_1.htm,.,.,Sidorenko,.,2002
173,Сахалинская область,2002_65,.,.,2002,.,474123,человек,.,1.03,городское население,.,.,.,.,.,.,,,,городское,.,.,.,.,.,.,,,,.,Итоги переписи населения 2002 г. http://www.perepis2002.ru/ct/html/TOM_01_04_1.htm,.,.,Sidorenko,.,2002
117,Свердловская область,2002_66,.,.,2002,.,3943529,человек,.,1.03,городское население,.,.,.,.,.,.,,,,городское,.,.,.,.,.,.,,,,.,Итоги переписи населения 2002 г. http://www.perepis2002.ru/ct/html/TOM_01_04_1.htm,.,.,Sidorenko,.,2002
118,Свердловская область,2002_66,.,.,2002,.,542685,человек,.,1.03,сельское население,.,.,.,.,.,.,,,,сельское,.,.,.,.,.,.,,,,.,Итоги переписи населения 2002 г. http://www.perepis2002.ru/ct/html/TOM_01_04_1.htm,.,.,Sidorenko,.,2002
26,Смоленская область,2002_67,.,.,2002,.,305975,человек,.,1.03,сельское население,.,.,.,.,.,.,,,,сельское,.,.,.,.,.,.,,,,.,Итоги переписи населения 2002 г. http://www.perepis2002.ru/ct/html/TOM_01_04_1.htm,.,.,Sidorenko,.,2002
25,Смоленская область,2002_67,.,.,2002,.,743599,человек,.,1.03,городское население,.,.,.,.,.,.,,,,городское,.,.,.,.,.,.,,,,.,Итоги переписи населения 2002 г. http://www.perepis2002.ru/ct/html/TOM_01_04_1.htm,.,.,Sidorenko,.,2002
27,Тамбовская область,2002_68,.,.,2002,.,674095,человек,.,1.03,городское население,.,.,.,.,.,.,,,,городское,.,.,.,.,.,.,,,,.,Итоги переписи населения 2002 г. http://www.perepis2002.ru/ct/html/TOM_01_04_1.htm,.,.,Sidorenko,.,2002
28,Тамбовская область,2002_68,.,.,2002,.,504348,человек,.,1.03,сельское население,.,.,.,.,.,.,,,,сельское,.,.,.,.,.,.,,,,.,Итоги переписи населения 2002 г. http://www.perepis2002.ru/ct/html/TOM_01_04_1.htm,.,.,Sidorenko,.,2002
30,Тверская область,2002_69,.,.,2002,.,395713,человек,.,1.03,сельское население,.,.,.,.,.,.,,,,сельское,.,.,.,.,.,.,,,,.,Итоги переписи населения 2002 г. http://www.perepis2002.ru/ct/html/TOM_01_04_1.htm,.,.,Sidorenko,.,2002
29,Тверская область,2002_69,.,.,2002,.,1075746,человек,.,1.03,городское население,.,.,.,.,.,.,,,,городское,.,.,.,.,.,.,,,,.,Итоги переписи населения 2002 г. http://www.perepis2002.ru/ct/html/TOM_01_04_1.htm,.,.,Sidorenko,.,2002
154,Томская область,2002_70,.,.,2002,.,337498,человек,.,1.03,сельское население,.,.,.,.,.,.,,,,сельское,.,.,.,.,.,.,,,,.,Итоги переписи населения 2002 г. http://www.perepis2002.ru/ct/html/TOM_01_04_1.htm,.,.,Sidorenko,.,2002
153,Томская область,2002_70,.,.,2002,.,708541,человек,.,1.03,городское население,.,.,.,.,.,.,,,,городское,.,.,.,.,.,.,,,,.,Итоги переписи населения 2002 г. http://www.perepis2002.ru/ct/html/TOM_01_04_1.htm,.,.,Sidorenko,.,2002
31,Тульская область,2002_71,.,.,2002,.,1366818,человек,.,1.03,городское население,.,.,.,.,.,.,,,,городское,.,.,.,.,.,.,,,,.,Итоги переписи населения 2002 г. http://www.perepis2002.ru/ct/html/TOM_01_04_1.htm,.,.,Sidorenko,.,2002
32,Тульская область,2002_71,.,.,2002,.,308940,человек,.,1.03,сельское население,.,.,.,.,.,.,,,,сельское,.,.,.,.,.,.,,,,.,Итоги переписи населения 2002 г. http://www.perepis2002.ru/ct/html/TOM_01_04_1.htm,.,.,Sidorenko,.,2002
120,Тюменская область,2002_72,.,.,2002,.,738708,человек,.,1.03,сельское население,.,.,.,.,.,.,,,,сельское,.,.,.,.,.,.,,,,.,Итоги переписи населения 2002 г. http://www.perepis2002.ru/ct/html/TOM_01_04_1.htm,.,.,Sidorenko,.,2002
119,Тюменская область,2002_72,.,.,2002,.,2526133,человек,.,1.03,городское население,.,.,.,.,.,.,,,,городское,.,.,.,.,.,.,,,,.,Итоги переписи населения 2002 г. http://www.perepis2002.ru/ct/html/TOM_01_04_1.htm,.,.,Sidorenko,.,2002
114,Ульяновская область,2002_73,.,.,2002,.,371226,человек,.,1.03,сельское население,.,.,.,.,.,.,,,,сельское,.,.,.,.,.,.,,,,.,Итоги переписи населения 2002 г. http://www.perepis2002.ru/ct/html/TOM_01_04_1.htm,.,.,Sidorenko,.,2002
113,Ульяновская область,2002_73,.,.,2002,.,1011585,человек,.,1.03,городское население,.,.,.,.,.,.,,,,городское,.,.,.,.,.,.,,,,.,Итоги переписи населения 2002 г. http://www.perepis2002.ru/ct/html/TOM_01_04_1.htm,.,.,Sidorenko,.,2002
126,Челябинская область,2002_74,.,.,2002,.,655597,человек,.,1.03,сельское население,.,.,.,.,.,.,,,,сельское,.,.,.,.,.,.,,,,.,Итоги переписи населения 2002 г. http://www.perepis2002.ru/ct/html/TOM_01_04_1.htm,.,.,Sidorenko,.,2002
125,Челябинская область,2002_74,.,.,2002,.,2947742,человек,.,1.03,городское население,.,.,.,.,.,.,,,,городское,.,.,.,.,.,.,,,,.,Итоги переписи населения 2002 г. http://www.perepis2002.ru/ct/html/TOM_01_04_1.htm,.,.,Sidorenko,.,2002
155,Читинская область,2002_75,.,.,2002,.,738545,человек,.,1.03,городское население,.,.,.,.,.,.,,,,городское,.,.,.,.,.,.,,,,.,Итоги переписи населения 2002 г. http://www.perepis2002.ru/ct/html/TOM_01_04_1.htm,.,.,Sidorenko,.,2002
156,Читинская область,2002_75,.,.,2002,.,416801,человек,.,1.03,сельское население,.,.,.,.,.,.,,,,сельское,.,.,.,.,.,.,,,,.,Итоги переписи населения 2002 г. http://www.perepis2002.ru/ct/html/TOM_01_04_1.htm,.,.,Sidorenko,.,2002
33,Ярославская область,2002_76,.,.,2002,.,1106805,человек,.,1.03,городское население,.,.,.,.,.,.,,,,городское,.,.,.,.,.,.,,,,.,Итоги переписи населения 2002 г. http://www.perepis2002.ru/ct/html/TOM_01_04_1.htm,.,.,Sidorenko,.,2002
34,Ярославская область,2002_76,.,.,2002,.,260593,человек,.,1.03,сельское население,.,.,.,.,.,.,,,,сельское,.,.,.,.,.,.,,,,.,Итоги переписи населения 2002 г. http://www.perepis2002.ru/ct/html/TOM_01_04_1.htm,.,.,Sidorenko,.,2002
35,г. Москва,2002_77,.,.,2002,.,10382754,человек,.,1.03,городское население,.,.,.,.,.,.,,,,городское,.,.,.,.,.,.,,,,.,Итоги переписи населения 2002 г. http://www.perepis2002.ru/ct/html/TOM_01_04_1.htm,.,.,Sidorenko,.,2002
36,г. Москва,2002_77,.,.,2002,.,0,человек,.,1.03,сельское население,.,.,.,.,.,.,,,,сельское,.,.,.,.,.,.,,,,.,Итоги переписи населения 2002 г. http://www.perepis2002.ru/ct/html/TOM_01_04_1.htm,.,.,Sidorenko,.,2002
58,г. Санкт-Петербург,2002_78,.,.,2002,.,0,человек,.,1.03,сельское население,.,.,.,.,.,.,,,,сельское,.,.,.,.,.,.,,,,.,Итоги переписи населения 2002 г. http://www.perepis2002.ru/ct/html/TOM_01_04_1.htm,.,.,Sidorenko,.,2002
57,г. Санкт-Петербург,2002_78,.,.,2002,.,4661219,человек,.,1.03,городское население,.,.,.,.,.,.,,,,городское,.,.,.,.,.,.,,,,.,Итоги переписи населения 2002 г. http://www.perepis2002.ru/ct/html/TOM_01_04_1.htm,.,.,Sidorenko,.,2002
176,Еврейская автономная область,2002_79,.,.,2002,.,62556,человек,.,1.03,сельское население,.,.,.,.,.,.,,,,сельское,.,.,.,.,.,.,,,,.,Итоги переписи населения 2002 г. http://www.perepis2002.ru/ct/html/TOM_01_04_1.htm,.,.,Sidorenko,.,2002
175,Еврейская автономная область,2002_79,.,.,2002,.,128359,человек,.,1.03,городское население,.,.,.,.,.,.,,,,городское,.,.,.,.,.,.,,,,.,Итоги переписи населения 2002 г. http://www.perepis2002.ru/ct/html/TOM_01_04_1.htm,.,.,Sidorenko,.,2002
157,Агинский Бурятский автономный округ,2002_80,.,.,2002,.,25510,человек,.,1.03,городское население,.,.,.,.,.,.,,,,городское,.,.,.,.,.,.,,,,.,Итоги переписи населения 2002 г. http://www.perepis2002.ru/ct/html/TOM_01_04_1.htm,.,.,Sidorenko,.,2002
158,Агинский Бурятский автономный округ,2002_80,.,.,2002,.,46703,человек,.,1.03,сельское население,.,.,.,.,.,.,,,,сельское,.,.,.,.,.,.,,,,.,Итоги переписи населения 2002 г. http://www.perepis2002.ru/ct/html/TOM_01_04_1.htm,.,.,Sidorenko,.,2002
108,Коми-Пермяцкий автономный округ,2002_81,.,.,2002,.,100336,человек,.,1.03,сельское население,.,.,.,.,.,.,,,,сельское,.,.,.,.,.,.,,,,.,Итоги переписи населения 2002 г. http://www.perepis2002.ru/ct/html/TOM_01_04_1.htm,.,.,Sidorenko,.,2002
107,Коми-Пермяцкий автономный округ,2002_81,.,.,2002,.,35740,человек,.,1.03,городское население,.,.,.,.,.,.,,,,городское,.,.,.,.,.,.,,,,.,Итоги переписи населения 2002 г. http://www.perepis2002.ru/ct/html/TOM_01_04_1.htm,.,.,Sidorenko,.,2002
169,Корякский автономный округ,2002_82,.,.,2002,.,6517,человек,.,1.03,городское население,.,.,.,.,.,.,,,,городское,.,.,.,.,.,.,,,,.,Итоги переписи населения 2002 г. http://www.perepis2002.ru/ct/html/TOM_01_04_1.htm,.,.,Sidorenko,.,2002
170,Корякский автономный округ,2002_82,.,.,2002,.,18640,человек,.,1.03,сельское население,.,.,.,.,.,.,,,,сельское,.,.,.,.,.,.,,,,.,Итоги переписи населения 2002 г. http://www.perepis2002.ru/ct/html/TOM_01_04_1.htm,.,.,Sidorenko,.,2002
44,Ненецкий автономный округ,2002_83,.,.,2002,.,15304,человек,.,1.03,сельское население,.,.,.,.,.,.,,,,сельское,.,.,.,.,.,.,,,,.,Итоги переписи населения 2002 г. http://www.perepis2002.ru/ct/html/TOM_01_04_1.htm,.,.,Sidorenko,.,2002
43,Ненецкий автономный округ,2002_83,.,.,2002,.,26242,человек,.,1.03,городское население,.,.,.,.,.,.,,,,городское,.,.,.,.,.,.,,,,.,Итоги переписи населения 2002 г. http://www.perepis2002.ru/ct/html/TOM_01_04_1.htm,.,.,Sidorenko,.,2002
139,Таймырский (Долгано-Ненецкий) автономный округ,2002_84,.,.,2002,.,26330,человек,.,1.03,городское население,.,.,.,.,.,.,,,,городское,.,.,.,.,.,.,,,,.,Итоги переписи населения 2002 г. http://www.perepis2002.ru/ct/html/TOM_01_04_1.htm,.,.,Sidorenko,.,2002
140,Таймырский (Долгано-Ненецкий) автономный округ,2002_84,.,.,2002,.,13456,человек,.,1.03,сельское население,.,.,.,.,.,.,,,,сельское,.,.,.,.,.,.,,,,.,Итоги переписи населения 2002 г. http://www.perepis2002.ru/ct/html/TOM_01_04_1.htm,.,.,Sidorenko,.,2002
146,Усть-Ордынский Бурятский автономный округ,2002_85,.,.,2002,.,135327,человек,.,1.03,сельское население,.,.,.,.,.,.,,,,сельское,.,.,.,.,.,.,,,,.,Итоги переписи населения 2002 г. http://www.perepis2002.ru/ct/html/TOM_01_04_1.htm,.,.,Sidorenko,.,2002
145,Усть-Ордынский Бурятский автономный округ,2002_85,.,.,2002,.,0,человек,.,1.03,городское население,.,.,.,.,.,.,,,,городское,.,.,.,.,.,.,,,,.,Итоги переписи населения 2002 г. http://www.perepis2002.ru/ct/html/TOM_01_04_1.htm,.,.,Sidorenko,.,2002
122,Ханты-Мансийский автономный округ,2002_86,.,.,2002,.,130893,человек,.,1.03,сельское население,.,.,.,.,.,.,,,,сельское,.,.,.,.,.,.,,,,.,Итоги переписи населения 2002 г. http://www.perepis2002.ru/ct/html/TOM_01_04_1.htm,.,.,Sidorenko,.,2002
121,Ханты-Мансийский автономный округ,2002_86,.,.,2002,.,1301924,человек,.,1.03,городское население,.,.,.,.,.,.,,,,городское,.,.,.,.,.,.,,,,.,Итоги переписи населения 2002 г. http://www.perepis2002.ru/ct/html/TOM_01_04_1.htm,.,.,Sidorenko,.,2002
177,Чукотский автономный округ,2002_87,.,.,2002,.,35869,человек,.,1.03,городское население,.,.,.,.,.,.,,,,городское,.,.,.,.,.,.,,,,.,Итоги переписи населения 2002 г. http://www.perepis2002.ru/ct/html/TOM_01_04_1.htm,.,.,Sidorenko,.,2002
178,Чукотский автономный округ,2002_87,.,.,2002,.,17955,человек,.,1.03,сельское население,.,.,.,.,.,.,,,,сельское,.,.,.,.,.,.,,,,.,Итоги переписи населения 2002 г. http://www.perepis2002.ru/ct/html/TOM_01_04_1.htm,.,.,Sidorenko,.,2002
141,Эвенкийский автономный округ,2002_88,.,.,2002,.,5836,человек,.,1.03,городское население,.,.,.,.,.,.,,,,городское,.,.,.,.,.,.,,,,.,Итоги переписи населения 2002 г. http://www.perepis2002.ru/ct/html/TOM_01_04_1.htm,.,.,Sidorenko,.,2002
142,Эвенкийский автономный округ,2002_88,.,.,2002,.,11861,человек,.,1.03,сельское население,.,.,.,.,.,.,,,,сельское,.,.,.,.,.,.,,,,.,Итоги переписи населения 2002 г. http://www.perepis2002.ru/ct/html/TOM_01_04_1.htm,.,.,Sidorenko,.,2002
123,Ямало-Ненецкий автономный округ,2002_89,.,.,2002,.,422826,человек,.,1.03,городское население,.,.,.,.,.,.,,,,городское,.,.,.,.,.,.,,,,.,Итоги переписи населения 2002 г. http://www.perepis2002.ru/ct/html/TOM_01_04_1.htm,.,.,Sidorenko,.,2002
124,Ямало-Ненецкий автономный округ,2002_89,.,.,2002,.,84180,человек,.,1.03,сельское население,.,.,.,.,.,.,,,,сельское,.,.,.,.,.,.,,,,.,Итоги переписи населения 2002 г. http://www.perepis2002.ru/ct/html/TOM_01_04_1.htm,.,.,Sidorenko,.,2002
