ID,TERRITORY,TER_CODE,TOWN,DISTRICT,YEAR,MONTH,VALUE,VALUE_UNIT,VALUE_LABEL,DATATYPE,HISTCLASS1,HISTCLASS2,HISTCLASS3,HISTCLASS4,HISTCLASS5,HISTCLASS6,HISTCLASS7,HISTCLASS8,HISTCLASS9,HISTCLASS10,CLASS1,CLASS2,CLASS3,CLASS4,CLASS5,CLASS6,CLASS7,CLASS8,CLASS9,CLASS10,COMMENT_SOURCE,SOURCE,VOLUME,PAGE,NABORSHIK_ID,COMMENT_NABORSHIK,
1,Архангельская губерния,1795_01,.,.,1795,.,86013,человек,.,1.01,душ мужского пола,податные и неподатные сословия,.,.,.,.,.,,,,мужчины,.,.,.,.,.,.,,,,.,расчет наш,.,.,Korchmina,.,1795
51,Архангельская губерния,1795_01,.,.,1795,.,101210,человек,.,1.01,душ женского пола,податные и неподатные сословия,.,.,.,.,.,,,,женщины,.,.,.,.,.,.,,,,.,расчет наш,.,.,Korchmina,.,1795
52,Брацлавская губерния,1795_02,.,.,1795,.,418241,человек,.,1.01,душ женского пола,податные и неподатные сословия,.,.,.,.,.,,,,женщины,.,.,.,.,.,.,,,,.,расчет наш,.,.,Korchmina,.,1795
2,Брацлавская губерния,1795_02,.,.,1795,.,418374,человек,.,1.01,душ мужского пола,податные и неподатные сословия,.,.,.,.,.,,,,мужчины,.,.,.,.,.,.,,,,.,расчет наш,.,.,Korchmina,.,1795
3,Виленская губерния,1795_03,.,.,1795,.,536445,человек,.,1.01,душ мужского пола,податные и неподатные сословия,.,.,.,.,.,,,,мужчины,.,.,.,.,.,.,,,,.,расчет наш,.,.,Korchmina,.,1795
53,Виленская губерния,1795_03,.,.,1795,.,536274,человек,.,1.01,душ женского пола,податные и неподатные сословия,.,.,.,.,.,,,,женщины,.,.,.,.,.,.,,,,.,расчет наш,.,.,Korchmina,.,1795
54,Владимирская губерния,1795_04,.,.,1795,.,547312,человек,.,1.01,душ женского пола,податные и неподатные сословия,.,.,.,.,.,,,,женщины,.,.,.,.,.,.,,,,.,расчет наш,.,.,Korchmina,.,1795
4,Владимирская губерния,1795_04,.,.,1795,.,467729,человек,.,1.01,душ мужского пола,податные и неподатные сословия,.,.,.,.,.,,,,мужчины,.,.,.,.,.,.,,,,.,расчет наш,.,.,Korchmina,.,1795
5,Вознесенская губерния,1795_05,.,.,1795,.,376748,человек,.,1.01,душ мужского пола,податные и неподатные сословия,.,.,.,.,.,,,,мужчины,.,.,.,.,.,.,,,,.,расчет наш,.,.,Korchmina,.,1795
55,Вознесенская губерния,1795_05,.,.,1795,.,376628,человек,.,1.01,душ женского пола,податные и неподатные сословия,.,.,.,.,.,,,,женщины,.,.,.,.,.,.,,,,.,расчет наш,.,.,Korchmina,.,1795
56,Вологодская губерния,1795_06,.,.,1795,.,297013,человек,.,1.01,душ женского пола,податные и неподатные сословия,.,.,.,.,.,,,,женщины,.,.,.,.,.,.,,,,.,расчет наш,.,.,Korchmina,.,1795
6,Вологодская губерния,1795_06,.,.,1795,.,296327,человек,.,1.01,душ мужского пола,податные и неподатные сословия,.,.,.,.,.,,,,мужчины,.,.,.,.,.,.,,,,.,расчет наш,.,.,Korchmina,.,1795
57,Волынская губерния,1795_07,.,.,1795,.,306683,человек,.,1.01,душ женского пола,податные и неподатные сословия,.,.,.,.,.,,,,женщины,.,.,.,.,.,.,,,,.,расчет наш,.,.,Korchmina,.,1795
7,Волынская губерния,1795_07,.,.,1795,.,306781,человек,.,1.01,душ мужского пола,податные и неподатные сословия,.,.,.,.,.,,,,мужчины,.,.,.,.,.,.,,,,.,расчет наш,.,.,Korchmina,.,1795
8,Воронежская губерния,1795_08,.,.,1795,.,495511,человек,.,1.01,душ мужского пола,податные и неподатные сословия,.,.,.,.,.,,,,мужчины,.,.,.,.,.,.,,,,.,расчет наш,.,.,Korchmina,.,1795
58,Воронежская губерния,1795_08,.,.,1795,.,482696,человек,.,1.01,душ женского пола,податные и неподатные сословия,.,.,.,.,.,,,,женщины,.,.,.,.,.,.,,,,.,расчет наш,.,.,Korchmina,.,1795
59,Выборгская губерния,1795_09,.,.,1795,.,94619,человек,.,1.01,душ женского пола,податные и неподатные сословия,.,.,.,.,.,,,,женщины,.,.,.,.,.,.,,,,.,расчет наш,.,.,Korchmina,.,1795
9,Выборгская губерния,1795_09,.,.,1795,.,94613,человек,.,1.01,душ мужского пола,податные и неподатные сословия,.,.,.,.,.,,,,мужчины,.,.,.,.,.,.,,,,.,расчет наш,.,.,Korchmina,.,1795
10,Вятская губерния,1795_10,.,.,1795,.,463801,человек,.,1.01,душ мужского пола,податные и неподатные сословия,.,.,.,.,.,,,,мужчины,.,.,.,.,.,.,,,,.,расчет наш,.,.,Korchmina,.,1795
60,Вятская губерния,1795_10,.,.,1795,.,463846,человек,.,1.01,душ женского пола,податные и неподатные сословия,.,.,.,.,.,,,,женщины,.,.,.,.,.,.,,,,.,расчет наш,.,.,Korchmina,.,1795
61,Екатеринославское наместничество,1795_11,.,.,1795,.,563658,человек,.,1.01,душ женского пола,податные и неподатные сословия,.,.,.,.,.,,,,женщины,.,.,.,.,.,.,,,,.,расчет наш,.,.,Korchmina,.,1795
11,Екатеринославское наместничество,1795_11,.,.,1795,.,563838,человек,.,1.01,душ мужского пола,податные и неподатные сословия,.,.,.,.,.,,,,мужчины,.,.,.,.,.,.,,,,.,расчет наш,.,.,Korchmina,.,1795
62,Земля войска Донского,1795_12,.,.,1795,.,107471,человек,.,1.01,душ женского пола,податные и неподатные сословия,.,.,.,.,.,,,,женщины,.,.,.,.,.,.,,,,.,расчет наш,.,.,Korchmina,.,1795
12,Земля войска Донского,1795_12,.,.,1795,.,109618,человек,.,1.01,душ мужского пола,податные и неподатные сословия,.,.,.,.,.,,,,мужчины,.,.,.,.,.,.,,,,.,расчет наш,.,.,Korchmina,.,1795
13,Иркутская губерния,1795_13,.,.,1795,.,181923,человек,.,1.01,душ мужского пола,податные и неподатные сословия,.,.,.,.,.,,,,мужчины,.,.,.,.,.,.,,,,.,расчет наш,.,.,Korchmina,.,1795
63,Иркутская губерния,1795_13,.,.,1795,.,181666,человек,.,1.01,душ женского пола,податные и неподатные сословия,.,.,.,.,.,,,,женщины,.,.,.,.,.,.,,,,.,расчет наш,.,.,Korchmina,.,1795
14,Кавказская область Астраханской губернии,1795_14,.,.,1795,.,83178,человек,.,1.01,душ мужского пола,податные и неподатные сословия,.,.,.,.,.,,,,мужчины,.,.,.,.,.,.,,,,.,расчет наш,.,.,Korchmina,.,1795
64,Кавказская область Астраханской губернии,1795_14,.,.,1795,.,81549,человек,.,1.01,душ женского пола,податные и неподатные сословия,.,.,.,.,.,,,,женщины,.,.,.,.,.,.,,,,.,расчет наш,.,.,Korchmina,.,1795
65,Казанская губерния,1795_15,.,.,1795,.,418826,человек,.,1.01,душ женского пола,податные и неподатные сословия,.,.,.,.,.,,,,женщины,.,.,.,.,.,.,,,,.,расчет наш,.,.,Korchmina,.,1795
15,Казанская губерния,1795_15,.,.,1795,.,418805,человек,.,1.01,душ мужского пола,податные и неподатные сословия,.,.,.,.,.,,,,мужчины,.,.,.,.,.,.,,,,.,расчет наш,.,.,Korchmina,.,1795
16,Калужская губерния,1795_16,.,.,1795,.,391670,человек,.,1.01,душ мужского пола,податные и неподатные сословия,.,.,.,.,.,,,,мужчины,.,.,.,.,.,.,,,,.,расчет наш,.,.,Korchmina,.,1795
66,Калужская губерния,1795_16,.,.,1795,.,365737,человек,.,1.01,душ женского пола,податные и неподатные сословия,.,.,.,.,.,,,,женщины,.,.,.,.,.,.,,,,.,расчет наш,.,.,Korchmina,.,1795
17,Киевская губерния,1795_17,.,.,1795,.,489036,человек,.,1.01,душ мужского пола,податные и неподатные сословия,.,.,.,.,.,,,,мужчины,.,.,.,.,.,.,,,,.,расчет наш,.,.,Korchmina,.,1795
67,Киевская губерния,1795_17,.,.,1795,.,488880,человек,.,1.01,душ женского пола,податные и неподатные сословия,.,.,.,.,.,,,,женщины,.,.,.,.,.,.,,,,.,расчет наш,.,.,Korchmina,.,1795
68,Колыванская губерния,1795_18,.,.,1795,.,31431,человек,.,1.01,душ женского пола,податные и неподатные сословия,.,.,.,.,.,,,,женщины,.,.,.,.,.,.,,,,.,расчет наш,.,.,Korchmina,.,1795
18,Колыванская губерния,1795_18,.,.,1795,.,31475,человек,.,1.01,душ мужского пола,податные и неподатные сословия,.,.,.,.,.,,,,мужчины,.,.,.,.,.,.,,,,.,расчет наш,.,.,Korchmina,.,1795
19,Костромская губерния,1795_19,.,.,1795,.,415069,человек,.,1.01,душ мужского пола,податные и неподатные сословия,.,.,.,.,.,,,,мужчины,.,.,.,.,.,.,,,,.,расчет наш,.,.,Korchmina,.,1795
69,Костромская губерния,1795_19,.,.,1795,.,415068,человек,.,1.01,душ женского пола,податные и неподатные сословия,.,.,.,.,.,,,,женщины,.,.,.,.,.,.,,,,.,расчет наш,.,.,Korchmina,.,1795
92,Таврическая область,1795_20,.,.,1795,.,118651,человек,.,1.01,душ женского пола,податные и неподатные сословия,.,.,.,.,.,,,,женщины,.,.,.,.,.,.,,,,.,расчет наш,.,.,Korchmina,.,1795
42,Таврическая область,1795_20,.,.,1795,.,121021,человек,.,1.01,душ мужского пола,податные и неподатные сословия,.,.,.,.,.,,,,мужчины,.,.,.,.,.,.,,,,.,расчет наш,.,.,Korchmina,.,1795
70,Курская губерния,1795_21,.,.,1795,.,502988,человек,.,1.01,душ женского пола,податные и неподатные сословия,.,.,.,.,.,,,,женщины,.,.,.,.,.,.,,,,.,расчет наш,.,.,Korchmina,.,1795
20,Курская губерния,1795_21,.,.,1795,.,503965,человек,.,1.01,душ мужского пола,податные и неподатные сословия,.,.,.,.,.,,,,мужчины,.,.,.,.,.,.,,,,.,расчет наш,.,.,Korchmina,.,1795
71,Минская губерния,1795_22,.,.,1795,.,398250,человек,.,1.01,душ женского пола,податные и неподатные сословия,.,.,.,.,.,,,,женщины,.,.,.,.,.,.,,,,.,расчет наш,.,.,Korchmina,.,1795
21,Минская губерния,1795_22,.,.,1795,.,398377,человек,.,1.01,душ мужского пола,податные и неподатные сословия,.,.,.,.,.,,,,мужчины,.,.,.,.,.,.,,,,.,расчет наш,.,.,Korchmina,.,1795
22,Могилевская губерния,1795_23,.,.,1795,.,353590,человек,.,1.01,душ мужского пола,податные и неподатные сословия,.,.,.,.,.,,,,мужчины,.,.,.,.,.,.,,,,.,расчет наш,.,.,Korchmina,.,1795
72,Могилевская губерния,1795_23,.,.,1795,.,353477,человек,.,1.01,душ женского пола,податные и неподатные сословия,.,.,.,.,.,,,,женщины,.,.,.,.,.,.,,,,.,расчет наш,.,.,Korchmina,.,1795
73,Московская губерния,1795_24,.,.,1795,.,484695,человек,.,1.01,душ женского пола,податные и неподатные сословия,.,.,.,.,.,,,,женщины,.,.,.,.,.,.,,,,.,расчет наш,.,.,Korchmina,.,1795
23,Московская губерния,1795_24,.,.,1795,.,484572,человек,.,1.01,душ мужского пола,податные и неподатные сословия,.,.,.,.,.,,,,мужчины,.,.,.,.,.,.,,,,.,расчет наш,.,.,Korchmina,.,1795
24,Нижегородская губерния,1795_25,.,.,1795,.,428046,человек,.,1.01,душ мужского пола,податные и неподатные сословия,.,.,.,.,.,,,,мужчины,.,.,.,.,.,.,,,,.,расчет наш,.,.,Korchmina,.,1795
74,Нижегородская губерния,1795_25,.,.,1795,.,428043,человек,.,1.01,душ женского пола,податные и неподатные сословия,.,.,.,.,.,,,,женщины,.,.,.,.,.,.,,,,.,расчет наш,.,.,Korchmina,.,1795
75,Новгородско-Северская губерния,1795_26,.,.,1795,.,319749,человек,.,1.01,душ женского пола,податные и неподатные сословия,.,.,.,.,.,,,,женщины,.,.,.,.,.,.,,,,.,расчет наш,.,.,Korchmina,.,1795
25,Новгородско-Северская губерния,1795_26,.,.,1795,.,319851,человек,.,1.01,душ мужского пола,податные и неподатные сословия,.,.,.,.,.,,,,мужчины,.,.,.,.,.,.,,,,.,расчет наш,.,.,Korchmina,.,1795
26,Новгородская губерния,1795_27,.,.,1795,.,324210,человек,.,1.01,душ мужского пола,податные и неподатные сословия,.,.,.,.,.,,,,мужчины,.,.,.,.,.,.,,,,.,расчет наш,.,.,Korchmina,.,1795
76,Новгородская губерния,1795_27,.,.,1795,.,324229,человек,.,1.01,душ женского пола,податные и неподатные сословия,.,.,.,.,.,,,,женщины,.,.,.,.,.,.,,,,.,расчет наш,.,.,Korchmina,.,1795
77,Олонецкая губерния,1795_28,.,.,1795,.,104908,человек,.,1.01,душ женского пола,податные и неподатные сословия,.,.,.,.,.,,,,женщины,.,.,.,.,.,.,,,,.,расчет наш,.,.,Korchmina,.,1795
27,Олонецкая губерния,1795_28,.,.,1795,.,103480,человек,.,1.01,душ мужского пола,податные и неподатные сословия,.,.,.,.,.,,,,мужчины,.,.,.,.,.,.,,,,.,расчет наш,.,.,Korchmina,.,1795
28,Орловская губерния,1795_29,.,.,1795,.,509450,человек,.,1.01,душ мужского пола,податные и неподатные сословия,.,.,.,.,.,,,,мужчины,.,.,.,.,.,.,,,,.,расчет наш,.,.,Korchmina,.,1795
78,Орловская губерния,1795_29,.,.,1795,.,509528,человек,.,1.01,душ женского пола,податные и неподатные сословия,.,.,.,.,.,,,,женщины,.,.,.,.,.,.,,,,.,расчет наш,.,.,Korchmina,.,1795
79,Пензенская губерния,1795_30,.,.,1795,.,342582,человек,.,1.01,душ женского пола,податные и неподатные сословия,.,.,.,.,.,,,,женщины,.,.,.,.,.,.,,,,.,расчет наш,.,.,Korchmina,.,1795
29,Пензенская губерния,1795_30,.,.,1795,.,349426,человек,.,1.01,душ мужского пола,податные и неподатные сословия,.,.,.,.,.,,,,мужчины,.,.,.,.,.,.,,,,.,расчет наш,.,.,Korchmina,.,1795
30,Пермская губерния,1795_31,.,.,1795,.,391778,человек,.,1.01,душ мужского пола,податные и неподатные сословия,.,.,.,.,.,,,,мужчины,.,.,.,.,.,.,,,,.,расчет наш,.,.,Korchmina,.,1795
80,Пермская губерния,1795_31,.,.,1795,.,391225,человек,.,1.01,душ женского пола,податные и неподатные сословия,.,.,.,.,.,,,,женщины,.,.,.,.,.,.,,,,.,расчет наш,.,.,Korchmina,.,1795
81,Подольская губерния,1795_32,.,.,1795,.,411634,человек,.,1.01,душ женского пола,податные и неподатные сословия,.,.,.,.,.,,,,женщины,.,.,.,.,.,.,,,,.,расчет наш,.,.,Korchmina,.,1795
31,Подольская губерния,1795_32,.,.,1795,.,411765,человек,.,1.01,душ мужского пола,податные и неподатные сословия,.,.,.,.,.,,,,мужчины,.,.,.,.,.,.,,,,.,расчет наш,.,.,Korchmina,.,1795
82,Полоцкая губерния,1795_33,.,.,1795,.,.,человек,.,1.01,душ женского пола,податные и неподатные сословия,.,.,.,.,.,,,,женщины,.,.,.,.,.,.,,,,.,расчет наш,.,.,Korchmina,.,1795
32,Полоцкая губерния,1795_33,.,.,1795,.,.,человек,.,1.01,душ мужского пола,податные и неподатные сословия,.,.,.,.,.,,,,мужчины,.,.,.,.,.,.,,,,.,расчет наш,.,.,Korchmina,.,1795
33,Псковская губерния,1795_34,.,.,1795,.,316564,человек,.,1.01,душ мужского пола,податные и неподатные сословия,.,.,.,.,.,,,,мужчины,.,.,.,.,.,.,,,,.,расчет наш,.,.,Korchmina,.,1795
83,Псковская губерния,1795_34,.,.,1795,.,316583,человек,.,1.01,душ женского пола,податные и неподатные сословия,.,.,.,.,.,,,,женщины,.,.,.,.,.,.,,,,.,расчет наш,.,.,Korchmina,.,1795
84,Ревельская губерния,1795_35,.,.,1795,.,108201,человек,.,1.01,душ женского пола,податные и неподатные сословия,.,.,.,.,.,,,,женщины,.,.,.,.,.,.,,,,.,расчет наш,.,.,Korchmina,.,1795
34,Ревельская губерния,1795_35,.,.,1795,.,108195,человек,.,1.01,душ мужского пола,податные и неподатные сословия,.,.,.,.,.,,,,мужчины,.,.,.,.,.,.,,,,.,расчет наш,.,.,Korchmina,.,1795
85,Рижская губерния,1795_36,.,.,1795,.,276136,человек,.,1.01,душ женского пола,податные и неподатные сословия,.,.,.,.,.,,,,женщины,.,.,.,.,.,.,,,,.,расчет наш,.,.,Korchmina,.,1795
35,Рижская губерния,1795_36,.,.,1795,.,276119,человек,.,1.01,душ мужского пола,податные и неподатные сословия,.,.,.,.,.,,,,мужчины,.,.,.,.,.,.,,,,.,расчет наш,.,.,Korchmina,.,1795
36,Рязанская губерния,1795_37,.,.,1795,.,458988,человек,.,1.01,душ мужского пола,податные и неподатные сословия,.,.,.,.,.,,,,мужчины,.,.,.,.,.,.,,,,.,расчет наш,.,.,Korchmina,.,1795
86,Рязанская губерния,1795_37,.,.,1795,.,458891,человек,.,1.01,душ женского пола,податные и неподатные сословия,.,.,.,.,.,,,,женщины,.,.,.,.,.,.,,,,.,расчет наш,.,.,Korchmina,.,1795
37,Санкт-Петербургская губерния,1795_38,.,.,1795,.,196894,человек,.,1.01,душ мужского пола,податные и неподатные сословия,.,.,.,.,.,,,,мужчины,.,.,.,.,.,.,,,,.,расчет наш,.,.,Korchmina,.,1795
87,Санкт-Петербургская губерния,1795_38,.,.,1795,.,183977,человек,.,1.01,душ женского пола,податные и неподатные сословия,.,.,.,.,.,,,,женщины,.,.,.,.,.,.,,,,.,расчет наш,.,.,Korchmina,.,1795
88,Саратовская губерния,1795_39,.,.,1795,.,534439,человек,.,1.01,душ женского пола,податные и неподатные сословия,.,.,.,.,.,,,,женщины,.,.,.,.,.,.,,,,.,расчет наш,.,.,Korchmina,.,1795
38,Саратовская губерния,1795_39,.,.,1795,.,418809,человек,.,1.01,душ мужского пола,податные и неподатные сословия,.,.,.,.,.,,,,мужчины,.,.,.,.,.,.,,,,.,расчет наш,.,.,Korchmina,.,1795
39,Симбирская губерния,1795_40,.,.,1795,.,416670,человек,.,1.01,душ мужского пола,податные и неподатные сословия,.,.,.,.,.,,,,мужчины,.,.,.,.,.,.,,,,.,расчет наш,.,.,Korchmina,.,1795
89,Симбирская губерния,1795_40,.,.,1795,.,421265,человек,.,1.01,душ женского пола,податные и неподатные сословия,.,.,.,.,.,,,,женщины,.,.,.,.,.,.,,,,.,расчет наш,.,.,Korchmina,.,1795
90,Слонимское наместничество,1795_41,.,.,1795,.,327367,человек,.,1.01,душ женского пола,податные и неподатные сословия,.,.,.,.,.,,,,женщины,.,.,.,.,.,.,,,,.,расчет наш,.,.,Korchmina,.,1795
40,Слонимское наместничество,1795_41,.,.,1795,.,327471,человек,.,1.01,душ мужского пола,податные и неподатные сословия,.,.,.,.,.,,,,мужчины,.,.,.,.,.,.,,,,.,расчет наш,.,.,Korchmina,.,1795
91,Смоленская губерния,1795_42,.,.,1795,.,475182,человек,.,1.01,душ женского пола,податные и неподатные сословия,.,.,.,.,.,,,,женщины,.,.,.,.,.,.,,,,.,расчет наш,.,.,Korchmina,.,1795
41,Смоленская губерния,1795_42,.,.,1795,.,475164,человек,.,1.01,душ мужского пола,податные и неподатные сословия,.,.,.,.,.,,,,мужчины,.,.,.,.,.,.,,,,.,расчет наш,.,.,Korchmina,.,1795
93,Тамбовская губерния,1795_43,.,.,1795,.,516976,человек,.,1.01,душ женского пола,податные и неподатные сословия,.,.,.,.,.,,,,женщины,.,.,.,.,.,.,,,,.,расчет наш,.,.,Korchmina,.,1795
43,Тамбовская губерния,1795_43,.,.,1795,.,527304,человек,.,1.01,душ мужского пола,податные и неподатные сословия,.,.,.,.,.,,,,мужчины,.,.,.,.,.,.,,,,.,расчет наш,.,.,Korchmina,.,1795
44,Тверская губерния,1795_44,.,.,1795,.,505994,человек,.,1.01,душ мужского пола,податные и неподатные сословия,.,.,.,.,.,,,,мужчины,.,.,.,.,.,.,,,,.,расчет наш,.,.,Korchmina,.,1795
94,Тверская губерния,1795_44,.,.,1795,.,460440,человек,.,1.01,душ женского пола,податные и неподатные сословия,.,.,.,.,.,,,,женщины,.,.,.,.,.,.,,,,.,расчет наш,.,.,Korchmina,.,1795
95,Тобольская губерния,1795_45,.,.,1795,.,321083,человек,.,1.01,душ женского пола,податные и неподатные сословия,.,.,.,.,.,,,,женщины,.,.,.,.,.,.,,,,.,расчет наш,.,.,Korchmina,.,1795
45,Тобольская губерния,1795_45,.,.,1795,.,321537,человек,.,1.01,душ мужского пола,податные и неподатные сословия,.,.,.,.,.,,,,мужчины,.,.,.,.,.,.,,,,.,расчет наш,.,.,Korchmina,.,1795
46,Тульская губерния,1795_46,.,.,1795,.,459974,человек,.,1.01,душ мужского пола,податные и неподатные сословия,.,.,.,.,.,,,,мужчины,.,.,.,.,.,.,,,,.,расчет наш,.,.,Korchmina,.,1795
96,Тульская губерния,1795_46,.,.,1795,.,531339,человек,.,1.01,душ женского пола,податные и неподатные сословия,.,.,.,.,.,,,,женщины,.,.,.,.,.,.,,,,.,расчет наш,.,.,Korchmina,.,1795
97,Уфимское наместничество,1795_47,.,.,1795,.,553472,человек,.,1.01,душ женского пола,податные и неподатные сословия,.,.,.,.,.,,,,женщины,.,.,.,.,.,.,,,,.,расчет наш,.,.,Korchmina,.,1795
47,Уфимское наместничество,1795_47,.,.,1795,.,554254,человек,.,1.01,душ мужского пола,податные и неподатные сословия,.,.,.,.,.,,,,мужчины,.,.,.,.,.,.,,,,.,расчет наш,.,.,Korchmina,.,1795
98,Харьковская губерния,1795_48,.,.,1795,.,444224,человек,.,1.01,душ женского пола,податные и неподатные сословия,.,.,.,.,.,,,,женщины,.,.,.,.,.,.,,,,.,расчет наш,.,.,Korchmina,.,1795
48,Харьковская губерния,1795_48,.,.,1795,.,444366,человек,.,1.01,душ мужского пола,податные и неподатные сословия,.,.,.,.,.,,,,мужчины,.,.,.,.,.,.,,,,.,расчет наш,.,.,Korchmina,.,1795
49,Черниговская губерния,1795_49,.,.,1795,.,426731,человек,.,1.01,душ мужского пола,податные и неподатные сословия,.,.,.,.,.,,,,мужчины,.,.,.,.,.,.,,,,.,расчет наш,.,.,Korchmina,.,1795
99,Черниговская губерния,1795_49,.,.,1795,.,426595,человек,.,1.01,душ женского пола,податные и неподатные сословия,.,.,.,.,.,,,,женщины,.,.,.,.,.,.,,,,.,расчет наш,.,.,Korchmina,.,1795
100,Ярославская губерния,1795_50,.,.,1795,.,387422,человек,.,1.01,душ женского пола,податные и неподатные сословия,.,.,.,.,.,,,,женщины,.,.,.,.,.,.,,,,.,расчет наш,.,.,Korchmina,.,1795
50,Ярославская губерния,1795_50,.,.,1795,.,387302,человек,.,1.01,душ мужского пола,податные и неподатные сословия,.,.,.,.,.,,,,мужчины,.,.,.,.,.,.,,,,.,расчет наш,.,.,Korchmina,.,1795
