ID,TERRITORY,TER_CODE,TOWN,DISTRICT,YEAR,MONTH,VALUE,VALUE_UNIT,VALUE_LABEL,DATATYPE,HISTCLASS1,HISTCLASS2,HISTCLASS3,HISTCLASS4,HISTCLASS5,HISTCLASS6,HISTCLASS7,HISTCLASS8,HISTCLASS9,HISTCLASS10,CLASS1,CLASS2,CLASS3,CLASS4,CLASS5,CLASS6,CLASS7,CLASS8,CLASS9,CLASS10,COMMENT_SOURCE,SOURCE,VOLUME,PAGE,NABORSHIK_ID,COMMENT_NABORSHIK,
30,Республика Адыгея,2002_01,.,.,2002,.,6751,человек,.,1.07,умершие,.,.,.,.,.,.,,,,число смертей,.,.,.,.,.,.,,,,.,"Регионы России. Социально-экономические показатели. 2003: Стат. сб. / Госкомстат России. − М.,2003, 58-60. http://www.gks.ru/bgd/regl/B03_14/IssWWW.exe/Stg/d010/i010160r.htm",.,58-60,Sidorenko,"Value calculated from coefficient, rounded off to nearest integer",2002
43,Республика Башкортостан,2002_02,.,.,2002,.,57871,человек,.,1.07,умершие,.,.,.,.,.,.,,,,число смертей,.,.,.,.,.,.,,,,.,"Регионы России. Социально-экономические показатели. 2003: Стат. сб. / Госкомстат России. − М.,2003, 58-60. http://www.gks.ru/bgd/regl/B03_14/IssWWW.exe/Stg/d010/i010160r.htm",.,58-60,Sidorenko,"Value calculated from coefficient, rounded off to nearest integer",2002
65,Республика Бурятия,2002_03,.,.,2002,.,13835,человек,.,1.07,умершие,.,.,.,.,.,.,,,,число смертей,.,.,.,.,.,.,,,,.,"Регионы России. Социально-экономические показатели. 2003: Стат. сб. / Госкомстат России. − М.,2003, 58-60. http://www.gks.ru/bgd/regl/B03_14/IssWWW.exe/Stg/d010/i010160r.htm",.,58-60,Sidorenko,"Value calculated from coefficient, rounded off to nearest integer",2002
64,Республика Алтай,2002_04,.,.,2002,.,3024,человек,.,1.07,умершие,.,.,.,.,.,.,,,,число смертей,.,.,.,.,.,.,,,,.,"Регионы России. Социально-экономические показатели. 2003: Стат. сб. / Госкомстат России. − М.,2003, 58-60. http://www.gks.ru/bgd/regl/B03_14/IssWWW.exe/Stg/d010/i010160r.htm",.,58-60,Sidorenko,"Value calculated from coefficient, rounded off to nearest integer",2002
31,Республика Дагестан,2002_05,.,.,2002,.,18551,человек,.,1.07,умершие,.,.,.,.,.,.,,,,число смертей,.,.,.,.,.,.,,,,.,"Регионы России. Социально-экономические показатели. 2003: Стат. сб. / Госкомстат России. − М.,2003, 58-60. http://www.gks.ru/bgd/regl/B03_14/IssWWW.exe/Stg/d010/i010160r.htm",.,58-60,Sidorenko,"Value calculated from coefficient, rounded off to nearest integer",2002
32,Республика Ингушетия,2002_06,.,.,2002,.,1869,человек,.,1.07,умершие,.,.,.,.,.,.,,,,число смертей,.,.,.,.,.,.,,,,.,"Регионы России. Социально-экономические показатели. 2003: Стат. сб. / Госкомстат России. − М.,2003, 58-60. http://www.gks.ru/bgd/regl/B03_14/IssWWW.exe/Stg/d010/i010160r.htm",.,58-60,Sidorenko,"Value calculated from coefficient, rounded off to nearest integer",2002
33,Кабардино-Балкарская Республика,2002_07,.,.,2002,.,10277,человек,.,1.07,умершие,.,.,.,.,.,.,,,,число смертей,.,.,.,.,.,.,,,,.,"Регионы России. Социально-экономические показатели. 2003: Стат. сб. / Госкомстат России. − М.,2003, 58-60. http://www.gks.ru/bgd/regl/B03_14/IssWWW.exe/Stg/d010/i010160r.htm",.,58-60,Sidorenko,"Value calculated from coefficient, rounded off to nearest integer",2002
34,Республика Калмыкия,2002_08,.,.,2002,.,3509,человек,.,1.07,умершие,.,.,.,.,.,.,,,,число смертей,.,.,.,.,.,.,,,,.,"Регионы России. Социально-экономические показатели. 2003: Стат. сб. / Госкомстат России. − М.,2003, 58-60. http://www.gks.ru/bgd/regl/B03_14/IssWWW.exe/Stg/d010/i010160r.htm",.,58-60,Sidorenko,"Value calculated from coefficient, rounded off to nearest integer",2002
35,Карачаево-Черкесская Республика,2002_09,.,.,2002,.,5318,человек,.,1.07,умершие,.,.,.,.,.,.,,,,число смертей,.,.,.,.,.,.,,,,.,"Регионы России. Социально-экономические показатели. 2003: Стат. сб. / Госкомстат России. − М.,2003, 58-60. http://www.gks.ru/bgd/regl/B03_14/IssWWW.exe/Stg/d010/i010160r.htm",.,58-60,Sidorenko,"Value calculated from coefficient, rounded off to nearest integer",2002
19,Республика Карелия,2002_10,.,.,2002,.,12750,человек,.,1.07,умершие,.,.,.,.,.,.,,,,число смертей,.,.,.,.,.,.,,,,.,"Регионы России. Социально-экономические показатели. 2003: Стат. сб. / Госкомстат России. − М.,2003, 58-60. http://www.gks.ru/bgd/regl/B03_14/IssWWW.exe/Stg/d010/i010160r.htm",.,58-60,Sidorenko,"Value calculated from coefficient, rounded off to nearest integer",2002
20,Республика Коми,2002_11,.,.,2002,.,14058,человек,.,1.07,умершие,.,.,.,.,.,.,,,,число смертей,.,.,.,.,.,.,,,,.,"Регионы России. Социально-экономические показатели. 2003: Стат. сб. / Госкомстат России. − М.,2003, 58-60. http://www.gks.ru/bgd/regl/B03_14/IssWWW.exe/Stg/d010/i010160r.htm",.,58-60,Sidorenko,"Value calculated from coefficient, rounded off to nearest integer",2002
44,Республика Марий Эл,2002_12,.,.,2002,.,11793,человек,.,1.07,умершие,.,.,.,.,.,.,,,,число смертей,.,.,.,.,.,.,,,,.,"Регионы России. Социально-экономические показатели. 2003: Стат. сб. / Госкомстат России. − М.,2003, 58-60. http://www.gks.ru/bgd/regl/B03_14/IssWWW.exe/Stg/d010/i010160r.htm",.,58-60,Sidorenko,"Value calculated from coefficient, rounded off to nearest integer",2002
45,Республика Мордовия,2002_13,.,.,2002,.,14665,человек,.,1.07,умершие,.,.,.,.,.,.,,,,число смертей,.,.,.,.,.,.,,,,.,"Регионы России. Социально-экономические показатели. 2003: Стат. сб. / Госкомстат России. − М.,2003, 58-60. http://www.gks.ru/bgd/regl/B03_14/IssWWW.exe/Stg/d010/i010160r.htm",.,58-60,Sidorenko,"Value calculated from coefficient, rounded off to nearest integer",2002
80,Республика Саха (Якутия),2002_14,.,.,2002,.,9493,человек,.,1.07,умершие,.,.,.,.,.,.,,,,число смертей,.,.,.,.,.,.,,,,.,"Регионы России. Социально-экономические показатели. 2003: Стат. сб. / Госкомстат России. − М.,2003, 58-60. http://www.gks.ru/bgd/regl/B03_14/IssWWW.exe/Stg/d010/i010160r.htm",.,58-60,Sidorenko,"Value calculated from coefficient, rounded off to nearest integer",2002
36,Республика Северная Осетия – Алания,2002_15,.,.,2002,.,9163,человек,.,1.07,умершие,.,.,.,.,.,.,,,,число смертей,.,.,.,.,.,.,,,,.,"Регионы России. Социально-экономические показатели. 2003: Стат. сб. / Госкомстат России. − М.,2003, 58-60. http://www.gks.ru/bgd/regl/B03_14/IssWWW.exe/Stg/d010/i010160r.htm",.,58-60,Sidorenko,"Value calculated from coefficient, rounded off to nearest integer",2002
46,Республика Татарстан,2002_16,.,.,2002,.,51776,человек,.,1.07,умершие,.,.,.,.,.,.,,,,число смертей,.,.,.,.,.,.,,,,.,"Регионы России. Социально-экономические показатели. 2003: Стат. сб. / Госкомстат России. − М.,2003, 58-60. http://www.gks.ru/bgd/regl/B03_14/IssWWW.exe/Stg/d010/i010160r.htm",.,58-60,Sidorenko,"Value calculated from coefficient, rounded off to nearest integer",2002
66,Республика Тыва,2002_17,.,.,2002,.,4491,человек,.,1.07,умершие,.,.,.,.,.,.,,,,число смертей,.,.,.,.,.,.,,,,.,"Регионы России. Социально-экономические показатели. 2003: Стат. сб. / Госкомстат России. − М.,2003, 58-60. http://www.gks.ru/bgd/regl/B03_14/IssWWW.exe/Stg/d010/i010160r.htm",.,58-60,Sidorenko,"Value calculated from coefficient, rounded off to nearest integer",2002
47,Удмуртская Республика,2002_18,.,.,2002,.,23869,человек,.,1.07,умершие,.,.,.,.,.,.,,,,число смертей,.,.,.,.,.,.,,,,.,"Регионы России. Социально-экономические показатели. 2003: Стат. сб. / Госкомстат России. − М.,2003, 58-60. http://www.gks.ru/bgd/regl/B03_14/IssWWW.exe/Stg/d010/i010160r.htm",.,58-60,Sidorenko,"Value calculated from coefficient, rounded off to nearest integer",2002
67,Республика Хакасия,2002_19,.,.,2002,.,8792,человек,.,1.07,умершие,.,.,.,.,.,.,,,,число смертей,.,.,.,.,.,.,,,,.,"Регионы России. Социально-экономические показатели. 2003: Стат. сб. / Госкомстат России. − М.,2003, 58-60. http://www.gks.ru/bgd/regl/B03_14/IssWWW.exe/Stg/d010/i010160r.htm",.,58-60,Sidorenko,"Value calculated from coefficient, rounded off to nearest integer",2002
37,Чеченская республика,2002_20,.,.,2002,.,0,человек,.,1.07,умершие,.,.,.,.,.,.,,,,число смертей,.,.,.,.,.,.,,,,.,"Регионы России. Социально-экономические показатели. 2003: Стат. сб. / Госкомстат России. − М.,2003, 58-60. http://www.gks.ru/bgd/regl/B03_14/IssWWW.exe/Stg/d010/i010160r.htm",.,58-60,Sidorenko,"Value calculated from coefficient, rounded off to nearest integer",2002
48,Чувашская Республика – Чувашия,2002_21,.,.,2002,.,19444,человек,.,1.07,умершие,.,.,.,.,.,.,,,,число смертей,.,.,.,.,.,.,,,,.,"Регионы России. Социально-экономические показатели. 2003: Стат. сб. / Госкомстат России. − М.,2003, 58-60. http://www.gks.ru/bgd/regl/B03_14/IssWWW.exe/Stg/d010/i010160r.htm",.,58-60,Sidorenko,"Value calculated from coefficient, rounded off to nearest integer",2002
68,Алтайский край,2002_22,.,.,2002,.,40937,человек,.,1.07,умершие,.,.,.,.,.,.,,,,число смертей,.,.,.,.,.,.,,,,.,"Регионы России. Социально-экономические показатели. 2003: Стат. сб. / Госкомстат России. − М.,2003, 58-60. http://www.gks.ru/bgd/regl/B03_14/IssWWW.exe/Stg/d010/i010160r.htm",.,58-60,Sidorenko,"Value calculated from coefficient, rounded off to nearest integer",2002
38,Краснодарский край,2002_23,.,.,2002,.,81491,человек,.,1.07,умершие,.,.,.,.,.,.,,,,число смертей,.,.,.,.,.,.,,,,.,"Регионы России. Социально-экономические показатели. 2003: Стат. сб. / Госкомстат России. − М.,2003, 58-60. http://www.gks.ru/bgd/regl/B03_14/IssWWW.exe/Stg/d010/i010160r.htm",.,58-60,Sidorenko,"Value calculated from coefficient, rounded off to nearest integer",2002
69,Красноярский край,2002_24,.,.,2002,.,45084,человек,.,1.07,умершие,.,.,.,.,.,.,,,,число смертей,.,.,.,.,.,.,,,,.,"Регионы России. Социально-экономические показатели. 2003: Стат. сб. / Госкомстат России. − М.,2003, 58-60. http://www.gks.ru/bgd/regl/B03_14/IssWWW.exe/Stg/d010/i010160r.htm",.,58-60,Sidorenko,"Value calculated from coefficient, rounded off to nearest integer",2002
81,Приморский край,2002_25,.,.,2002,.,30240,человек,.,1.07,умершие,.,.,.,.,.,.,,,,число смертей,.,.,.,.,.,.,,,,.,"Регионы России. Социально-экономические показатели. 2003: Стат. сб. / Госкомстат России. − М.,2003, 58-60. http://www.gks.ru/bgd/regl/B03_14/IssWWW.exe/Stg/d010/i010160r.htm",.,58-60,Sidorenko,"Value calculated from coefficient, rounded off to nearest integer",2002
39,Ставропольский край,2002_26,.,.,2002,.,41027,человек,.,1.07,умершие,.,.,.,.,.,.,,,,число смертей,.,.,.,.,.,.,,,,.,"Регионы России. Социально-экономические показатели. 2003: Стат. сб. / Госкомстат России. − М.,2003, 58-60. http://www.gks.ru/bgd/regl/B03_14/IssWWW.exe/Stg/d010/i010160r.htm",.,58-60,Sidorenko,"Value calculated from coefficient, rounded off to nearest integer",2002
82,Хабаровский край,2002_27,.,.,2002,.,21692,человек,.,1.07,умершие,.,.,.,.,.,.,,,,число смертей,.,.,.,.,.,.,,,,.,"Регионы России. Социально-экономические показатели. 2003: Стат. сб. / Госкомстат России. − М.,2003, 58-60. http://www.gks.ru/bgd/regl/B03_14/IssWWW.exe/Stg/d010/i010160r.htm",.,58-60,Sidorenko,"Value calculated from coefficient, rounded off to nearest integer",2002
83,Амурская область,2002_28,.,.,2002,.,13362,человек,.,1.07,умершие,.,.,.,.,.,.,,,,число смертей,.,.,.,.,.,.,,,,.,"Регионы России. Социально-экономические показатели. 2003: Стат. сб. / Госкомстат России. − М.,2003, 58-60. http://www.gks.ru/bgd/regl/B03_14/IssWWW.exe/Stg/d010/i010160r.htm",.,58-60,Sidorenko,"Value calculated from coefficient, rounded off to nearest integer",2002
21,Архангельская область,2002_29,.,.,2002,.,22053,человек,.,1.07,умершие,.,.,.,.,.,.,,,,число смертей,.,.,.,.,.,.,,,,.,"Регионы России. Социально-экономические показатели. 2003: Стат. сб. / Госкомстат России. − М.,2003, 58-60. http://www.gks.ru/bgd/regl/B03_14/IssWWW.exe/Stg/d010/i010160r.htm",.,58-60,Sidorenko,"Value calculated from coefficient, rounded off to nearest integer",2002
40,Астраханская область,2002_30,.,.,2002,.,15280,человек,.,1.07,умершие,.,.,.,.,.,.,,,,число смертей,.,.,.,.,.,.,,,,.,"Регионы России. Социально-экономические показатели. 2003: Стат. сб. / Госкомстат России. − М.,2003, 58-60. http://www.gks.ru/bgd/regl/B03_14/IssWWW.exe/Stg/d010/i010160r.htm",.,58-60,Sidorenko,"Value calculated from coefficient, rounded off to nearest integer",2002
1,Белгородская область,2002_31,.,.,2002,.,24639,человек,.,1.07,умершие,.,.,.,.,.,.,,,,число смертей,.,.,.,.,.,.,,,,.,"Регионы России. Социально-экономические показатели. 2003: Стат. сб. / Госкомстат России. − М.,2003, 58-60. http://www.gks.ru/bgd/regl/B03_14/IssWWW.exe/Stg/d010/i010160r.htm",.,58-60,Sidorenko,"Value calculated from coefficient, rounded off to nearest integer",2002
2,Брянская область,2002_32,.,.,2002,.,26062,человек,.,1.07,умершие,.,.,.,.,.,.,,,,число смертей,.,.,.,.,.,.,,,,.,"Регионы России. Социально-экономические показатели. 2003: Стат. сб. / Госкомстат России. − М.,2003, 58-60. http://www.gks.ru/bgd/regl/B03_14/IssWWW.exe/Stg/d010/i010160r.htm",.,58-60,Sidorenko,"Value calculated from coefficient, rounded off to nearest integer",2002
3,Владимирская область,2002_33,.,.,2002,.,30937,человек,.,1.07,умершие,.,.,.,.,.,.,,,,число смертей,.,.,.,.,.,.,,,,.,"Регионы России. Социально-экономические показатели. 2003: Стат. сб. / Госкомстат России. − М.,2003, 58-60. http://www.gks.ru/bgd/regl/B03_14/IssWWW.exe/Stg/d010/i010160r.htm",.,58-60,Sidorenko,"Value calculated from coefficient, rounded off to nearest integer",2002
41,Волгоградская область,2002_34,.,.,2002,.,44267,человек,.,1.07,умершие,.,.,.,.,.,.,,,,число смертей,.,.,.,.,.,.,,,,.,"Регионы России. Социально-экономические показатели. 2003: Стат. сб. / Госкомстат России. − М.,2003, 58-60. http://www.gks.ru/bgd/regl/B03_14/IssWWW.exe/Stg/d010/i010160r.htm",.,58-60,Sidorenko,"Value calculated from coefficient, rounded off to nearest integer",2002
23,Вологодская область,2002_35,.,.,2002,.,22852,человек,.,1.07,умершие,.,.,.,.,.,.,,,,число смертей,.,.,.,.,.,.,,,,.,"Регионы России. Социально-экономические показатели. 2003: Стат. сб. / Госкомстат России. − М.,2003, 58-60. http://www.gks.ru/bgd/regl/B03_14/IssWWW.exe/Stg/d010/i010160r.htm",.,58-60,Sidorenko,"Value calculated from coefficient, rounded off to nearest integer",2002
4,Воронежская область,2002_36,.,.,2002,.,44484,человек,.,1.07,умершие,.,.,.,.,.,.,,,,число смертей,.,.,.,.,.,.,,,,.,"Регионы России. Социально-экономические показатели. 2003: Стат. сб. / Госкомстат России. − М.,2003, 58-60. http://www.gks.ru/bgd/regl/B03_14/IssWWW.exe/Stg/d010/i010160r.htm",.,58-60,Sidorenko,"Value calculated from coefficient, rounded off to nearest integer",2002
5,Ивановская область,2002_37,.,.,2002,.,24574,человек,.,1.07,умершие,.,.,.,.,.,.,,,,число смертей,.,.,.,.,.,.,,,,.,"Регионы России. Социально-экономические показатели. 2003: Стат. сб. / Госкомстат России. − М.,2003, 58-60. http://www.gks.ru/bgd/regl/B03_14/IssWWW.exe/Stg/d010/i010160r.htm",.,58-60,Sidorenko,"Value calculated from coefficient, rounded off to nearest integer",2002
72,Иркутская область,2002_38,.,.,2002,.,40791,человек,.,1.07,умершие,.,.,.,.,.,.,,,,число смертей,.,.,.,.,.,.,,,,.,"Регионы России. Социально-экономические показатели. 2003: Стат. сб. / Госкомстат России. − М.,2003, 58-60. http://www.gks.ru/bgd/regl/B03_14/IssWWW.exe/Stg/d010/i010160r.htm",.,58-60,Sidorenko,"Value calculated from coefficient, rounded off to nearest integer",2002
24,Калининградская область,2002_39,.,.,2002,.,16717,человек,.,1.07,умершие,.,.,.,.,.,.,,,,число смертей,.,.,.,.,.,.,,,,.,"Регионы России. Социально-экономические показатели. 2003: Стат. сб. / Госкомстат России. − М.,2003, 58-60. http://www.gks.ru/bgd/regl/B03_14/IssWWW.exe/Stg/d010/i010160r.htm",.,58-60,Sidorenko,"Value calculated from coefficient, rounded off to nearest integer",2002
6,Калужская область,2002_40,.,.,2002,.,19270,человек,.,1.07,умершие,.,.,.,.,.,.,,,,число смертей,.,.,.,.,.,.,,,,.,"Регионы России. Социально-экономические показатели. 2003: Стат. сб. / Госкомстат России. − М.,2003, 58-60. http://www.gks.ru/bgd/regl/B03_14/IssWWW.exe/Stg/d010/i010160r.htm",.,58-60,Sidorenko,"Value calculated from coefficient, rounded off to nearest integer",2002
84,Камчатская область,2002_41,.,.,2002,.,3983,человек,.,1.07,умершие,.,.,.,.,.,.,,,,число смертей,.,.,.,.,.,.,,,,.,"Регионы России. Социально-экономические показатели. 2003: Стат. сб. / Госкомстат России. − М.,2003, 58-60. http://www.gks.ru/bgd/regl/B03_14/IssWWW.exe/Stg/d010/i010160r.htm",.,58-60,Sidorenko,"Value calculated from coefficient, rounded off to nearest integer",2002
74,Кемеровская область,2002_42,.,.,2002,.,51025,человек,.,1.07,умершие,.,.,.,.,.,.,,,,число смертей,.,.,.,.,.,.,,,,.,"Регионы России. Социально-экономические показатели. 2003: Стат. сб. / Госкомстат России. − М.,2003, 58-60. http://www.gks.ru/bgd/regl/B03_14/IssWWW.exe/Stg/d010/i010160r.htm",.,58-60,Sidorenko,"Value calculated from coefficient, rounded off to nearest integer",2002
49,Кировская область,2002_43,.,.,2002,.,27815,человек,.,1.07,умершие,.,.,.,.,.,.,,,,число смертей,.,.,.,.,.,.,,,,.,"Регионы России. Социально-экономические показатели. 2003: Стат. сб. / Госкомстат России. − М.,2003, 58-60. http://www.gks.ru/bgd/regl/B03_14/IssWWW.exe/Stg/d010/i010160r.htm",.,58-60,Sidorenko,"Value calculated from coefficient, rounded off to nearest integer",2002
7,Костромская область,2002_44,.,.,2002,.,14954,человек,.,1.07,умершие,.,.,.,.,.,.,,,,число смертей,.,.,.,.,.,.,,,,.,"Регионы России. Социально-экономические показатели. 2003: Стат. сб. / Госкомстат России. − М.,2003, 58-60. http://www.gks.ru/bgd/regl/B03_14/IssWWW.exe/Stg/d010/i010160r.htm",.,58-60,Sidorenko,"Value calculated from coefficient, rounded off to nearest integer",2002
58,Курганская область,2002_45,.,.,2002,.,17230,человек,.,1.07,умершие,.,.,.,.,.,.,,,,число смертей,.,.,.,.,.,.,,,,.,"Регионы России. Социально-экономические показатели. 2003: Стат. сб. / Госкомстат России. − М.,2003, 58-60. http://www.gks.ru/bgd/regl/B03_14/IssWWW.exe/Stg/d010/i010160r.htm",.,58-60,Sidorenko,"Value calculated from coefficient, rounded off to nearest integer",2002
8,Курская область,2002_46,.,.,2002,.,22973,человек,.,1.07,умершие,.,.,.,.,.,.,,,,число смертей,.,.,.,.,.,.,,,,.,"Регионы России. Социально-экономические показатели. 2003: Стат. сб. / Госкомстат России. − М.,2003, 58-60. http://www.gks.ru/bgd/regl/B03_14/IssWWW.exe/Stg/d010/i010160r.htm",.,58-60,Sidorenko,"Value calculated from coefficient, rounded off to nearest integer",2002
25,Ленинградская область,2002_47,.,.,2002,.,34386,человек,.,1.07,умершие,.,.,.,.,.,.,,,,число смертей,.,.,.,.,.,.,,,,.,"Регионы России. Социально-экономические показатели. 2003: Стат. сб. / Госкомстат России. − М.,2003, 58-60. http://www.gks.ru/bgd/regl/B03_14/IssWWW.exe/Stg/d010/i010160r.htm",.,58-60,Sidorenko,"Value calculated from coefficient, rounded off to nearest integer",2002
9,Липецкая область,2002_48,.,.,2002,.,21115,человек,.,1.07,умершие,.,.,.,.,.,.,,,,число смертей,.,.,.,.,.,.,,,,.,"Регионы России. Социально-экономические показатели. 2003: Стат. сб. / Госкомстат России. − М.,2003, 58-60. http://www.gks.ru/bgd/regl/B03_14/IssWWW.exe/Stg/d010/i010160r.htm",.,58-60,Sidorenko,"Value calculated from coefficient, rounded off to nearest integer",2002
86,Магаданская область,2002_49,.,.,2002,.,1919,человек,.,1.07,умершие,.,.,.,.,.,.,,,,число смертей,.,.,.,.,.,.,,,,.,"Регионы России. Социально-экономические показатели. 2003: Стат. сб. / Госкомстат России. − М.,2003, 58-60. http://www.gks.ru/bgd/regl/B03_14/IssWWW.exe/Stg/d010/i010160r.htm",.,58-60,Sidorenko,"Value calculated from coefficient, rounded off to nearest integer",2002
10,Московская область,2002_50,.,.,2002,.,121781,человек,.,1.07,умершие,.,.,.,.,.,.,,,,число смертей,.,.,.,.,.,.,,,,.,"Регионы России. Социально-экономические показатели. 2003: Стат. сб. / Госкомстат России. − М.,2003, 58-60. http://www.gks.ru/bgd/regl/B03_14/IssWWW.exe/Stg/d010/i010160r.htm",.,58-60,Sidorenko,"Value calculated from coefficient, rounded off to nearest integer",2002
26,Мурманская область,2002_51,.,.,2002,.,11067,человек,.,1.07,умершие,.,.,.,.,.,.,,,,число смертей,.,.,.,.,.,.,,,,.,"Регионы России. Социально-экономические показатели. 2003: Стат. сб. / Госкомстат России. − М.,2003, 58-60. http://www.gks.ru/bgd/regl/B03_14/IssWWW.exe/Stg/d010/i010160r.htm",.,58-60,Sidorenko,"Value calculated from coefficient, rounded off to nearest integer",2002
50,Нижегородская область,2002_52,.,.,2002,.,67309,человек,.,1.07,умершие,.,.,.,.,.,.,,,,число смертей,.,.,.,.,.,.,,,,.,"Регионы России. Социально-экономические показатели. 2003: Стат. сб. / Госкомстат России. − М.,2003, 58-60. http://www.gks.ru/bgd/regl/B03_14/IssWWW.exe/Stg/d010/i010160r.htm",.,58-60,Sidorenko,"Value calculated from coefficient, rounded off to nearest integer",2002
27,Новгородская область,2002_53,.,.,2002,.,15206,человек,.,1.07,умершие,.,.,.,.,.,.,,,,число смертей,.,.,.,.,.,.,,,,.,"Регионы России. Социально-экономические показатели. 2003: Стат. сб. / Госкомстат России. − М.,2003, 58-60. http://www.gks.ru/bgd/regl/B03_14/IssWWW.exe/Stg/d010/i010160r.htm",.,58-60,Sidorenko,"Value calculated from coefficient, rounded off to nearest integer",2002
75,Новосибирская область,2002_54,.,.,2002,.,41191,человек,.,1.07,умершие,.,.,.,.,.,.,,,,число смертей,.,.,.,.,.,.,,,,.,"Регионы России. Социально-экономические показатели. 2003: Стат. сб. / Госкомстат России. − М.,2003, 58-60. http://www.gks.ru/bgd/regl/B03_14/IssWWW.exe/Stg/d010/i010160r.htm",.,58-60,Sidorenko,"Value calculated from coefficient, rounded off to nearest integer",2002
76,Омская область,2002_55,.,.,2002,.,29941,человек,.,1.07,умершие,.,.,.,.,.,.,,,,число смертей,.,.,.,.,.,.,,,,.,"Регионы России. Социально-экономические показатели. 2003: Стат. сб. / Госкомстат России. − М.,2003, 58-60. http://www.gks.ru/bgd/regl/B03_14/IssWWW.exe/Stg/d010/i010160r.htm",.,58-60,Sidorenko,"Value calculated from coefficient, rounded off to nearest integer",2002
51,Оренбургская область,2002_56,.,.,2002,.,32693,человек,.,1.07,умершие,.,.,.,.,.,.,,,,число смертей,.,.,.,.,.,.,,,,.,"Регионы России. Социально-экономические показатели. 2003: Стат. сб. / Госкомстат России. − М.,2003, 58-60. http://www.gks.ru/bgd/regl/B03_14/IssWWW.exe/Stg/d010/i010160r.htm",.,58-60,Sidorenko,"Value calculated from coefficient, rounded off to nearest integer",2002
11,Орловская область,2002_57,.,.,2002,.,15657,человек,.,1.07,умершие,.,.,.,.,.,.,,,,число смертей,.,.,.,.,.,.,,,,.,"Регионы России. Социально-экономические показатели. 2003: Стат. сб. / Госкомстат России. − М.,2003, 58-60. http://www.gks.ru/bgd/regl/B03_14/IssWWW.exe/Stg/d010/i010160r.htm",.,58-60,Sidorenko,"Value calculated from coefficient, rounded off to nearest integer",2002
52,Пензенская область,2002_58,.,.,2002,.,24845,человек,.,1.07,умершие,.,.,.,.,.,.,,,,число смертей,.,.,.,.,.,.,,,,.,"Регионы России. Социально-экономические показатели. 2003: Стат. сб. / Госкомстат России. − М.,2003, 58-60. http://www.gks.ru/bgd/regl/B03_14/IssWWW.exe/Stg/d010/i010160r.htm",.,58-60,Sidorenko,"Value calculated from coefficient, rounded off to nearest integer",2002
53,Пермская область,2002_59,.,.,2002,.,49058,человек,.,1.07,умершие,.,.,.,.,.,.,,,,число смертей,.,.,.,.,.,.,,,,.,"Регионы России. Социально-экономические показатели. 2003: Стат. сб. / Госкомстат России. − М.,2003, 58-60. http://www.gks.ru/bgd/regl/B03_14/IssWWW.exe/Stg/d010/i010160r.htm",.,58-60,Sidorenko,"Value calculated from coefficient, rounded off to nearest integer",2002
28,Псковская область,2002_60,.,.,2002,.,17879,человек,.,1.07,умершие,.,.,.,.,.,.,,,,число смертей,.,.,.,.,.,.,,,,.,"Регионы России. Социально-экономические показатели. 2003: Стат. сб. / Госкомстат России. − М.,2003, 58-60. http://www.gks.ru/bgd/regl/B03_14/IssWWW.exe/Stg/d010/i010160r.htm",.,58-60,Sidorenko,"Value calculated from coefficient, rounded off to nearest integer",2002
42,Ростовская область,2002_61,.,.,2002,.,72666,человек,.,1.07,умершие,.,.,.,.,.,.,,,,число смертей,.,.,.,.,.,.,,,,.,"Регионы России. Социально-экономические показатели. 2003: Стат. сб. / Госкомстат России. − М.,2003, 58-60. http://www.gks.ru/bgd/regl/B03_14/IssWWW.exe/Stg/d010/i010160r.htm",.,58-60,Sidorenko,"Value calculated from coefficient, rounded off to nearest integer",2002
12,Рязанская область,2002_62,.,.,2002,.,24927,человек,.,1.07,умершие,.,.,.,.,.,.,,,,число смертей,.,.,.,.,.,.,,,,.,"Регионы России. Социально-экономические показатели. 2003: Стат. сб. / Госкомстат России. − М.,2003, 58-60. http://www.gks.ru/bgd/regl/B03_14/IssWWW.exe/Stg/d010/i010160r.htm",.,58-60,Sidorenko,"Value calculated from coefficient, rounded off to nearest integer",2002
55,Самарская область,2002_63,.,.,2002,.,52808,человек,.,1.07,умершие,.,.,.,.,.,.,,,,число смертей,.,.,.,.,.,.,,,,.,"Регионы России. Социально-экономические показатели. 2003: Стат. сб. / Госкомстат России. − М.,2003, 58-60. http://www.gks.ru/bgd/regl/B03_14/IssWWW.exe/Stg/d010/i010160r.htm",.,58-60,Sidorenko,"Value calculated from coefficient, rounded off to nearest integer",2002
56,Саратовская область,2002_64,.,.,2002,.,44294,человек,.,1.07,умершие,.,.,.,.,.,.,,,,число смертей,.,.,.,.,.,.,,,,.,"Регионы России. Социально-экономические показатели. 2003: Стат. сб. / Госкомстат России. − М.,2003, 58-60. http://www.gks.ru/bgd/regl/B03_14/IssWWW.exe/Stg/d010/i010160r.htm",.,58-60,Sidorenko,"Value calculated from coefficient, rounded off to nearest integer",2002
87,Сахалинская область,2002_65,.,.,2002,.,7763,человек,.,1.07,умершие,.,.,.,.,.,.,,,,число смертей,.,.,.,.,.,.,,,,.,"Регионы России. Социально-экономические показатели. 2003: Стат. сб. / Госкомстат России. − М.,2003, 58-60. http://www.gks.ru/bgd/regl/B03_14/IssWWW.exe/Stg/d010/i010160r.htm",.,58-60,Sidorenko,"Value calculated from coefficient, rounded off to nearest integer",2002
59,Свердловская область,2002_66,.,.,2002,.,76266,человек,.,1.07,умершие,.,.,.,.,.,.,,,,число смертей,.,.,.,.,.,.,,,,.,"Регионы России. Социально-экономические показатели. 2003: Стат. сб. / Госкомстат России. − М.,2003, 58-60. http://www.gks.ru/bgd/regl/B03_14/IssWWW.exe/Stg/d010/i010160r.htm",.,58-60,Sidorenko,"Value calculated from coefficient, rounded off to nearest integer",2002
13,Смоленская область,2002_67,.,.,2002,.,21831,человек,.,1.07,умершие,.,.,.,.,.,.,,,,число смертей,.,.,.,.,.,.,,,,.,"Регионы России. Социально-экономические показатели. 2003: Стат. сб. / Госкомстат России. − М.,2003, 58-60. http://www.gks.ru/bgd/regl/B03_14/IssWWW.exe/Stg/d010/i010160r.htm",.,58-60,Sidorenko,"Value calculated from coefficient, rounded off to nearest integer",2002
14,Тамбовская область,2002_68,.,.,2002,.,22390,человек,.,1.07,умершие,.,.,.,.,.,.,,,,число смертей,.,.,.,.,.,.,,,,.,"Регионы России. Социально-экономические показатели. 2003: Стат. сб. / Госкомстат России. − М.,2003, 58-60. http://www.gks.ru/bgd/regl/B03_14/IssWWW.exe/Stg/d010/i010160r.htm",.,58-60,Sidorenko,"Value calculated from coefficient, rounded off to nearest integer",2002
15,Тверская область,2002_69,.,.,2002,.,33696,человек,.,1.07,умершие,.,.,.,.,.,.,,,,число смертей,.,.,.,.,.,.,,,,.,"Регионы России. Социально-экономические показатели. 2003: Стат. сб. / Госкомстат России. − М.,2003, 58-60. http://www.gks.ru/bgd/regl/B03_14/IssWWW.exe/Stg/d010/i010160r.htm",.,58-60,Sidorenko,"Value calculated from coefficient, rounded off to nearest integer",2002
77,Томская область,2002_70,.,.,2002,.,14958,человек,.,1.07,умершие,.,.,.,.,.,.,,,,число смертей,.,.,.,.,.,.,,,,.,"Регионы России. Социально-экономические показатели. 2003: Стат. сб. / Госкомстат России. − М.,2003, 58-60. http://www.gks.ru/bgd/regl/B03_14/IssWWW.exe/Stg/d010/i010160r.htm",.,58-60,Sidorenko,"Value calculated from coefficient, rounded off to nearest integer",2002
16,Тульская область,2002_71,.,.,2002,.,36532,человек,.,1.07,умершие,.,.,.,.,.,.,,,,число смертей,.,.,.,.,.,.,,,,.,"Регионы России. Социально-экономические показатели. 2003: Стат. сб. / Госкомстат России. − М.,2003, 58-60. http://www.gks.ru/bgd/regl/B03_14/IssWWW.exe/Stg/d010/i010160r.htm",.,58-60,Sidorenko,"Value calculated from coefficient, rounded off to nearest integer",2002
60,Тюменская область,2002_72,.,.,2002,.,32322,человек,.,1.07,умершие,.,.,.,.,.,.,,,,число смертей,.,.,.,.,.,.,,,,.,"Регионы России. Социально-экономические показатели. 2003: Стат. сб. / Госкомстат России. − М.,2003, 58-60. http://www.gks.ru/bgd/regl/B03_14/IssWWW.exe/Stg/d010/i010160r.htm",.,58-60,Sidorenko,"Value calculated from coefficient, rounded off to nearest integer",2002
57,Ульяновская область,2002_73,.,.,2002,.,22402,человек,.,1.07,умершие,.,.,.,.,.,.,,,,число смертей,.,.,.,.,.,.,,,,.,"Регионы России. Социально-экономические показатели. 2003: Стат. сб. / Госкомстат России. − М.,2003, 58-60. http://www.gks.ru/bgd/regl/B03_14/IssWWW.exe/Stg/d010/i010160r.htm",.,58-60,Sidorenko,"Value calculated from coefficient, rounded off to nearest integer",2002
63,Челябинская область,2002_74,.,.,2002,.,58734,человек,.,1.07,умершие,.,.,.,.,.,.,,,,число смертей,.,.,.,.,.,.,,,,.,"Регионы России. Социально-экономические показатели. 2003: Стат. сб. / Госкомстат России. − М.,2003, 58-60. http://www.gks.ru/bgd/regl/B03_14/IssWWW.exe/Stg/d010/i010160r.htm",.,58-60,Sidorenko,"Value calculated from coefficient, rounded off to nearest integer",2002
78,Читинская область,2002_75,.,.,2002,.,17561,человек,.,1.07,умершие,.,.,.,.,.,.,,,,число смертей,.,.,.,.,.,.,,,,.,"Регионы России. Социально-экономические показатели. 2003: Стат. сб. / Госкомстат России. − М.,2003, 58-60. http://www.gks.ru/bgd/regl/B03_14/IssWWW.exe/Stg/d010/i010160r.htm",.,58-60,Sidorenko,"Value calculated from coefficient, rounded off to nearest integer",2002
17,Ярославская область,2002_76,.,.,2002,.,27758,человек,.,1.07,умершие,.,.,.,.,.,.,,,,число смертей,.,.,.,.,.,.,,,,.,"Регионы России. Социально-экономические показатели. 2003: Стат. сб. / Госкомстат России. − М.,2003, 58-60. http://www.gks.ru/bgd/regl/B03_14/IssWWW.exe/Stg/d010/i010160r.htm",.,58-60,Sidorenko,"Value calculated from coefficient, rounded off to nearest integer",2002
18,г. Москва,2002_77,.,.,2002,.,163009,человек,.,1.07,умершие,.,.,.,.,.,.,,,,число смертей,.,.,.,.,.,.,,,,.,"Регионы России. Социально-экономические показатели. 2003: Стат. сб. / Госкомстат России. − М.,2003, 58-60. http://www.gks.ru/bgd/regl/B03_14/IssWWW.exe/Stg/d010/i010160r.htm",.,58-60,Sidorenko,"Value calculated from coefficient, rounded off to nearest integer",2002
29,г. Санкт-Петербург,2002_78,.,.,2002,.,77376,человек,.,1.07,умершие,.,.,.,.,.,.,,,,число смертей,.,.,.,.,.,.,,,,.,"Регионы России. Социально-экономические показатели. 2003: Стат. сб. / Госкомстат России. − М.,2003, 58-60. http://www.gks.ru/bgd/regl/B03_14/IssWWW.exe/Stg/d010/i010160r.htm",.,58-60,Sidorenko,"Value calculated from coefficient, rounded off to nearest integer",2002
88,Еврейская автономная область,2002_79,.,.,2002,.,2959,человек,.,1.07,умершие,.,.,.,.,.,.,,,,число смертей,.,.,.,.,.,.,,,,.,"Регионы России. Социально-экономические показатели. 2003: Стат. сб. / Госкомстат России. − М.,2003, 58-60. http://www.gks.ru/bgd/regl/B03_14/IssWWW.exe/Stg/d010/i010160r.htm",.,58-60,Sidorenko,"Value calculated from coefficient, rounded off to nearest integer",2002
79,Агинский Бурятский автономный округ,2002_80,.,.,2002,.,802,человек,.,1.07,умершие,.,.,.,.,.,.,,,,число смертей,.,.,.,.,.,.,,,,.,"Регионы России. Социально-экономические показатели. 2003: Стат. сб. / Госкомстат России. − М.,2003, 58-60. http://www.gks.ru/bgd/regl/B03_14/IssWWW.exe/Stg/d010/i010160r.htm",.,58-60,Sidorenko,"Value calculated from coefficient, rounded off to nearest integer",2002
54,Коми-Пермяцкий автономный округ,2002_81,.,.,2002,.,2830,человек,.,1.07,умершие,.,.,.,.,.,.,,,,число смертей,.,.,.,.,.,.,,,,.,"Регионы России. Социально-экономические показатели. 2003: Стат. сб. / Госкомстат России. − М.,2003, 58-60. http://www.gks.ru/bgd/regl/B03_14/IssWWW.exe/Stg/d010/i010160r.htm",.,58-60,Sidorenko,"Value calculated from coefficient, rounded off to nearest integer",2002
85,Корякский автономный округ,2002_82,.,.,2002,.,345,человек,.,1.07,умершие,.,.,.,.,.,.,,,,число смертей,.,.,.,.,.,.,,,,.,"Регионы России. Социально-экономические показатели. 2003: Стат. сб. / Госкомстат России. − М.,2003, 58-60. http://www.gks.ru/bgd/regl/B03_14/IssWWW.exe/Stg/d010/i010160r.htm",.,58-60,Sidorenko,"Value calculated from coefficient, rounded off to nearest integer",2002
22,Ненецкий автономный округ,2002_83,.,.,2002,.,486,человек,.,1.07,умершие,.,.,.,.,.,.,,,,число смертей,.,.,.,.,.,.,,,,.,"Регионы России. Социально-экономические показатели. 2003: Стат. сб. / Госкомстат России. − М.,2003, 58-60. http://www.gks.ru/bgd/regl/B03_14/IssWWW.exe/Stg/d010/i010160r.htm",.,58-60,Sidorenko,"Value calculated from coefficient, rounded off to nearest integer",2002
70,Таймырский (Долгано-Ненецкий) автономный округ,2002_84,.,.,2002,.,362,человек,.,1.07,умершие,.,.,.,.,.,.,,,,число смертей,.,.,.,.,.,.,,,,.,"Регионы России. Социально-экономические показатели. 2003: Стат. сб. / Госкомстат России. − М.,2003, 58-60. http://www.gks.ru/bgd/regl/B03_14/IssWWW.exe/Stg/d010/i010160r.htm",.,58-60,Sidorenko,"Value calculated from coefficient, rounded off to nearest integer",2002
73,Усть-Ордынский Бурятский автономный округ,2002_85,.,.,2002,.,1908,человек,.,1.07,умершие,.,.,.,.,.,.,,,,число смертей,.,.,.,.,.,.,,,,.,"Регионы России. Социально-экономические показатели. 2003: Стат. сб. / Госкомстат России. − М.,2003, 58-60. http://www.gks.ru/bgd/regl/B03_14/IssWWW.exe/Stg/d010/i010160r.htm",.,58-60,Sidorenko,"Value calculated from coefficient, rounded off to nearest integer",2002
61,Ханты-Мансийский автономный округ,2002_86,.,.,2002,.,9886,человек,.,1.07,умершие,.,.,.,.,.,.,,,,число смертей,.,.,.,.,.,.,,,,.,"Регионы России. Социально-экономические показатели. 2003: Стат. сб. / Госкомстат России. − М.,2003, 58-60. http://www.gks.ru/bgd/regl/B03_14/IssWWW.exe/Stg/d010/i010160r.htm",.,58-60,Sidorenko,"Value calculated from coefficient, rounded off to nearest integer",2002
89,Чукотский автономный округ,2002_87,.,.,2002,.,495,человек,.,1.07,умершие,.,.,.,.,.,.,,,,число смертей,.,.,.,.,.,.,,,,.,"Регионы России. Социально-экономические показатели. 2003: Стат. сб. / Госкомстат России. − М.,2003, 58-60. http://www.gks.ru/bgd/regl/B03_14/IssWWW.exe/Stg/d010/i010160r.htm",.,58-60,Sidorenko,"Value calculated from coefficient, rounded off to nearest integer",2002
71,Эвенкийский автономный округ,2002_88,.,.,2002,.,237,человек,.,1.07,умершие,.,.,.,.,.,.,,,,число смертей,.,.,.,.,.,.,,,,.,"Регионы России. Социально-экономические показатели. 2003: Стат. сб. / Госкомстат России. − М.,2003, 58-60. http://www.gks.ru/bgd/regl/B03_14/IssWWW.exe/Stg/d010/i010160r.htm",.,58-60,Sidorenko,"Value calculated from coefficient, rounded off to nearest integer",2002
62,Ямало-Ненецкий автономный округ,2002_89,.,.,2002,.,2941,человек,.,1.07,умершие,.,.,.,.,.,.,,,,число смертей,.,.,.,.,.,.,,,,.,"Регионы России. Социально-экономические показатели. 2003: Стат. сб. / Госкомстат России. − М.,2003, 58-60. http://www.gks.ru/bgd/regl/B03_14/IssWWW.exe/Stg/d010/i010160r.htm",.,58-60,Sidorenko,"Value calculated from coefficient, rounded off to nearest integer",2002
