ID,TERRITORY,TER_CODE,TOWN,DISTRICT,YEAR,MONTH,VALUE,VALUE_UNIT,VALUE_LABEL,DATATYPE,HISTCLASS1,HISTCLASS2,HISTCLASS3,HISTCLASS4,HISTCLASS5,HISTCLASS6,HISTCLASS7,HISTCLASS8,HISTCLASS9,HISTCLASS10,CLASS1,CLASS2,CLASS3,CLASS4,CLASS5,CLASS6,CLASS7,CLASS8,CLASS9,CLASS10,COMMENT_SOURCE,SOURCE,VOLUME,PAGE,NABORSHIK_ID,COMMENT_NABORSHIK,
1,Акмолинская область,1897_02,.,.,1897,.,15112,человек,.,1.07,смертей,.,.,.,.,.,.,,,,число смертей,.,.,.,.,.,.,,,,.,"Отчеты о состоянии народного здравия и организации врачебной помощи в России за 1896-1901гг. Спб.,1905.",.,86-91,Павленко О.В.,.,1897
2,Амурская область,1897_03,.,.,1897,.,2393,человек,.,1.07,смертей,.,.,.,.,.,.,,,,число смертей,.,.,.,.,.,.,,,,.,"Отчеты о состоянии народного здравия и организации врачебной помощи в России за 1896-1901гг. Спб.,1905.",.,74-79,Павленко О.В.,.,1897
3,Архангельская губерния,1897_04,.,.,1897,.,8506,человек,.,1.07,смертей,.,.,.,.,.,.,,,,число смертей,.,.,.,.,.,.,,,,.,"Отчеты о состоянии народного здравия и организации врачебной помощи в России за 1896-1901гг. Спб.,1905.",.,2;7,Павленко О.В.,.,1897
4,Астраханская губерния,1897_05,.,.,1897,.,21379,человек,.,1.07,смертей,.,.,.,.,.,.,,,,число смертей,.,.,.,.,.,.,,,,.,"Отчеты о состоянии народного здравия и организации врачебной помощи в России за 1896-1901гг. Спб.,1905.",.,2;7,Павленко О.В.,.,1897
5,Бакинская губерния,1897_06,.,.,1897,.,14622,человек,.,1.07,смертей,.,.,.,.,.,.,,,,число смертей,.,.,.,.,.,.,,,,.,"Отчеты о состоянии народного здравия и организации врачебной помощи в России за 1896-1901гг. Спб.,1905.",.,62-67,Павленко О.В.,.,1897
6,Бессарабская губерния,1897_07,.,.,1897,.,48010,человек,.,1.07,смертей,.,.,.,.,.,.,,,,число смертей,.,.,.,.,.,.,,,,.,"Отчеты о состоянии народного здравия и организации врачебной помощи в России за 1896-1901гг. Спб.,1905.",.,26;31,Павленко О.В.,.,1897
7,Варшавская губерния,1897_09,.,.,1897,.,43307,человек,.,1.07,смертей,.,.,.,.,.,.,,,,число смертей,.,.,.,.,.,.,,,,.,"Отчеты о состоянии народного здравия и организации врачебной помощи в России за 1896-1901гг. Спб.,1905.",.,14;18,Павленко О.В.,.,1897
8,Виленская губерния,1897_10,.,.,1897,.,37281,человек,.,1.07,смертей,.,.,.,.,.,.,,,,число смертей,.,.,.,.,.,.,,,,.,"Отчеты о состоянии народного здравия и организации врачебной помощи в России за 1896-1901гг. Спб.,1905.",.,2;7,Павленко О.В.,.,1897
9,Витебская губерния,1897_11,.,.,1897,.,34876,человек,.,1.07,смертей,.,.,.,.,.,.,,,,число смертей,.,.,.,.,.,.,,,,.,"Отчеты о состоянии народного здравия и организации врачебной помощи в России за 1896-1901гг. Спб.,1905.",.,2;7,Павленко О.В.,.,1897
10,Владимирская губерния,1897_12,.,.,1897,.,58226,человек,.,1.07,смертей,.,.,.,.,.,.,,,,число смертей,.,.,.,.,.,.,,,,.,"Отчеты о состоянии народного здравия и организации врачебной помощи в России за 1896-1901гг. Спб.,1905.",.,26;31,Павленко О.В.,.,1897
11,Земля войска Донского,1897_13,.,.,1897,.,80021,человек,.,1.07,смертей,.,.,.,.,.,.,,,,число смертей,.,.,.,.,.,.,,,,.,"Отчеты о состоянии народного здравия и организации врачебной помощи в России за 1896-1901гг. Спб.,1905.",.,62-67,Павленко О.В.,.,1897
12,Вологодская губерния,1897_14,.,.,1897,.,39060,человек,.,1.07,смертей,.,.,.,.,.,.,,,,число смертей,.,.,.,.,.,.,,,,.,"Отчеты о состоянии народного здравия и организации врачебной помощи в России за 1896-1901гг. Спб.,1905.",.,26;31,Павленко О.В.,.,1897
13,Волынская губерния,1897_15,.,.,1897,.,72285,человек,.,1.07,смертей,.,.,.,.,.,.,,,,число смертей,.,.,.,.,.,.,,,,.,"Отчеты о состоянии народного здравия и организации врачебной помощи в России за 1896-1901гг. Спб.,1905.",.,2;7,Павленко О.В.,.,1897
14,Воронежская губерния,1897_16,.,.,1897,.,94782,человек,.,1.07,смертей,.,.,.,.,.,.,,,,число смертей,.,.,.,.,.,.,,,,.,"Отчеты о состоянии народного здравия и организации врачебной помощи в России за 1896-1901гг. Спб.,1905.",.,26;31,Павленко О.В.,.,1897
91,Выборгская губерния,1897_17,.,.,1899,.,7524,человек,.,1.07,смертей,.,.,.,.,.,.,,,,число смертей,.,.,.,.,.,.,,,,.,"Статистический ежегодник Финляндии за 1900. Гельсингфорс,1900",.,15,Павленко О.В.,.,1897
15,Выборгская губерния,1897_17,.,.,1897,.,7524,человек,.,1.07,смертей,.,.,.,.,.,.,,,,число смертей,.,.,.,.,.,.,,,,.,"Статистический ежегодник Финляндии за 1900. Гельсингфорс,1900",.,20,Павленко О.В.,.,1897
16,Вятская губерния,1897_18,.,.,1897,.,115809,человек,.,1.07,смертей,.,.,.,.,.,.,,,,число смертей,.,.,.,.,.,.,,,,.,"Отчеты о состоянии народного здравия и организации врачебной помощи в России за 1896-1901гг. Спб.,1905.",.,32;37,Павленко О.В.,.,1897
17,Гродненская губерния,1897_19,.,.,1897,.,42182,человек,.,1.07,смертей,.,.,.,.,.,.,,,,число смертей,.,.,.,.,.,.,,,,.,"Отчеты о состоянии народного здравия и организации врачебной помощи в России за 1896-1901гг. Спб.,1905.",.,2;7,Павленко О.В.,.,1897
18,Дагестанская область,1897_20,.,.,1897,.,12674,человек,.,1.07,смертей,.,.,.,.,.,.,,,,число смертей,.,.,.,.,.,.,,,,.,"Отчеты о состоянии народного здравия и организации врачебной помощи в России за 1896-1901гг. Спб.,1905.",.,68-73,Павленко О.В.,.,1897
19,Екатеринославская губерния,1897_21,.,.,1897,.,58576,человек,.,1.07,смертей,.,.,.,.,.,.,,,,число смертей,.,.,.,.,.,.,,,,.,"Отчеты о состоянии народного здравия и организации врачебной помощи в России за 1896-1901гг. Спб.,1905.",.,32;37,Павленко О.В.,.,1897
20,Елисаветпольская губерния,1897_22,.,.,1897,.,7590,человек,.,1.07,смертей,.,.,.,.,.,.,,,,число смертей,.,.,.,.,.,.,,,,.,"Отчеты о состоянии народного здравия и организации врачебной помощи в России за 1896-1901гг. Спб.,1905.",.,68-73,Павленко О.В.,.,1897
21,Енисейская губерния,1897_23,.,.,1897,.,20701,человек,.,1.07,смертей,.,.,.,.,.,.,,,,число смертей,.,.,.,.,.,.,,,,.,"Отчеты о состоянии народного здравия и организации врачебной помощи в России за 1896-1901гг. Спб.,1905.",.,74-79,Павленко О.В.,.,1897
22,Забайкальская область,1897_24,.,.,1897,.,16664,человек,.,1.07,смертей,.,.,.,.,.,.,,,,число смертей,.,.,.,.,.,.,,,,.,"Отчеты о состоянии народного здравия и организации врачебной помощи в России за 1896-1901гг. Спб.,1905.",.,80-85,Павленко О.В.,.,1897
23,Закаспийская область,1897_25,.,.,1897,.,2203,человек,.,1.07,смертей,.,.,.,.,.,.,,,,число смертей,.,.,.,.,.,.,,,,.,"Отчеты о состоянии народного здравия и организации врачебной помощи в России за 1896-1901гг. Спб.,1905.",.,86-91,Павленко О.В.,.,1897
24,Иркутская губерния,1897_26,.,.,1897,.,18632,человек,.,1.07,смертей,.,.,.,.,.,.,,,,число смертей,.,.,.,.,.,.,,,,.,"Отчеты о состоянии народного здравия и организации врачебной помощи в России за 1896-1901гг. Спб.,1905.",.,80-85,Павленко О.В.,.,1897
25,Казанская губерния,1897_27,.,.,1897,.,70596,человек,.,1.07,смертей,.,.,.,.,.,.,,,,число смертей,.,.,.,.,.,.,,,,.,"Отчеты о состоянии народного здравия и организации врачебной помощи в России за 1896-1901гг. Спб.,1905.",.,32;37,Павленко О.В.,.,1897
26,Калишская губерния,1897_28,.,.,1897,.,18929,человек,.,1.07,смертей,.,.,.,.,.,.,,,,число смертей,.,.,.,.,.,.,,,,.,"Отчеты о состоянии народного здравия и организации врачебной помощи в России за 1896-1901гг. Спб.,1905.",.,14;19,Павленко О.В.,.,1897
27,Калужская губерния,1897_29,.,.,1897,.,51769,человек,.,1.07,смертей,.,.,.,.,.,.,,,,число смертей,.,.,.,.,.,.,,,,.,"Отчеты о состоянии народного здравия и организации врачебной помощи в России за 1896-1901гг. Спб.,1905.",.,32;37,Павленко О.В.,.,1897
28,Карская губерния,1897_30,.,.,1897,.,3648,человек,.,1.07,смертей,.,.,.,.,.,.,,,,число смертей,.,.,.,.,.,.,,,,.,"Отчеты о состоянии народного здравия и организации врачебной помощи в России за 1896-1901гг. Спб.,1905.",.,68-73,Павленко О.В.,.,1897
29,Келецкая губерния,1897_31,.,.,1897,.,16171,человек,.,1.07,смертей,.,.,.,.,.,.,,,,число смертей,.,.,.,.,.,.,,,,.,"Отчеты о состоянии народного здравия и организации врачебной помощи в России за 1896-1901гг. Спб.,1905.",.,14;18,Павленко О.В.,.,1897
30,Киевская губерния,1897_32,.,.,1897,.,101417,человек,.,1.07,смертей,.,.,.,.,.,.,,,,число смертей,.,.,.,.,.,.,,,,.,"Отчеты о состоянии народного здравия и организации врачебной помощи в России за 1896-1901гг. Спб.,1905.",.,8;13,Павленко О.В.,.,1897
31,Ковенская губерния,1897_33,.,.,1897,.,35763,человек,.,1.07,смертей,.,.,.,.,.,.,,,,число смертей,.,.,.,.,.,.,,,,.,"Отчеты о состоянии народного здравия и организации врачебной помощи в России за 1896-1901гг. Спб.,1905.",.,8;13,Павленко О.В.,.,1897
32,Костромская губерния,1897_34,.,.,1897,.,46061,человек,.,1.07,смертей,.,.,.,.,.,.,,,,число смертей,.,.,.,.,.,.,,,,.,"Отчеты о состоянии народного здравия и организации врачебной помощи в России за 1896-1901гг. Спб.,1905.",.,32;37,Павленко О.В.,.,1897
33,Кубанская область,1897_35,.,.,1897,.,70807,человек,.,1.07,смертей,.,.,.,.,.,.,,,,число смертей,.,.,.,.,.,.,,,,.,"Отчеты о состоянии народного здравия и организации врачебной помощи в России за 1896-1901гг. Спб.,1905.",.,68-73,Павленко О.В.,.,1897
34,Курляндская губерния,1897_37,.,.,1897,.,13385,человек,.,1.07,смертей,.,.,.,.,.,.,,,,число смертей,.,.,.,.,.,.,,,,.,"Отчеты о состоянии народного здравия и организации врачебной помощи в России за 1896-1901гг. Спб.,1905.",.,20;25,Павленко О.В.,.,1897
35,Курская губерния,1897_38,.,.,1897,.,84756,человек,.,1.07,смертей,.,.,.,.,.,.,,,,число смертей,.,.,.,.,.,.,,,,.,"Отчеты о состоянии народного здравия и организации врачебной помощи в России за 1896-1901гг. Спб.,1905.",.,32;37,Павленко О.В.,.,1897
36,Кутаисская  губерния вкл. Сухумский округ,1897_39,.,.,1897,.,15865,человек,.,1.07,смертей,.,.,.,.,.,.,,,,число смертей,.,.,.,.,.,.,,,,.,"Отчеты о состоянии народного здравия и организации врачебной помощи в России за 1896-1901гг. Спб.,1905.",.,68-73,Павленко О.В.,.,1897
37,Лифляндская губерния,1897_40,.,.,1897,.,29907,человек,.,1.07,смертей,.,.,.,.,.,.,,,,число смертей,.,.,.,.,.,.,,,,.,"Отчеты о состоянии народного здравия и организации врачебной помощи в России за 1896-1901гг. Спб.,1905.",.,26;31,Павленко О.В.,.,1897
38,Ломжинская губерния,1897_41,.,.,1897,.,14464,человек,.,1.07,смертей,.,.,.,.,.,.,,,,число смертей,.,.,.,.,.,.,,,,.,"Отчеты о состоянии народного здравия и организации врачебной помощи в России за 1896-1901гг. Спб.,1905.",.,14;18,Павленко О.В.,.,1897
39,Люблинская губерния,1897_42,.,.,1897,.,25714,человек,.,1.07,смертей,.,.,.,.,.,.,,,,число смертей,.,.,.,.,.,.,,,,.,"Отчеты о состоянии народного здравия и организации врачебной помощи в России за 1896-1901гг. Спб.,1905.",.,14;18,Павленко О.В.,.,1897
40,Минская губерния,1897_43,.,.,1897,.,61014,человек,.,1.07,смертей,.,.,.,.,.,.,,,,число смертей,.,.,.,.,.,.,,,,.,"Отчеты о состоянии народного здравия и организации врачебной помощи в России за 1896-1901гг. Спб.,1905.",.,8;13,Павленко О.В.,.,1897
41,Могилевская губерния,1897_44,.,.,1897,.,47158,человек,.,1.07,смертей,.,.,.,.,.,.,,,,число смертей,.,.,.,.,.,.,,,,.,"Отчеты о состоянии народного здравия и организации врачебной помощи в России за 1896-1901гг. Спб.,1905.",.,8;13,Павленко О.В.,.,1897
42,Московская губерния,1897_45,.,.,1897,.,93273,человек,.,1.07,смертей,.,.,.,.,.,.,,,,число смертей,.,.,.,.,.,.,,,,.,"Отчеты о состоянии народного здравия и организации врачебной помощи в России за 1896-1901гг. Спб.,1905.",.,38;43,Павленко О.В.,.,1897
43,Нижегородская губерния,1897_46,.,.,1897,.,59410,человек,.,1.07,смертей,.,.,.,.,.,.,,,,число смертей,.,.,.,.,.,.,,,,.,"Отчеты о состоянии народного здравия и организации врачебной помощи в России за 1896-1901гг. Спб.,1905.",.,38;43,Павленко О.В.,.,1897
44,Новгородская губерния,1897_47,.,.,1897,.,39568,человек,.,1.07,смертей,.,.,.,.,.,.,,,,число смертей,.,.,.,.,.,.,,,,.,"Отчеты о состоянии народного здравия и организации врачебной помощи в России за 1896-1901гг. Спб.,1905.",.,38;43,Павленко О.В.,.,1897
45,Олонецкая губерния,1897_49,.,.,1897,.,11951,человек,.,1.07,смертей,.,.,.,.,.,.,,,,число смертей,.,.,.,.,.,.,,,,.,"Отчеты о состоянии народного здравия и организации врачебной помощи в России за 1896-1901гг. Спб.,1905.",.,38;43,Павленко О.В.,.,1897
46,Оренбургская губерния,1897_50,.,.,1897,.,62233,человек,.,1.07,смертей,.,.,.,.,.,.,,,,число смертей,.,.,.,.,.,.,,,,.,"Отчеты о состоянии народного здравия и организации врачебной помощи в России за 1896-1901гг. Спб.,1905.",.,8;13,Павленко О.В.,.,1897
47,Орловская губерния,1897_51,.,.,1897,.,72763,человек,.,1.07,смертей,.,.,.,.,.,.,,,,число смертей,.,.,.,.,.,.,,,,.,"Отчеты о состоянии народного здравия и организации врачебной помощи в России за 1896-1901гг. Спб.,1905.",.,38;43,Павленко О.В.,.,1897
48,Остров Сахалин,1897_52,.,.,1897,.,457,человек,.,1.07,смертей,.,.,.,.,.,.,,,,число смертей,.,.,.,.,.,.,,,,.,"Отчеты о состоянии народного здравия и организации врачебной помощи в России за 1896-1901гг. Спб.,1905.",.,86-91,Павленко О.В.,.,1897
49,Пензенская губерния,1897_53,.,.,1897,.,60100,человек,.,1.07,смертей,.,.,.,.,.,.,,,,число смертей,.,.,.,.,.,.,,,,.,"Отчеты о состоянии народного здравия и организации врачебной помощи в России за 1896-1901гг. Спб.,1905.",.,44-49,Павленко О.В.,.,1897
50,Пермская губерния,1897_54,.,.,1897,.,120892,человек,.,1.07,смертей,.,.,.,.,.,.,,,,число смертей,.,.,.,.,.,.,,,,.,"Отчеты о состоянии народного здравия и организации врачебной помощи в России за 1896-1901гг. Спб.,1905.",.,44-49,Павленко О.В.,.,1897
51,Петроковская губерния,1897_55,.,.,1897,.,35092,человек,.,1.07,смертей,.,.,.,.,.,.,,,,число смертей,.,.,.,.,.,.,,,,.,"Отчеты о состоянии народного здравия и организации врачебной помощи в России за 1896-1901гг. Спб.,1905.",.,20;25,Павленко О.В.,.,1897
52,Плоцкая губерния,1897_56,.,.,1897,.,13281,человек,.,1.07,смертей,.,.,.,.,.,.,,,,число смертей,.,.,.,.,.,.,,,,.,"Отчеты о состоянии народного здравия и организации врачебной помощи в России за 1896-1901гг. Спб.,1905.",.,20;25,Павленко О.В.,.,1897
53,Подольская губерния,1897_57,.,.,1897,.,80463,человек,.,1.07,смертей,.,.,.,.,.,.,,,,число смертей,.,.,.,.,.,.,,,,.,"Отчеты о состоянии народного здравия и организации врачебной помощи в России за 1896-1901гг. Спб.,1905.",.,8;13,Павленко О.В.,.,1897
54,Полтавская губерния,1897_58,.,.,1897,.,73536,человек,.,1.07,смертей,.,.,.,.,.,.,,,,число смертей,.,.,.,.,.,.,,,,.,"Отчеты о состоянии народного здравия и организации врачебной помощи в России за 1896-1901гг. Спб.,1905.",.,.,Павленко О.В.,.,1897
55,Приморская область,1897_59,.,.,1897,.,3065,человек,.,1.07,смертей,.,.,.,.,.,.,,,,число смертей,.,.,.,.,.,.,,,,.,"Отчеты о состоянии народного здравия и организации врачебной помощи в России за 1896-1901гг. Спб.,1905.",.,80-85,Павленко О.В.,.,1897
56,Псковская губерния,1897_60,.,.,1897,.,35506,человек,.,1.07,смертей,.,.,.,.,.,.,,,,число смертей,.,.,.,.,.,.,,,,.,"Отчеты о состоянии народного здравия и организации врачебной помощи в России за 1896-1901гг. Спб.,1905.",.,44-49,Павленко О.В.,.,1897
57,Радомская губерния,1897_61,.,.,1897,.,20136,человек,.,1.07,смертей,.,.,.,.,.,.,,,,число смертей,.,.,.,.,.,.,,,,.,"Отчеты о состоянии народного здравия и организации врачебной помощи в России за 1896-1901гг. Спб.,1905.",.,20;25,Павленко О.В.,.,1897
58,Рязанская губерния,1897_62,.,.,1897,.,50802,человек,.,1.07,смертей,.,.,.,.,.,.,,,,число смертей,.,.,.,.,.,.,,,,.,"Отчеты о состоянии народного здравия и организации врачебной помощи в России за 1896-1901гг. Спб.,1905.",.,44-49,Павленко О.В.,.,1897
59,Самаркандская область,1897_63,.,.,1897,.,7498,человек,.,1.07,смертей,.,.,.,.,.,.,,,,число смертей,.,.,.,.,.,.,,,,.,"Отчеты о состоянии народного здравия и организации врачебной помощи в России за 1896-1901гг. Спб.,1905.",.,86-91,Павленко О.В.,.,1897
60,Самарская губерния,1897_64,.,.,1897,.,106817,человек,.,1.07,смертей,.,.,.,.,.,.,,,,число смертей,.,.,.,.,.,.,,,,.,"Отчеты о состоянии народного здравия и организации врачебной помощи в России за 1896-1901гг. Спб.,1905.",.,44-49,Павленко О.В.,.,1897
61,Санкт-Петербургская губерния,1897_66,.,.,1897,.,51678,человек,.,1.07,смертей,.,.,.,.,.,.,,,,число смертей,.,.,.,.,.,.,,,,.,"Отчеты о состоянии народного здравия и организации врачебной помощи в России за 1896-1901гг. Спб.,1905.",.,50-55,Павленко О.В.,.,1897
62,Саратовская губерния,1897_67,.,.,1897,.,89104,человек,.,1.07,смертей,.,.,.,.,.,.,,,,число смертей,.,.,.,.,.,.,,,,.,"Отчеты о состоянии народного здравия и организации врачебной помощи в России за 1896-1901гг. Спб.,1905.",.,50-55,Павленко О.В.,.,1897
63,Седлецкая губерния,1897_68,.,.,1897,.,19250,человек,.,1.07,смертей,.,.,.,.,.,.,,,,число смертей,.,.,.,.,.,.,,,,.,"Отчеты о состоянии народного здравия и организации врачебной помощи в России за 1896-1901гг. Спб.,1905.",.,20;25,Павленко О.В.,.,1897
64,Семипалатинская область,1897_69,.,.,1897,.,7693,человек,.,1.07,смертей,.,.,.,.,.,.,,,,число смертей,.,.,.,.,.,.,,,,.,"Отчеты о состоянии народного здравия и организации врачебной помощи в России за 1896-1901гг. Спб.,1905.",.,86-91,Павленко О.В.,.,1897
65,Семиреченская область,1897_70,.,.,1897,.,16758,человек,.,1.07,смертей,.,.,.,.,.,.,,,,число смертей,.,.,.,.,.,.,,,,.,"Отчеты о состоянии народного здравия и организации врачебной помощи в России за 1896-1901гг. Спб.,1905.",.,86-91,Павленко О.В.,.,1897
66,Симбирская губерния,1897_71,.,.,1897,.,52878,человек,.,1.07,смертей,.,.,.,.,.,.,,,,число смертей,.,.,.,.,.,.,,,,.,"Отчеты о состоянии народного здравия и организации врачебной помощи в России за 1896-1901гг. Спб.,1905.",.,50-55,Павленко О.В.,.,1897
67,Смоленская губерния,1897_72,.,.,1897,.,63300,человек,.,1.07,смертей,.,.,.,.,.,.,,,,число смертей,.,.,.,.,.,.,,,,.,"Отчеты о состоянии народного здравия и организации врачебной помощи в России за 1896-1901гг. Спб.,1905.",.,50-55,Павленко О.В.,.,1897
68,Ставропольская губерния,1897_73,.,.,1897,.,35918,человек,.,1.07,смертей,.,.,.,.,.,.,,,,число смертей,.,.,.,.,.,.,,,,.,"Отчеты о состоянии народного здравия и организации врачебной помощи в России за 1896-1901гг. Спб.,1905.",.,68-73,Павленко О.В.,.,1897
69,Сувалкская губерния,1897_74,.,.,1897,.,17090,человек,.,1.07,смертей,.,.,.,.,.,.,,,,число смертей,.,.,.,.,.,.,,,,.,"Отчеты о состоянии народного здравия и организации врачебной помощи в России за 1896-1901гг. Спб.,1905.",.,20;25,Павленко О.В.,.,1897
70,Сырдарьинская область,1897_75,.,.,1897,.,10970,человек,.,1.07,смертей,.,.,.,.,.,.,,,,число смертей,.,.,.,.,.,.,,,,.,"Отчеты о состоянии народного здравия и организации врачебной помощи в России за 1896-1901гг. Спб.,1905.",.,92-97,Павленко О.В.,.,1897
71,Таврическая губерния,1897_77,.,.,1897,.,32475,человек,.,1.07,смертей,.,.,.,.,.,.,,,,число смертей,.,.,.,.,.,.,,,,.,"Отчеты о состоянии народного здравия и организации врачебной помощи в России за 1896-1901гг. Спб.,1905.",.,50-55,Павленко О.В.,.,1897
72,Тамбовская губерния,1897_78,.,.,1897,.,90037,человек,.,1.07,смертей,.,.,.,.,.,.,,,,число смертей,.,.,.,.,.,.,,,,.,"Отчеты о состоянии народного здравия и организации врачебной помощи в России за 1896-1901гг. Спб.,1905.",.,56-61,Павленко О.В.,.,1897
73,Тверская губерния,1897_79,.,.,1897,.,64180,человек,.,1.07,смертей,.,.,.,.,.,.,,,,число смертей,.,.,.,.,.,.,,,,.,"Отчеты о состоянии народного здравия и организации врачебной помощи в России за 1896-1901гг. Спб.,1905.",.,56-61,Павленко О.В.,.,1897
74,Терская область,1897_80,.,.,1897,.,20846,человек,.,1.07,смертей,.,.,.,.,.,.,,,,число смертей,.,.,.,.,.,.,,,,.,"Отчеты о состоянии народного здравия и организации врачебной помощи в России за 1896-1901гг. Спб.,1905.",.,74-79,Павленко О.В.,.,1897
75,Тифлисская губерния вкл. Закатальский округ,1897_81,.,.,1897,.,22080,человек,.,1.07,смертей,.,.,.,.,.,.,,,,число смертей,.,.,.,.,.,.,,,,.,"Отчеты о состоянии народного здравия и организации врачебной помощи в России за 1896-1901гг. Спб.,1905.",.,74-79,Павленко О.В.,.,1897
76,Тобольская губерния,1897_82,.,.,1897,.,55507,человек,.,1.07,смертей,.,.,.,.,.,.,,,,число смертей,.,.,.,.,.,.,,,,.,"Отчеты о состоянии народного здравия и организации врачебной помощи в России за 1896-1901гг. Спб.,1905.",.,80-85,Павленко О.В.,.,1897
77,Томская губерния,1897_83,.,.,1897,.,45178,человек,.,1.07,смертей,.,.,.,.,.,.,,,,число смертей,.,.,.,.,.,.,,,,.,"Отчеты о состоянии народного здравия и организации врачебной помощи в России за 1896-1901гг. Спб.,1905.",.,80-85,Павленко О.В.,.,1897
78,Тульская губерния,1897_84,.,.,1897,.,57747,человек,.,1.07,смертей,.,.,.,.,.,.,,,,число смертей,.,.,.,.,.,.,,,,.,"Отчеты о состоянии народного здравия и организации врачебной помощи в России за 1896-1901гг. Спб.,1905.",.,56-61,Павленко О.В.,.,1897
79,Тургайская область ,1897_85,.,.,1897,.,6325,человек,.,1.07,смертей,.,.,.,.,.,.,,,,число смертей,.,.,.,.,.,.,,,,.,"Отчеты о состоянии народного здравия и организации врачебной помощи в России за 1896-1901гг. Спб.,1905.",.,92-97,Павленко О.В.,.,1897
80,Уральская область,1897_87,.,.,1897,.,9941,человек,.,1.07,смертей,.,.,.,.,.,.,,,,число смертей,.,.,.,.,.,.,,,,.,"Отчеты о состоянии народного здравия и организации врачебной помощи в России за 1896-1901гг. Спб.,1905.",.,92-97,Павленко О.В.,.,1897
81,Уфимская губерния,1897_88,.,.,1897,.,61943,человек,.,1.07,смертей,.,.,.,.,.,.,,,,число смертей,.,.,.,.,.,.,,,,.,"Отчеты о состоянии народного здравия и организации врачебной помощи в России за 1896-1901гг. Спб.,1905.",.,56-61,Павленко О.В.,.,1897
82,Ферганская область,1897_89,.,.,1897,.,27267,человек,.,1.07,смертей,.,.,.,.,.,.,,,,число смертей,.,.,.,.,.,.,,,,.,"Отчеты о состоянии народного здравия и организации врачебной помощи в России за 1896-1901гг. Спб.,1905.",.,92-97,Павленко О.В.,.,1897
83,Харьковская губерния,1897_90,.,.,1897,.,78306,человек,.,1.07,смертей,.,.,.,.,.,.,,,,число смертей,.,.,.,.,.,.,,,,.,"Отчеты о состоянии народного здравия и организации врачебной помощи в России за 1896-1901гг. Спб.,1905.",.,56-61,Павленко О.В.,.,1897
84,Херсонская губерния,1897_91,.,.,1897,.,66782,человек,.,1.07,смертей,.,.,.,.,.,.,,,,число смертей,.,.,.,.,.,.,,,,.,"Отчеты о состоянии народного здравия и организации врачебной помощи в России за 1896-1901гг. Спб.,1905.",.,56-61,Павленко О.В.,.,1897
85,Черниговская губерния,1897_92,.,.,1897,.,71275,человек,.,1.07,смертей,.,.,.,.,.,.,,,,число смертей,.,.,.,.,.,.,,,,.,"Отчеты о состоянии народного здравия и организации врачебной помощи в России за 1896-1901гг. Спб.,1905.",.,62-69,Павленко О.В.,.,1897
86,Черноморская губерния,1897_93,.,.,1897,.,1664,человек,.,1.07,смертей,.,.,.,.,.,.,,,,число смертей,.,.,.,.,.,.,,,,.,"Отчеты о состоянии народного здравия и организации врачебной помощи в России за 1896-1901гг. Спб.,1905.",.,74-79,Павленко О.В.,.,1897
87,Эриванская губерния,1897_94,.,.,1897,.,14863,человек,.,1.07,смертей,.,.,.,.,.,.,,,,число смертей,.,.,.,.,.,.,,,,.,"Отчеты о состоянии народного здравия и организации врачебной помощи в России за 1896-1901гг. Спб.,1905.",.,74-79,Павленко О.В.,.,1897
88,Эстляндская губерния,1897_95,.,.,1897,.,8103,человек,.,1.07,смертей,.,.,.,.,.,.,,,,число смертей,.,.,.,.,.,.,,,,.,"Отчеты о состоянии народного здравия и организации врачебной помощи в России за 1896-1901гг. Спб.,1905.",.,26-31,Павленко О.В.,.,1897
89,Якутская область,1897_96,.,.,1897,.,6520,человек,.,1.07,смертей,.,.,.,.,.,.,,,,число смертей,.,.,.,.,.,.,,,,.,"Отчеты о состоянии народного здравия и организации врачебной помощи в России за 1896-1901гг. Спб.,1905.",.,80-85,Павленко О.В.,.,1897
90,Ярославская губерния,1897_97,.,.,1897,.,37108,человек,.,1.07,смертей,.,.,.,.,.,.,,,,число смертей,.,.,.,.,.,.,,,,.,"Отчеты о состоянии народного здравия и организации врачебной помощи в России за 1896-1901гг. Спб.,1905.",.,62-62,Павленко О.В.,.,1897
